"SpeciesCode","LifeStage","NumberOfFish","ID","EventID","LocationID","StartDate","FieldSeason","Latitude","Longitude","StreamNumber","Watershed","StreamName","ForkLength","FishWeight","FultonConditionFactor","RiverReach"
"SH","YoY",1,338072,14436,45,2020-07-29,2020,37.866513,-122.579249,"5","Redwood Creek","Redwood Creek Mainstem",61,3.86,1.70058286816958,NA
"SH","YoY",1,338073,14436,45,2020-07-29,2020,37.866513,-122.579249,"5","Redwood Creek","Redwood Creek Mainstem",59,2.34,1.13935699365563,NA
"SH","YoY",1,338074,14436,45,2020-07-29,2020,37.866513,-122.579249,"5","Redwood Creek","Redwood Creek Mainstem",51,0.96,0.72370355293213,NA
"SH","YoY",1,338075,14436,45,2020-07-29,2020,37.866513,-122.579249,"5","Redwood Creek","Redwood Creek Mainstem",58,2.12,1.08655541432613,NA
"SH","YoY",1,338076,14436,45,2020-07-29,2020,37.866513,-122.579249,"5","Redwood Creek","Redwood Creek Mainstem",62,2.77,1.16226377093753,NA
"SH","YoY",1,338077,14436,45,2020-07-29,2020,37.866513,-122.579249,"5","Redwood Creek","Redwood Creek Mainstem",56,2.91,1.65702441690962,NA
"SH","YoY",1,338078,14436,45,2020-07-29,2020,37.866513,-122.579249,"5","Redwood Creek","Redwood Creek Mainstem",65,3.48,1.26718252162039,NA
"SH","YoY",1,338079,14436,45,2020-07-29,2020,37.866513,-122.579249,"5","Redwood Creek","Redwood Creek Mainstem",80,5.48,1.0703125,NA
"SH","1+",1,338080,14436,45,2020-07-29,2020,37.866513,-122.579249,"5","Redwood Creek","Redwood Creek Mainstem",111,12.72,0.930075437014809,NA
"SH","YoY",1,338081,14436,45,2020-07-29,2020,37.866513,-122.579249,"5","Redwood Creek","Redwood Creek Mainstem",66,3.41,1.18610345883073,NA
"SH","YoY",1,338082,14436,45,2020-07-29,2020,37.866513,-122.579249,"5","Redwood Creek","Redwood Creek Mainstem",56,1.89,1.07621173469388,NA
"SH","YoY",1,338083,14436,45,2020-07-29,2020,37.866513,-122.579249,"5","Redwood Creek","Redwood Creek Mainstem",67,3.58,1.19030598843608,NA
"SH","1+",1,338085,14436,45,2020-07-29,2020,37.866513,-122.579249,"5","Redwood Creek","Redwood Creek Mainstem",141,28.9,1.03095688852217,NA
"SH","1+",1,338086,14436,45,2020-07-29,2020,37.866513,-122.579249,"5","Redwood Creek","Redwood Creek Mainstem",92,7.33,0.941326949946577,NA
"SH","YoY",1,338087,14436,45,2020-07-29,2020,37.866513,-122.579249,"5","Redwood Creek","Redwood Creek Mainstem",84,6.24,1.05280207321024,NA
"SH","1+",1,338088,14436,45,2020-07-29,2020,37.866513,-122.579249,"5","Redwood Creek","Redwood Creek Mainstem",95,9.31,1.08587257617729,NA
"SH","1+",1,338093,14436,45,2020-07-29,2020,37.866513,-122.579249,"5","Redwood Creek","Redwood Creek Mainstem",124,19.98,1.04792554798429,NA
"SH","1+",1,338094,14436,45,2020-07-29,2020,37.866513,-122.579249,"5","Redwood Creek","Redwood Creek Mainstem",109,14.3,1.10422237648732,NA
"SH","YoY",1,338095,14436,45,2020-07-29,2020,37.866513,-122.579249,"5","Redwood Creek","Redwood Creek Mainstem",56,NA,NA,NA
"SH","YoY",1,338096,14436,45,2020-07-29,2020,37.866513,-122.579249,"5","Redwood Creek","Redwood Creek Mainstem",64,3.22,1.22833251953125,NA
"SH","YoY",1,338099,14436,45,2020-07-29,2020,37.866513,-122.579249,"5","Redwood Creek","Redwood Creek Mainstem",52,1.58,1.12369139736004,NA
"SH","1+",1,338100,14436,45,2020-07-29,2020,37.866513,-122.579249,"5","Redwood Creek","Redwood Creek Mainstem",121,17.01,0.960170155021475,NA
"SH","YoY",1,338101,14436,45,2020-07-29,2020,37.866513,-122.579249,"5","Redwood Creek","Redwood Creek Mainstem",66,NA,NA,NA
"SH","1+",1,338102,14436,45,2020-07-29,2020,37.866513,-122.579249,"5","Redwood Creek","Redwood Creek Mainstem",122,19.74,1.08709539564986,NA
"SH","1+",1,338103,14436,45,2020-07-29,2020,37.866513,-122.579249,"5","Redwood Creek","Redwood Creek Mainstem",124,20.81,1.09145799066832,NA
"SH","1+",1,338104,14436,45,2020-07-29,2020,37.866513,-122.579249,"5","Redwood Creek","Redwood Creek Mainstem",106,12.82,1.07639192084741,NA
"SH","YoY",1,338106,14436,45,2020-07-29,2020,37.866513,-122.579249,"5","Redwood Creek","Redwood Creek Mainstem",64,3.89,1.48391723632812,NA
"SH","1+",1,338107,14436,45,2020-07-29,2020,37.866513,-122.579249,"5","Redwood Creek","Redwood Creek Mainstem",96,9.59,1.08393916377315,NA
"SH","YoY",1,338116,14436,45,2020-07-29,2020,37.866513,-122.579249,"5","Redwood Creek","Redwood Creek Mainstem",85,7.04,1.14634642784449,NA
"SH","1+",1,338117,14436,45,2020-07-29,2020,37.866513,-122.579249,"5","Redwood Creek","Redwood Creek Mainstem",97,10.8,1.18333729605236,NA
"SH","YoY",1,338118,14436,45,2020-07-29,2020,37.866513,-122.579249,"5","Redwood Creek","Redwood Creek Mainstem",62,2.78,1.16645966902756,NA
"SH","1+",1,338119,14436,45,2020-07-29,2020,37.866513,-122.579249,"5","Redwood Creek","Redwood Creek Mainstem",141,28.47,1.01561739156492,NA
"SH","YoY",1,338120,14436,45,2020-07-29,2020,37.866513,-122.579249,"5","Redwood Creek","Redwood Creek Mainstem",72,4.93,1.32083762002743,NA
"SH","1+",1,338121,14436,45,2020-07-29,2020,37.866513,-122.579249,"5","Redwood Creek","Redwood Creek Mainstem",115,16.39,1.07766910495603,NA
"SH","YoY",1,338122,14436,45,2020-07-29,2020,37.866513,-122.579249,"5","Redwood Creek","Redwood Creek Mainstem",58,2.34,1.19931116486941,NA
"SH","1+",1,338123,14436,45,2020-07-29,2020,37.866513,-122.579249,"5","Redwood Creek","Redwood Creek Mainstem",97,NA,NA,NA
"SH","YoY",1,338124,14436,45,2020-07-29,2020,37.866513,-122.579249,"5","Redwood Creek","Redwood Creek Mainstem",76,NA,NA,NA
"SH","YoY",1,338125,14436,45,2020-07-29,2020,37.866513,-122.579249,"5","Redwood Creek","Redwood Creek Mainstem",49,1.44,1.22397980433323,NA
"SH","YoY",10,338130,14436,45,2020-07-29,2020,37.866513,-122.579249,"5","Redwood Creek","Redwood Creek Mainstem",NA,NA,NA,NA
"SH","YoY",5,338133,14436,45,2020-07-29,2020,37.866513,-122.579249,"5","Redwood Creek","Redwood Creek Mainstem",NA,NA,NA,NA
"SH","1+",2,338134,14436,45,2020-07-29,2020,37.866513,-122.579249,"5","Redwood Creek","Redwood Creek Mainstem",NA,NA,NA,NA
"SH","YoY",1,338138,14437,2,2020-07-29,2020,37.86978,-122.58167,"10","Redwood Creek","Redwood Creek Mainstem",66,3.07,1.067840943874,"PacificWay"
"SH","YoY",1,338139,14437,2,2020-07-29,2020,37.86978,-122.58167,"10","Redwood Creek","Redwood Creek Mainstem",55,2.26,1.35837716003005,"PacificWay"
"SH","YoY",1,338140,14437,2,2020-07-29,2020,37.86978,-122.58167,"10","Redwood Creek","Redwood Creek Mainstem",78,5.41,1.14002258972673,"PacificWay"
"SH","1+",1,338141,14437,2,2020-07-29,2020,37.86978,-122.58167,"10","Redwood Creek","Redwood Creek Mainstem",106,11.94,1.00250542394057,"PacificWay"
"SH","YoY",1,338142,14437,2,2020-07-29,2020,37.86978,-122.58167,"10","Redwood Creek","Redwood Creek Mainstem",41,0.82,1.18976799524093,"PacificWay"
"SH","YoY",1,338143,14437,2,2020-07-29,2020,37.86978,-122.58167,"10","Redwood Creek","Redwood Creek Mainstem",61,2.75,1.21155515219336,"PacificWay"
"SH","YoY",1,338144,14437,2,2020-07-29,2020,37.86978,-122.58167,"10","Redwood Creek","Redwood Creek Mainstem",53,1.74,1.16875004198096,"PacificWay"
"SH","YoY",1,338145,14437,2,2020-07-29,2020,37.86978,-122.58167,"10","Redwood Creek","Redwood Creek Mainstem",44,0.73,0.856968444778362,"PacificWay"
"SH","YoY",1,338146,14437,2,2020-07-29,2020,37.86978,-122.58167,"10","Redwood Creek","Redwood Creek Mainstem",69,3.96,1.20544642612531,"PacificWay"
"SH","YoY",1,338147,14437,2,2020-07-29,2020,37.86978,-122.58167,"10","Redwood Creek","Redwood Creek Mainstem",51,NA,NA,"PacificWay"
"SH","YoY",1,338149,14437,2,2020-07-29,2020,37.86978,-122.58167,"10","Redwood Creek","Redwood Creek Mainstem",50,1.31,1.048,"PacificWay"
"SH","YoY",1,338151,14437,2,2020-07-29,2020,37.86978,-122.58167,"10","Redwood Creek","Redwood Creek Mainstem",48,1.48,1.33825231481481,"PacificWay"
"SH","1+",1,338152,14437,2,2020-07-29,2020,37.86978,-122.58167,"10","Redwood Creek","Redwood Creek Mainstem",95,10.17,1.18617874325703,"PacificWay"
"SH","YoY",1,338153,14437,2,2020-07-29,2020,37.86978,-122.58167,"10","Redwood Creek","Redwood Creek Mainstem",66,3.08,1.07131925313743,"PacificWay"
"SH","1+",1,338160,14438,6,2020-07-29,2020,37.872729,-122.582945,"14","Redwood Creek","Redwood Creek Mainstem",119,17.03,1.0105871315407,"PacificWay"
"SH","YoY",1,338165,14438,6,2020-07-29,2020,37.872729,-122.582945,"14","Redwood Creek","Redwood Creek Mainstem",54,1.59,1.00975461057766,"PacificWay"
"SH","YoY",1,338168,14438,6,2020-07-29,2020,37.872729,-122.582945,"14","Redwood Creek","Redwood Creek Mainstem",66,2.98,1.0365361605031,"PacificWay"
"SH","YoY",1,338169,14438,6,2020-07-29,2020,37.872729,-122.582945,"14","Redwood Creek","Redwood Creek Mainstem",48,1.16,1.04890046296296,"PacificWay"
"SH","YoY",1,338170,14438,6,2020-07-29,2020,37.872729,-122.582945,"14","Redwood Creek","Redwood Creek Mainstem",60,2.52,1.16666666666667,"PacificWay"
"SH","YoY",1,338171,14438,6,2020-07-29,2020,37.872729,-122.582945,"14","Redwood Creek","Redwood Creek Mainstem",44,0.67,0.786532682193839,"PacificWay"
"SH","YoY",1,338176,14438,6,2020-07-29,2020,37.872729,-122.582945,"14","Redwood Creek","Redwood Creek Mainstem",41,0.96,1.39289911637962,"PacificWay"
"SH","YoY",1,338191,14439,13,2020-07-30,2020,37.876118,-122.58216,"20","Redwood Creek","Redwood Creek Mainstem",46,0.82,0.842442672803485,"PacificWay"
"SH","1+",1,338192,14439,13,2020-07-30,2020,37.876118,-122.58216,"20","Redwood Creek","Redwood Creek Mainstem",115,15.11,0.993507027204734,"PacificWay"
"SH","YoY",1,338193,14439,13,2020-07-30,2020,37.876118,-122.58216,"20","Redwood Creek","Redwood Creek Mainstem",58,2.34,1.19931116486941,"PacificWay"
"SH","YoY",1,338195,14439,13,2020-07-30,2020,37.876118,-122.58216,"20","Redwood Creek","Redwood Creek Mainstem",74,4.75,1.17219118314809,"PacificWay"
"SH","YoY",1,338196,14439,13,2020-07-30,2020,37.876118,-122.58216,"20","Redwood Creek","Redwood Creek Mainstem",42,0.52,0.701868048806824,"PacificWay"
"SH","YoY",1,338197,14439,13,2020-07-30,2020,37.876118,-122.58216,"20","Redwood Creek","Redwood Creek Mainstem",66,2.93,1.01914461418594,"PacificWay"
"SH","YoY",1,338198,14439,13,2020-07-30,2020,37.876118,-122.58216,"20","Redwood Creek","Redwood Creek Mainstem",66,3.13,1.0887107994546,"PacificWay"
"SH","YoY",1,338199,14439,13,2020-07-30,2020,37.876118,-122.58216,"20","Redwood Creek","Redwood Creek Mainstem",62,2.48,1.04058272632674,"PacificWay"
"SH","YoY",1,338200,14439,13,2020-07-30,2020,37.876118,-122.58216,"20","Redwood Creek","Redwood Creek Mainstem",61,2.37,1.04414025843573,"PacificWay"
"SH","YoY",1,338201,14439,13,2020-07-30,2020,37.876118,-122.58216,"20","Redwood Creek","Redwood Creek Mainstem",39,NA,NA,"PacificWay"
"SH","YoY",1,338202,14439,13,2020-07-30,2020,37.876118,-122.58216,"20","Redwood Creek","Redwood Creek Mainstem",61,2.47,1.08819680942458,"PacificWay"
"SH","YoY",1,338212,14439,13,2020-07-30,2020,37.876118,-122.58216,"20","Redwood Creek","Redwood Creek Mainstem",66,3.26,1.13392881987923,"PacificWay"
"SH","1+",1,338213,14439,13,2020-07-30,2020,37.876118,-122.58216,"20","Redwood Creek","Redwood Creek Mainstem",98,10.12,1.07523225866773,"PacificWay"
"SH","YoY",1,338214,14439,13,2020-07-30,2020,37.876118,-122.58216,"20","Redwood Creek","Redwood Creek Mainstem",62,2.79,1.17065556711759,"PacificWay"
"SH","YoY",1,338216,14439,13,2020-07-30,2020,37.876118,-122.58216,"20","Redwood Creek","Redwood Creek Mainstem",64,3.06,1.16729736328125,"PacificWay"
"SH","YoY",1,338217,14439,13,2020-07-30,2020,37.876118,-122.58216,"20","Redwood Creek","Redwood Creek Mainstem",54,1.5,0.952598689224204,"PacificWay"
"SH","YoY",1,338218,14439,13,2020-07-30,2020,37.876118,-122.58216,"20","Redwood Creek","Redwood Creek Mainstem",67,3.4,1.13045820130801,"PacificWay"
"SH","YoY",1,338219,14439,13,2020-07-30,2020,37.876118,-122.58216,"20","Redwood Creek","Redwood Creek Mainstem",44,0.79,0.927404207362885,"PacificWay"
"SH","YoY",1,338220,14439,13,2020-07-30,2020,37.876118,-122.58216,"20","Redwood Creek","Redwood Creek Mainstem",68,3.37,1.07177386525544,"PacificWay"
"SH","YoY",1,338221,14439,13,2020-07-30,2020,37.876118,-122.58216,"20","Redwood Creek","Redwood Creek Mainstem",50,1.24,0.992,"PacificWay"
"SH","YoY",1,338222,14439,13,2020-07-30,2020,37.876118,-122.58216,"20","Redwood Creek","Redwood Creek Mainstem",70,3.33,0.970845481049563,"PacificWay"
"SH","YoY",1,338223,14439,13,2020-07-30,2020,37.876118,-122.58216,"20","Redwood Creek","Redwood Creek Mainstem",58,2.02,1.03530280044282,"PacificWay"
"SH","YoY",1,338232,14439,13,2020-07-30,2020,37.876118,-122.58216,"20","Redwood Creek","Redwood Creek Mainstem",42,1.07,1.44422848504481,"PacificWay"
"SH","1+",1,338233,14439,13,2020-07-30,2020,37.876118,-122.58216,"20","Redwood Creek","Redwood Creek Mainstem",95,9.59,1.1185303980172,"PacificWay"
"SH","YoY",1,338234,14439,13,2020-07-30,2020,37.876118,-122.58216,"20","Redwood Creek","Redwood Creek Mainstem",76,5.01,1.14129246245808,"PacificWay"
"SH","YoY",1,338235,14439,13,2020-07-30,2020,37.876118,-122.58216,"20","Redwood Creek","Redwood Creek Mainstem",51,1.31,0.987553806605303,"PacificWay"
"SH","YoY",1,338236,14439,13,2020-07-30,2020,37.876118,-122.58216,"20","Redwood Creek","Redwood Creek Mainstem",68,3.07,0.976363728882556,"PacificWay"
"SH","YoY",23,338243,14439,13,2020-07-30,2020,37.876118,-122.58216,"20","Redwood Creek","Redwood Creek Mainstem",NA,NA,NA,"PacificWay"
"SH","YoY",1,338248,14440,17,2020-07-30,2020,37.877861,-122.579412,"24","Redwood Creek","Redwood Creek Mainstem",51,1.09,0.821705075725023,"PacificWay"
"SH","YoY",1,338249,14440,17,2020-07-30,2020,37.877861,-122.579412,"24","Redwood Creek","Redwood Creek Mainstem",55,1.37,0.823441021788129,"PacificWay"
"SH","YoY",1,338250,14440,17,2020-07-30,2020,37.877861,-122.579412,"24","Redwood Creek","Redwood Creek Mainstem",73,5.33,1.37012007187347,"PacificWay"
"SH","YoY",1,338252,14440,17,2020-07-30,2020,37.877861,-122.579412,"24","Redwood Creek","Redwood Creek Mainstem",66,3.55,1.2347997885188,"PacificWay"
"SH","YoY",1,338256,14440,17,2020-07-30,2020,37.877861,-122.579412,"24","Redwood Creek","Redwood Creek Mainstem",65,3.4,1.23805188893946,"PacificWay"
"SH","YoY",1,338258,14440,17,2020-07-30,2020,37.877861,-122.579412,"24","Redwood Creek","Redwood Creek Mainstem",75,4.86,1.152,"PacificWay"
"SH","YoY",1,338263,14440,17,2020-07-30,2020,37.877861,-122.579412,"24","Redwood Creek","Redwood Creek Mainstem",51,2.18,1.64341015145005,"PacificWay"
"SH","1+",1,338264,14440,17,2020-07-30,2020,37.877861,-122.579412,"24","Redwood Creek","Redwood Creek Mainstem",143,31.44,1.07516328358423,"PacificWay"
"SH","1+",1,338265,14440,17,2020-07-30,2020,37.877861,-122.579412,"24","Redwood Creek","Redwood Creek Mainstem",123,18.98,1.01995467704033,"PacificWay"
"SH","YoY",1,338267,14440,17,2020-07-30,2020,37.877861,-122.579412,"24","Redwood Creek","Redwood Creek Mainstem",43,0.99,1.24517338096017,"PacificWay"
"SH","1+",1,338270,14440,17,2020-07-30,2020,37.877861,-122.579412,"24","Redwood Creek","Redwood Creek Mainstem",103,11.31,1.03502521672842,"PacificWay"
"SH","1+",1,338271,14440,17,2020-07-30,2020,37.877861,-122.579412,"24","Redwood Creek","Redwood Creek Mainstem",112,14.66,1.04346984329446,"PacificWay"
"SH","YoY",1,338277,14441,22,2020-07-30,2020,37.880695,-122.57684,"29","Redwood Creek","Redwood Creek Mainstem",43,0.93,1.16970832756864,"PacificWay"
"SH","YoY",1,338278,14441,22,2020-07-30,2020,37.880695,-122.57684,"29","Redwood Creek","Redwood Creek Mainstem",42,0.72,0.971817298347911,"PacificWay"
"SH","YoY",1,338279,14441,22,2020-07-30,2020,37.880695,-122.57684,"29","Redwood Creek","Redwood Creek Mainstem",59,2.3,1.11988080572989,"PacificWay"
"SH","YoY",1,338280,14441,22,2020-07-30,2020,37.880695,-122.57684,"29","Redwood Creek","Redwood Creek Mainstem",56,2.54,1.44633746355685,"PacificWay"
"SH","YoY",1,338281,14441,22,2020-07-30,2020,37.880695,-122.57684,"29","Redwood Creek","Redwood Creek Mainstem",44,1.35,1.58480465815177,"PacificWay"
"SH","YoY",1,338287,14441,22,2020-07-30,2020,37.880695,-122.57684,"29","Redwood Creek","Redwood Creek Mainstem",51,1.89,1.42479136983513,"PacificWay"
"SH","YoY",1,338288,14441,22,2020-07-30,2020,37.880695,-122.57684,"29","Redwood Creek","Redwood Creek Mainstem",66,3.59,1.24871302557253,"PacificWay"
"SH","YoY",1,338289,14441,22,2020-07-30,2020,37.880695,-122.57684,"29","Redwood Creek","Redwood Creek Mainstem",56,2.47,1.4064777696793,"PacificWay"
"SH","YoY",1,338291,14441,22,2020-07-30,2020,37.880695,-122.57684,"29","Redwood Creek","Redwood Creek Mainstem",55,1.56,0.937640871525169,"PacificWay"
"SH","YoY",1,338292,14441,22,2020-07-30,2020,37.880695,-122.57684,"29","Redwood Creek","Redwood Creek Mainstem",66,3.62,1.25914795336283,"PacificWay"
"SH","1+",1,338293,14441,22,2020-07-30,2020,37.880695,-122.57684,"29","Redwood Creek","Redwood Creek Mainstem",116,18.25,1.16920025421296,"PacificWay"
"SH","1+",1,338294,14441,22,2020-07-30,2020,37.880695,-122.57684,"29","Redwood Creek","Redwood Creek Mainstem",116,17.13,1.09744659477633,"PacificWay"
"SH","YoY",1,338295,14441,22,2020-07-30,2020,37.880695,-122.57684,"29","Redwood Creek","Redwood Creek Mainstem",39,NA,NA,"PacificWay"
"SH","YoY",1,338296,14441,22,2020-07-30,2020,37.880695,-122.57684,"29","Redwood Creek","Redwood Creek Mainstem",47,1.63,1.56997967695019,"PacificWay"
"SH","YoY",1,338303,14442,25,2020-07-30,2020,37.881622,-122.575398,"31","Redwood Creek","Redwood Creek Mainstem",68,3.36,1.06859352737635,"KentCreekTrail"
"SH","YoY",1,338304,14442,25,2020-07-30,2020,37.881622,-122.575398,"31","Redwood Creek","Redwood Creek Mainstem",62,3.22,1.35107918498876,"KentCreekTrail"
"SH","YoY",1,338305,14442,25,2020-07-30,2020,37.881622,-122.575398,"31","Redwood Creek","Redwood Creek Mainstem",60,3.12,1.44444444444444,"KentCreekTrail"
"SH","YoY",1,338306,14442,25,2020-07-30,2020,37.881622,-122.575398,"31","Redwood Creek","Redwood Creek Mainstem",44,1.15,1.35001878287002,"KentCreekTrail"
"SH","YoY",1,338307,14442,25,2020-07-30,2020,37.881622,-122.575398,"31","Redwood Creek","Redwood Creek Mainstem",44,1.05,1.23262584522915,"KentCreekTrail"
"SH","1+",1,338308,14442,25,2020-07-30,2020,37.881622,-122.575398,"31","Redwood Creek","Redwood Creek Mainstem",143,32.08,1.09704955907704,"KentCreekTrail"
"SH","YoY",1,338309,14442,25,2020-07-30,2020,37.881622,-122.575398,"31","Redwood Creek","Redwood Creek Mainstem",66,3.54,1.23132147925536,"KentCreekTrail"
"SH","1+",1,338311,14442,25,2020-07-30,2020,37.881622,-122.575398,"31","Redwood Creek","Redwood Creek Mainstem",109,15.42,1.19070692625416,"KentCreekTrail"
"SH","1+",1,338314,14442,25,2020-07-30,2020,37.881622,-122.575398,"31","Redwood Creek","Redwood Creek Mainstem",118,18.45,1.12292396009329,"KentCreekTrail"
"SH","YoY",1,338329,14443,31,2020-08-03,2020,37.884512,-122.571257,"37","Redwood Creek","Redwood Creek Mainstem",61,2.43,1.07057418902904,"KentCreekTrail"
"SH","YoY",1,338330,14443,31,2020-08-03,2020,37.884512,-122.571257,"37","Redwood Creek","Redwood Creek Mainstem",73,4.21,1.08221491605765,"KentCreekTrail"
"SH","YoY",1,338331,14443,31,2020-08-03,2020,37.884512,-122.571257,"37","Redwood Creek","Redwood Creek Mainstem",76,4.19,0.954494095349176,"KentCreekTrail"
"SH","YoY",1,338333,14443,31,2020-08-03,2020,37.884512,-122.571257,"37","Redwood Creek","Redwood Creek Mainstem",67,3.17,1.05398602886658,"KentCreekTrail"
"SH","YoY",1,338335,14443,31,2020-08-03,2020,37.884512,-122.571257,"37","Redwood Creek","Redwood Creek Mainstem",73,3.71,0.95368582863988,"KentCreekTrail"
"SH","YoY",1,338345,14443,31,2020-08-03,2020,37.884512,-122.571257,"37","Redwood Creek","Redwood Creek Mainstem",50,1.44,1.152,"KentCreekTrail"
"SH","1+",1,338346,14443,31,2020-08-03,2020,37.884512,-122.571257,"37","Redwood Creek","Redwood Creek Mainstem",125,17.92,0.917504,"KentCreekTrail"
"SH","YoY",1,338354,14444,36,2020-08-03,2020,37.885311,-122.568115,"41","Redwood Creek","Redwood Creek Mainstem",84,6.64,1.12028938559551,"KentCreekTrail"
"SH","YoY",1,338355,14444,36,2020-08-03,2020,37.885311,-122.568115,"41","Redwood Creek","Redwood Creek Mainstem",62,2.2,0.923097579805982,"KentCreekTrail"
"SH","YoY",1,338356,14444,36,2020-08-03,2020,37.885311,-122.568115,"41","Redwood Creek","Redwood Creek Mainstem",54,1.61,1.02245592643398,"KentCreekTrail"
"SH","YoY",1,338357,14444,36,2020-08-03,2020,37.885311,-122.568115,"41","Redwood Creek","Redwood Creek Mainstem",71,3.48,0.9723087583226,"KentCreekTrail"
"SH","1+",1,338359,14444,36,2020-08-03,2020,37.885311,-122.568115,"41","Redwood Creek","Redwood Creek Mainstem",96,9.69,1.09524197048611,"KentCreekTrail"
"SH","YoY",1,338360,14444,36,2020-08-03,2020,37.885311,-122.568115,"41","Redwood Creek","Redwood Creek Mainstem",57,1.6,0.863963540738581,"KentCreekTrail"
"SH","YoY",1,338361,14444,36,2020-08-03,2020,37.885311,-122.568115,"41","Redwood Creek","Redwood Creek Mainstem",65,2.82,1.02685480200273,"KentCreekTrail"
"SH","YoY",1,338362,14444,36,2020-08-03,2020,37.885311,-122.568115,"41","Redwood Creek","Redwood Creek Mainstem",65,2.77,1.00864815657715,"KentCreekTrail"
"SH","YoY",1,338364,14444,36,2020-08-03,2020,37.885311,-122.568115,"41","Redwood Creek","Redwood Creek Mainstem",54,1.68,1.06691053193111,"KentCreekTrail"
"SH","YoY",1,338365,14444,36,2020-08-03,2020,37.885311,-122.568115,"41","Redwood Creek","Redwood Creek Mainstem",54,1.78,1.13041711121272,"KentCreekTrail"
"SH","YoY",1,338366,14444,36,2020-08-03,2020,37.885311,-122.568115,"41","Redwood Creek","Redwood Creek Mainstem",62,2.52,1.05736631868685,"KentCreekTrail"
"SH","1+",1,338367,14444,36,2020-08-03,2020,37.885311,-122.568115,"41","Redwood Creek","Redwood Creek Mainstem",128,20.99,1.00088119506836,"KentCreekTrail"
"SH","YoY",1,338368,14444,36,2020-08-03,2020,37.885311,-122.568115,"41","Redwood Creek","Redwood Creek Mainstem",71,3.42,0.955544814213589,"KentCreekTrail"
"SH","YoY",1,338369,14444,36,2020-08-03,2020,37.885311,-122.568115,"41","Redwood Creek","Redwood Creek Mainstem",64,2.63,1.00326538085938,"KentCreekTrail"
"SH","YoY",1,338370,14444,36,2020-08-03,2020,37.885311,-122.568115,"41","Redwood Creek","Redwood Creek Mainstem",54,1.41,0.895442767870751,"KentCreekTrail"
"SH","YoY",1,338371,14444,36,2020-08-03,2020,37.885311,-122.568115,"41","Redwood Creek","Redwood Creek Mainstem",64,3,1.1444091796875,"KentCreekTrail"
"SH","1+",1,338372,14444,36,2020-08-03,2020,37.885311,-122.568115,"41","Redwood Creek","Redwood Creek Mainstem",136,26.37,1.04831887339711,"KentCreekTrail"
"SH","YoY",1,338373,14444,36,2020-08-03,2020,37.885311,-122.568115,"41","Redwood Creek","Redwood Creek Mainstem",76,4.62,1.05244933663799,"KentCreekTrail"
"SH","YoY",1,338374,14444,36,2020-08-03,2020,37.885311,-122.568115,"41","Redwood Creek","Redwood Creek Mainstem",77,4.84,1.06016432547045,"KentCreekTrail"
"SH","1+",1,338375,14444,36,2020-08-03,2020,37.885311,-122.568115,"41","Redwood Creek","Redwood Creek Mainstem",126,20.69,1.0343055505565,"KentCreekTrail"
"SH","YoY",1,338376,14444,36,2020-08-03,2020,37.885311,-122.568115,"41","Redwood Creek","Redwood Creek Mainstem",78,5.32,1.12105733407509,"KentCreekTrail"
"SH","YoY",1,338378,14444,36,2020-08-03,2020,37.885311,-122.568115,"41","Redwood Creek","Redwood Creek Mainstem",64,2.85,1.08718872070312,"KentCreekTrail"
"SH","YoY",1,338380,14444,36,2020-08-03,2020,37.885311,-122.568115,"41","Redwood Creek","Redwood Creek Mainstem",72,3.47,0.929676783264746,"KentCreekTrail"
"SH","YoY",1,338381,14444,36,2020-08-03,2020,37.885311,-122.568115,"41","Redwood Creek","Redwood Creek Mainstem",72,4.06,1.08774862825789,"KentCreekTrail"
"SH","YoY",1,338382,14444,36,2020-08-03,2020,37.885311,-122.568115,"41","Redwood Creek","Redwood Creek Mainstem",68,3.19,1.01452778343171,"KentCreekTrail"
"SH","YoY",1,338383,14444,36,2020-08-03,2020,37.885311,-122.568115,"41","Redwood Creek","Redwood Creek Mainstem",55,1.3,0.781367392937641,"KentCreekTrail"
"SH","YoY",1,338384,14444,36,2020-08-03,2020,37.885311,-122.568115,"41","Redwood Creek","Redwood Creek Mainstem",64,2.48,0.946044921875,"KentCreekTrail"
"SH","YoY",1,338385,14444,36,2020-08-03,2020,37.885311,-122.568115,"41","Redwood Creek","Redwood Creek Mainstem",65,3.16,1.15065999089668,"KentCreekTrail"
"SH","1+",1,338386,14444,36,2020-08-03,2020,37.885311,-122.568115,"41","Redwood Creek","Redwood Creek Mainstem",112,13.6,0.968021137026239,"KentCreekTrail"
"SH","YoY",1,338387,14444,36,2020-08-03,2020,37.885311,-122.568115,"41","Redwood Creek","Redwood Creek Mainstem",59,1.8,0.876428456658178,"KentCreekTrail"
"SH","YoY",1,338388,14444,36,2020-08-03,2020,37.885311,-122.568115,"41","Redwood Creek","Redwood Creek Mainstem",67,3.41,1.13378307837068,"KentCreekTrail"
"SH","1+",1,338389,14444,36,2020-08-03,2020,37.885311,-122.568115,"41","Redwood Creek","Redwood Creek Mainstem",114,16.45,1.11032814415232,"KentCreekTrail"
"SH","1+",1,338390,14444,36,2020-08-03,2020,37.885311,-122.568115,"41","Redwood Creek","Redwood Creek Mainstem",113,15.11,1.0471987952016,"KentCreekTrail"
"SH","1+",1,338391,14444,36,2020-08-03,2020,37.885311,-122.568115,"41","Redwood Creek","Redwood Creek Mainstem",98,10.75,1.14216865421721,"KentCreekTrail"
"SH","1+",1,338392,14444,36,2020-08-03,2020,37.885311,-122.568115,"41","Redwood Creek","Redwood Creek Mainstem",111,14.6,1.06753941669939,"KentCreekTrail"
"SH","1+",1,338393,14444,36,2020-08-03,2020,37.885311,-122.568115,"41","Redwood Creek","Redwood Creek Mainstem",100,11.39,1.139,"KentCreekTrail"
"SH","1+",1,338395,14444,36,2020-08-03,2020,37.885311,-122.568115,"41","Redwood Creek","Redwood Creek Mainstem",98,10.32,1.09648190804852,"KentCreekTrail"
"SH","YoY",21,338397,14444,36,2020-08-03,2020,37.885311,-122.568115,"41","Redwood Creek","Redwood Creek Mainstem",NA,NA,NA,"KentCreekTrail"
"SH","YoY",1,338402,14445,70,2020-08-11,2020,37.902869,-122.584561,"72","Redwood Creek","Redwood Creek Mainstem",64,2.97,1.13296508789062,"Foot4"
"SH","YoY",1,338403,14445,70,2020-08-11,2020,37.902869,-122.584561,"72","Redwood Creek","Redwood Creek Mainstem",57,2.02,1.09075397018246,"Foot4"
"SH","YoY",1,338409,14445,70,2020-08-11,2020,37.902869,-122.584561,"72","Redwood Creek","Redwood Creek Mainstem",89,7.89,1.11919814913847,"Foot4"
"SH","YoY",1,338410,14445,70,2020-08-11,2020,37.902869,-122.584561,"72","Redwood Creek","Redwood Creek Mainstem",70,4.69,1.36734693877551,"Foot4"
"SH","YoY",1,338411,14445,70,2020-08-11,2020,37.902869,-122.584561,"72","Redwood Creek","Redwood Creek Mainstem",81,6,1.12900585389535,"Foot4"
"SH","YoY",1,338412,14445,70,2020-08-11,2020,37.902869,-122.584561,"72","Redwood Creek","Redwood Creek Mainstem",62,2.92,1.22520224228794,"Foot4"
"SH","YoY",1,338413,14445,70,2020-08-11,2020,37.902869,-122.584561,"72","Redwood Creek","Redwood Creek Mainstem",59,2.07,1.0078927251569,"Foot4"
"SH","YoY",1,338414,14445,70,2020-08-11,2020,37.902869,-122.584561,"72","Redwood Creek","Redwood Creek Mainstem",56,1.95,1.11037718658892,"Foot4"
"SH","YoY",1,338425,14445,70,2020-08-11,2020,37.902869,-122.584561,"72","Redwood Creek","Redwood Creek Mainstem",88,8.23,1.20767984598047,"Foot4"
"SH","YoY",1,338426,14445,70,2020-08-11,2020,37.902869,-122.584561,"72","Redwood Creek","Redwood Creek Mainstem",75,4.99,1.18281481481481,"Foot4"
"SH","YoY",1,338429,14445,70,2020-08-11,2020,37.902869,-122.584561,"72","Redwood Creek","Redwood Creek Mainstem",49,1.46,1.24097952383786,"Foot4"
"SH","YoY",1,338430,14445,70,2020-08-11,2020,37.902869,-122.584561,"72","Redwood Creek","Redwood Creek Mainstem",59,1.97,0.959202255342562,"Foot4"
"SH","YoY",1,338431,14445,70,2020-08-11,2020,37.902869,-122.584561,"72","Redwood Creek","Redwood Creek Mainstem",54,1.74,1.10501447950008,"Foot4"
"SH","YoY",1,338432,14445,70,2020-08-11,2020,37.902869,-122.584561,"72","Redwood Creek","Redwood Creek Mainstem",84,5.8,0.978566029586438,"Foot4"
"SH","YoY",1,338433,14446,58,2020-08-11,2020,37.897776,-122.57541,"61","Redwood Creek","Redwood Creek Mainstem",61,2.18,0.960432811556914,"Dipsea"
"SH","YoY",1,338434,14446,58,2020-08-11,2020,37.897776,-122.57541,"61","Redwood Creek","Redwood Creek Mainstem",52,1.42,1.00989986345016,"Dipsea"
"SH","YoY",1,338436,14446,58,2020-08-11,2020,37.897776,-122.57541,"61","Redwood Creek","Redwood Creek Mainstem",53,1.74,1.16875004198096,"Dipsea"
"SH","YoY",1,338437,14447,57,2020-08-11,2020,37.896938,-122.575001,"60","Redwood Creek","Redwood Creek Mainstem",46,1.05,1.07873756883373,"Dipsea"
"SH","YoY",1,338438,14447,57,2020-08-11,2020,37.896938,-122.575001,"60","Redwood Creek","Redwood Creek Mainstem",60,2.31,1.06944444444444,"Dipsea"
"SH","YoY",1,338439,14447,57,2020-08-11,2020,37.896938,-122.575001,"60","Redwood Creek","Redwood Creek Mainstem",52,1.26,0.896108329540282,"Dipsea"
"CO","YoY",1,338440,14447,57,2020-08-11,2020,37.896938,-122.575001,"60","Redwood Creek","Redwood Creek Mainstem",91,7.93,1.05232287335898,"Dipsea"
"SH","YoY",1,338441,14447,57,2020-08-11,2020,37.896938,-122.575001,"60","Redwood Creek","Redwood Creek Mainstem",46,1,1.02736911317498,"Dipsea"
"SH","YoY",1,338442,14447,57,2020-08-11,2020,37.896938,-122.575001,"60","Redwood Creek","Redwood Creek Mainstem",55,1.7,1.02178812922615,"Dipsea"
"SH","1+",1,338443,14447,57,2020-08-11,2020,37.896938,-122.575001,"60","Redwood Creek","Redwood Creek Mainstem",121,17.54,0.990087273314326,"Dipsea"
"SH","YoY",1,338444,14447,57,2020-08-11,2020,37.896938,-122.575001,"60","Redwood Creek","Redwood Creek Mainstem",76,5.53,1.25974996355154,"Dipsea"
"SH","YoY",1,338445,14447,57,2020-08-11,2020,37.896938,-122.575001,"60","Redwood Creek","Redwood Creek Mainstem",53,1.51,1.01426009390302,"Dipsea"
"SH","1+",1,338446,14447,57,2020-08-11,2020,37.896938,-122.575001,"60","Redwood Creek","Redwood Creek Mainstem",93,8.2,1.01944783224364,"Dipsea"
"SH","1+",1,338447,14447,57,2020-08-11,2020,37.896938,-122.575001,"60","Redwood Creek","Redwood Creek Mainstem",102,11.44,1.07801675072182,"Dipsea"
"SH","YoY",1,338448,14447,57,2020-08-11,2020,37.896938,-122.575001,"60","Redwood Creek","Redwood Creek Mainstem",52,1.64,1.16636322257624,"Dipsea"
"SH","YoY",1,338449,14447,57,2020-08-11,2020,37.896938,-122.575001,"60","Redwood Creek","Redwood Creek Mainstem",86,6.76,1.06279950193065,"Dipsea"
"SH","YoY",1,338456,14447,57,2020-08-11,2020,37.896938,-122.575001,"60","Redwood Creek","Redwood Creek Mainstem",55,1.75,1.05184072126221,"Dipsea"
"SH","YoY",1,338457,14447,57,2020-08-11,2020,37.896938,-122.575001,"60","Redwood Creek","Redwood Creek Mainstem",60,2.26,1.0462962962963,"Dipsea"
"SH","YoY",1,338458,14447,57,2020-08-11,2020,37.896938,-122.575001,"60","Redwood Creek","Redwood Creek Mainstem",46,0.99,1.01709542204323,"Dipsea"
"SH","YoY",1,338459,14447,57,2020-08-11,2020,37.896938,-122.575001,"60","Redwood Creek","Redwood Creek Mainstem",54,1.46,0.927196057511558,"Dipsea"
"SH","1+",1,338460,14447,57,2020-08-11,2020,37.896938,-122.575001,"60","Redwood Creek","Redwood Creek Mainstem",133,21.73,0.923644404130344,"Dipsea"
"SH","YoY",1,338462,14447,57,2020-08-11,2020,37.896938,-122.575001,"60","Redwood Creek","Redwood Creek Mainstem",51,1.45,1.09309390807457,"Dipsea"
"SH","YoY",1,338463,14447,57,2020-08-11,2020,37.896938,-122.575001,"60","Redwood Creek","Redwood Creek Mainstem",54,1.58,1.00340395264949,"Dipsea"
"SH","YoY",1,338492,14450,39,2020-08-12,2020,37.887009,-122.566678,"44","Redwood Creek","Redwood Creek Mainstem",59,2.18,1.06145224195268,"KentCreekTrail"
"SH","YoY",1,338500,14451,50,2020-08-13,2020,37.892846,-122.573028,"54","Redwood Creek","Redwood Creek Mainstem",52,1.35,0.960116067364588,"Dipsea"
"CO","YoY",1,338501,14451,50,2020-08-13,2020,37.892846,-122.573028,"54","Redwood Creek","Redwood Creek Mainstem",71,3.72,1.03936453475864,"Dipsea"
"CO","YoY",1,338502,14451,50,2020-08-13,2020,37.892846,-122.573028,"54","Redwood Creek","Redwood Creek Mainstem",73,4.26,1.09506782479943,"Dipsea"
"SH","YoY",1,338503,14451,50,2020-08-13,2020,37.892846,-122.573028,"54","Redwood Creek","Redwood Creek Mainstem",52,1.41,1.00278789258079,"Dipsea"
"SH","YoY",1,338504,14451,50,2020-08-13,2020,37.892846,-122.573028,"54","Redwood Creek","Redwood Creek Mainstem",46,0.81,0.832168981671735,"Dipsea"
"SH","YoY",1,338505,14451,50,2020-08-13,2020,37.892846,-122.573028,"54","Redwood Creek","Redwood Creek Mainstem",53,1.5,1.00754313963876,"Dipsea"
"CO","YoY",1,338506,14451,50,2020-08-13,2020,37.892846,-122.573028,"54","Redwood Creek","Redwood Creek Mainstem",69,3.25,0.989318405279612,"Dipsea"
"CO","YoY",1,338507,14451,50,2020-08-13,2020,37.892846,-122.573028,"54","Redwood Creek","Redwood Creek Mainstem",62,2.72,1.1412842804874,"Dipsea"
"CO","YoY",1,338508,14451,50,2020-08-13,2020,37.892846,-122.573028,"54","Redwood Creek","Redwood Creek Mainstem",74,4.27,1.05373817937733,"Dipsea"
"SH","YoY",1,338509,14451,50,2020-08-13,2020,37.892846,-122.573028,"54","Redwood Creek","Redwood Creek Mainstem",60,2.05,0.949074074074074,"Dipsea"
"SH","YoY",1,338510,14451,50,2020-08-13,2020,37.892846,-122.573028,"54","Redwood Creek","Redwood Creek Mainstem",65,2.76,1.00500682749203,"Dipsea"
"SH","YoY",1,338511,14451,50,2020-08-13,2020,37.892846,-122.573028,"54","Redwood Creek","Redwood Creek Mainstem",62,2.58,1.08254170722701,"Dipsea"
"SH","YoY",1,338512,14451,50,2020-08-13,2020,37.892846,-122.573028,"54","Redwood Creek","Redwood Creek Mainstem",55,1.67,1.00375657400451,"Dipsea"
"SH","YoY",1,338513,14451,50,2020-08-13,2020,37.892846,-122.573028,"54","Redwood Creek","Redwood Creek Mainstem",63,2.74,1.09579399072974,"Dipsea"
"SH","YoY",1,338514,14451,50,2020-08-13,2020,37.892846,-122.573028,"54","Redwood Creek","Redwood Creek Mainstem",69,3.2,0.974098122121464,"Dipsea"
"SH","YoY",1,338515,14451,50,2020-08-13,2020,37.892846,-122.573028,"54","Redwood Creek","Redwood Creek Mainstem",81,5.83,1.09701735470165,"Dipsea"
"SH","YoY",1,338516,14451,50,2020-08-13,2020,37.892846,-122.573028,"54","Redwood Creek","Redwood Creek Mainstem",45,1.08,1.18518518518518,"Dipsea"
"SH","YoY",1,338522,14451,50,2020-08-13,2020,37.892846,-122.573028,"54","Redwood Creek","Redwood Creek Mainstem",59,2.14,1.04197605402695,"Dipsea"
"CO","YoY",1,338523,14451,50,2020-08-13,2020,37.892846,-122.573028,"54","Redwood Creek","Redwood Creek Mainstem",65,2.94,1.07055075102412,"Dipsea"
"CO","YoY",1,338524,14451,50,2020-08-13,2020,37.892846,-122.573028,"54","Redwood Creek","Redwood Creek Mainstem",69,3.56,1.08368416086013,"Dipsea"
"CO","YoY",1,338525,14451,50,2020-08-13,2020,37.892846,-122.573028,"54","Redwood Creek","Redwood Creek Mainstem",64,2.91,1.11007690429688,"Dipsea"
"SH","YoY",1,338526,14451,50,2020-08-13,2020,37.892846,-122.573028,"54","Redwood Creek","Redwood Creek Mainstem",57,1.99,1.07455465379361,"Dipsea"
"SH","YoY",1,338527,14451,50,2020-08-13,2020,37.892846,-122.573028,"54","Redwood Creek","Redwood Creek Mainstem",54,1.78,1.13041711121272,"Dipsea"
"SH","YoY",1,338529,14451,50,2020-08-13,2020,37.892846,-122.573028,"54","Redwood Creek","Redwood Creek Mainstem",59,2.04,0.993285584212602,"Dipsea"
"SH","YoY",1,338530,14451,50,2020-08-13,2020,37.892846,-122.573028,"54","Redwood Creek","Redwood Creek Mainstem",86,7.06,1.10996516030035,"Dipsea"
"SH","YoY",1,338533,14451,50,2020-08-13,2020,37.892846,-122.573028,"54","Redwood Creek","Redwood Creek Mainstem",89,7.62,1.08089859270408,"Dipsea"
"SH","YoY",1,338541,14451,50,2020-08-13,2020,37.892846,-122.573028,"54","Redwood Creek","Redwood Creek Mainstem",54,NA,NA,"Dipsea"
"CO","YoY",1,338542,14451,50,2020-08-13,2020,37.892846,-122.573028,"54","Redwood Creek","Redwood Creek Mainstem",71,3.84,1.07289242297666,"Dipsea"
"SH","YoY",1,338543,14451,50,2020-08-13,2020,37.892846,-122.573028,"54","Redwood Creek","Redwood Creek Mainstem",61,2.2,0.969244121754684,"Dipsea"
"SH","1+",1,338544,14451,50,2020-08-13,2020,37.892846,-122.573028,"54","Redwood Creek","Redwood Creek Mainstem",96,8.84,0.999168113425926,"Dipsea"
"SH","1+",1,338549,14451,50,2020-08-13,2020,37.892846,-122.573028,"54","Redwood Creek","Redwood Creek Mainstem",97,10.09,1.10554382566374,"Dipsea"
"SH","1+",1,338632,14454,518,2020-08-18,2020,37.860157,-122.57767,"0.1","Redwood Creek","Redwood Creek Mainstem",115,16.05,1.05531355305334,"PacificWay"
"SH","1+",1,338633,14454,518,2020-08-18,2020,37.860157,-122.57767,"0.1","Redwood Creek","Redwood Creek Mainstem",101,12.23,1.18703175091551,"PacificWay"
"SH","1+",1,338634,14454,518,2020-08-18,2020,37.860157,-122.57767,"0.1","Redwood Creek","Redwood Creek Mainstem",117,20.51,1.28058401124367,"PacificWay"
"SH","1+",1,338635,14454,518,2020-08-18,2020,37.860157,-122.57767,"0.1","Redwood Creek","Redwood Creek Mainstem",125,22.62,1.158144,"PacificWay"
"SH","1+",1,338636,14454,518,2020-08-18,2020,37.860157,-122.57767,"0.1","Redwood Creek","Redwood Creek Mainstem",115,16.93,1.11317498150736,"PacificWay"
"SH","1+",1,338637,14454,518,2020-08-18,2020,37.860157,-122.57767,"0.1","Redwood Creek","Redwood Creek Mainstem",112,16.21,1.15379578170554,"PacificWay"
"SH","1+",1,338638,14454,518,2020-08-18,2020,37.860157,-122.57767,"0.1","Redwood Creek","Redwood Creek Mainstem",158,41.53,1.05290859343784,"PacificWay"
"SH","1+",1,338639,14454,518,2020-08-18,2020,37.860157,-122.57767,"0.1","Redwood Creek","Redwood Creek Mainstem",86,7.93,1.24674556957249,"PacificWay"
"SH","1+",1,338640,14454,518,2020-08-18,2020,37.860157,-122.57767,"0.1","Redwood Creek","Redwood Creek Mainstem",126,21.85,1.09229464860606,"PacificWay"
"SH","1+",1,338641,14454,518,2020-08-18,2020,37.860157,-122.57767,"0.1","Redwood Creek","Redwood Creek Mainstem",116,15.36,0.984050186559514,"PacificWay"
"SH","1+",1,338642,14454,518,2020-08-18,2020,37.860157,-122.57767,"0.1","Redwood Creek","Redwood Creek Mainstem",136,28.65,1.13895850295135,"PacificWay"
"SH","1+",1,338644,14454,518,2020-08-18,2020,37.860157,-122.57767,"0.1","Redwood Creek","Redwood Creek Mainstem",125,23.08,1.181696,"PacificWay"
"SH","1+",1,338648,14454,518,2020-08-18,2020,37.860157,-122.57767,"0.1","Redwood Creek","Redwood Creek Mainstem",110,14.4,1.08189331329827,"PacificWay"
"SH","1+",1,338649,14454,518,2020-08-18,2020,37.860157,-122.57767,"0.1","Redwood Creek","Redwood Creek Mainstem",128,20.9,0.996589660644531,"PacificWay"
"SH","1+",1,338650,14454,518,2020-08-18,2020,37.860157,-122.57767,"0.1","Redwood Creek","Redwood Creek Mainstem",102,12.19,1.14869092581285,"PacificWay"
"SH","1+",247,338651,14454,518,2020-08-18,2020,37.860157,-122.57767,"0.1","Redwood Creek","Redwood Creek Mainstem",NA,NA,NA,"PacificWay"
"SH","YoY",1,339282,14501,31,2020-08-03,2020,37.884512,-122.571257,"37","Redwood Creek","Redwood Creek Mainstem",64,3.16,1.2054443359375,"KentCreekTrail"
"SH","YoY",1,339284,14501,31,2020-08-03,2020,37.884512,-122.571257,"37","Redwood Creek","Redwood Creek Mainstem",55,1.75,1.05184072126221,"KentCreekTrail"
"SH","YoY",1,339294,14502,31,2020-08-04,2020,37.884512,-122.571257,"37","Redwood Creek","Redwood Creek Mainstem",58,2.2,1.12755750543278,"KentCreekTrail"
"SH","YoY",1,339295,14503,31,2020-08-04,2020,37.884512,-122.571257,"37","Redwood Creek","Redwood Creek Mainstem",69,3.48,1.05933170780709,"KentCreekTrail"
"SH","YoY",1,339296,14503,31,2020-08-04,2020,37.884512,-122.571257,"37","Redwood Creek","Redwood Creek Mainstem",72,4.61,1.23510373799726,"KentCreekTrail"
"SH","YoY",1,339297,14503,31,2020-08-04,2020,37.884512,-122.571257,"37","Redwood Creek","Redwood Creek Mainstem",66,2.71,0.942621810390405,"KentCreekTrail"
"SH","YoY",1,339298,14503,31,2020-08-04,2020,37.884512,-122.571257,"37","Redwood Creek","Redwood Creek Mainstem",50,1.22,0.976,"KentCreekTrail"
"SH","YoY",1,339299,14503,31,2020-08-04,2020,37.884512,-122.571257,"37","Redwood Creek","Redwood Creek Mainstem",52,1.39,0.988563950842057,"KentCreekTrail"
"SH","YoY",1,339300,14503,31,2020-08-04,2020,37.884512,-122.571257,"37","Redwood Creek","Redwood Creek Mainstem",63,2.64,1.05580150931625,"KentCreekTrail"
"SH","YoY",1,339301,14503,31,2020-08-04,2020,37.884512,-122.571257,"37","Redwood Creek","Redwood Creek Mainstem",72,3.71,0.99397719478738,"KentCreekTrail"
"SH","1+",1,339302,14503,31,2020-08-04,2020,37.884512,-122.571257,"37","Redwood Creek","Redwood Creek Mainstem",106,11.61,0.974797987600502,"KentCreekTrail"
"SH","1+",1,339303,14503,31,2020-08-04,2020,37.884512,-122.571257,"37","Redwood Creek","Redwood Creek Mainstem",108,13.4,1.06373520296703,"KentCreekTrail"
"SH","YoY",1,339304,14503,31,2020-08-04,2020,37.884512,-122.571257,"37","Redwood Creek","Redwood Creek Mainstem",63,2.6,1.03980451675085,"KentCreekTrail"
"SH","YoY",1,339305,14503,31,2020-08-04,2020,37.884512,-122.571257,"37","Redwood Creek","Redwood Creek Mainstem",54,1.34,0.850988162373622,"KentCreekTrail"
"SH","YoY",1,339308,14503,31,2020-08-04,2020,37.884512,-122.571257,"37","Redwood Creek","Redwood Creek Mainstem",69,3.56,1.08368416086013,"KentCreekTrail"
"SH","YoY",1,339309,14503,31,2020-08-04,2020,37.884512,-122.571257,"37","Redwood Creek","Redwood Creek Mainstem",63,2.56,1.02380752418545,"KentCreekTrail"
"SH","YoY",1,339310,14503,31,2020-08-04,2020,37.884512,-122.571257,"37","Redwood Creek","Redwood Creek Mainstem",60,2.33,1.0787037037037,"KentCreekTrail"
"SH","YoY",1,339311,14503,31,2020-08-04,2020,37.884512,-122.571257,"37","Redwood Creek","Redwood Creek Mainstem",64,2.7,1.02996826171875,"KentCreekTrail"
"SH","1+",1,339313,14503,31,2020-08-04,2020,37.884512,-122.571257,"37","Redwood Creek","Redwood Creek Mainstem",107,11.61,0.947721835070279,"KentCreekTrail"
"SH","YoY",1,339314,14503,31,2020-08-04,2020,37.884512,-122.571257,"37","Redwood Creek","Redwood Creek Mainstem",61,2.5,1.10141377472123,"KentCreekTrail"
"SH","YoY",1,339315,14503,31,2020-08-04,2020,37.884512,-122.571257,"37","Redwood Creek","Redwood Creek Mainstem",43,0.73,0.918158149596891,"KentCreekTrail"
"SH","1+",1,339316,14503,31,2020-08-04,2020,37.884512,-122.571257,"37","Redwood Creek","Redwood Creek Mainstem",87,7.2,1.09338909617724,"KentCreekTrail"
"SH","1+",1,339317,14503,31,2020-08-04,2020,37.884512,-122.571257,"37","Redwood Creek","Redwood Creek Mainstem",104,10.96,0.974340009103323,"KentCreekTrail"
"SH","1+",1,339322,14503,31,2020-08-04,2020,37.884512,-122.571257,"37","Redwood Creek","Redwood Creek Mainstem",98,NA,NA,"KentCreekTrail"
"SH","1+",1,339323,14503,31,2020-08-04,2020,37.884512,-122.571257,"37","Redwood Creek","Redwood Creek Mainstem",113,13.44,0.931459418101223,"KentCreekTrail"
"SH","YoY",5,339324,14503,31,2020-08-04,2020,37.884512,-122.571257,"37","Redwood Creek","Redwood Creek Mainstem",NA,NA,NA,"KentCreekTrail"
"SH","1+",1,339330,14503,31,2020-08-04,2020,37.884512,-122.571257,"37","Redwood Creek","Redwood Creek Mainstem",154,35.88,0.982404338788215,"KentCreekTrail"
"SH","1+",1,339333,14503,31,2020-08-04,2020,37.884512,-122.571257,"37","Redwood Creek","Redwood Creek Mainstem",128,20.92,0.997543334960938,"KentCreekTrail"
"SH","YoY",1,339335,14503,31,2020-08-04,2020,37.884512,-122.571257,"37","Redwood Creek","Redwood Creek Mainstem",72,4.05,1.08506944444444,"KentCreekTrail"
"SH","1+",1,339336,14503,31,2020-08-04,2020,37.884512,-122.571257,"37","Redwood Creek","Redwood Creek Mainstem",94,8.21,0.988461130963274,"KentCreekTrail"
"SH","YoY",1,339337,14503,31,2020-08-04,2020,37.884512,-122.571257,"37","Redwood Creek","Redwood Creek Mainstem",62,2.48,1.04058272632674,"KentCreekTrail"
"SH","YoY",1,339338,14503,31,2020-08-04,2020,37.884512,-122.571257,"37","Redwood Creek","Redwood Creek Mainstem",51,1.32,0.995092385281679,"KentCreekTrail"
"SH","1+",1,339339,14503,31,2020-08-04,2020,37.884512,-122.571257,"37","Redwood Creek","Redwood Creek Mainstem",95,9.26,1.0800408222773,"KentCreekTrail"
"SH","1+",1,339340,14503,31,2020-08-04,2020,37.884512,-122.571257,"37","Redwood Creek","Redwood Creek Mainstem",114,18.27,1.23317296010108,"KentCreekTrail"
"SH","YoY",1,339342,14503,31,2020-08-04,2020,37.884512,-122.571257,"37","Redwood Creek","Redwood Creek Mainstem",55,1.8,1.08189331329827,"KentCreekTrail"
"SH","1+",1,339343,14503,31,2020-08-04,2020,37.884512,-122.571257,"37","Redwood Creek","Redwood Creek Mainstem",102,10.04,0.946091623885232,"KentCreekTrail"
"SH","1+",1,339346,14505,31,2020-08-04,2020,37.884512,-122.571257,"37","Redwood Creek","Redwood Creek Mainstem",91,10.03,1.33099601762807,"KentCreekTrail"
"SH","YoY",1,339347,14505,31,2020-08-04,2020,37.884512,-122.571257,"37","Redwood Creek","Redwood Creek Mainstem",61,2.8,1.23358342768778,"KentCreekTrail"
"SH","YoY",1,339348,14505,31,2020-08-04,2020,37.884512,-122.571257,"37","Redwood Creek","Redwood Creek Mainstem",57,2.14,1.15555123573785,"KentCreekTrail"
"SH","YoY",1,339349,14505,31,2020-08-04,2020,37.884512,-122.571257,"37","Redwood Creek","Redwood Creek Mainstem",70,3.86,1.12536443148688,"KentCreekTrail"
"SH","1+",1,339350,14505,31,2020-08-04,2020,37.884512,-122.571257,"37","Redwood Creek","Redwood Creek Mainstem",98,9.69,1.02954551249904,"KentCreekTrail"
"SH","1+",1,339352,14505,31,2020-08-04,2020,37.884512,-122.571257,"37","Redwood Creek","Redwood Creek Mainstem",104,10.75,0.955671085571233,"KentCreekTrail"
"SH","YoY",1,339355,14505,31,2020-08-04,2020,37.884512,-122.571257,"37","Redwood Creek","Redwood Creek Mainstem",59,2.22,1.08092842987842,"KentCreekTrail"
"SH","YoY",1,339358,14505,31,2020-08-04,2020,37.884512,-122.571257,"37","Redwood Creek","Redwood Creek Mainstem",60,2.5,1.15740740740741,"KentCreekTrail"
"SH","YoY",1,339359,14505,31,2020-08-04,2020,37.884512,-122.571257,"37","Redwood Creek","Redwood Creek Mainstem",77,4.87,1.06673559195064,"KentCreekTrail"
"SH","YoY",1,339361,14505,31,2020-08-04,2020,37.884512,-122.571257,"37","Redwood Creek","Redwood Creek Mainstem",60,2.41,1.11574074074074,"KentCreekTrail"
"SH","YoY",1,339363,14505,31,2020-08-04,2020,37.884512,-122.571257,"37","Redwood Creek","Redwood Creek Mainstem",61,2.55,1.12344205021566,"KentCreekTrail"
"SH","YoY",1,339365,14505,31,2020-08-04,2020,37.884512,-122.571257,"37","Redwood Creek","Redwood Creek Mainstem",61,2.28,1.00448936254576,"KentCreekTrail"
"SH","1+",1,339366,14505,31,2020-08-04,2020,37.884512,-122.571257,"37","Redwood Creek","Redwood Creek Mainstem",114,15.23,1.02798161917567,"KentCreekTrail"
"SH","YoY",1,339367,14505,31,2020-08-04,2020,37.884512,-122.571257,"37","Redwood Creek","Redwood Creek Mainstem",75,4.66,1.10459259259259,"KentCreekTrail"
"SH","YoY",1,339369,14505,31,2020-08-04,2020,37.884512,-122.571257,"37","Redwood Creek","Redwood Creek Mainstem",55,1.73,1.03981968444778,"KentCreekTrail"
"SH","YoY",1,339370,14505,31,2020-08-04,2020,37.884512,-122.571257,"37","Redwood Creek","Redwood Creek Mainstem",51,1.39,1.04786243601631,"KentCreekTrail"
"SH","1+",1,339372,14505,31,2020-08-04,2020,37.884512,-122.571257,"37","Redwood Creek","Redwood Creek Mainstem",164,46.5,1.05419610858809,"KentCreekTrail"
"SH","YoY",1,339374,14505,31,2020-08-04,2020,37.884512,-122.571257,"37","Redwood Creek","Redwood Creek Mainstem",51,1.48,1.1157096441037,"KentCreekTrail"
"SH","1+",1,339377,14505,31,2020-08-04,2020,37.884512,-122.571257,"37","Redwood Creek","Redwood Creek Mainstem",116,15.35,0.983409528885973,"KentCreekTrail"
"SH","YoY",1,339378,14505,31,2020-08-04,2020,37.884512,-122.571257,"37","Redwood Creek","Redwood Creek Mainstem",72,4.4,1.17884087791495,"KentCreekTrail"
"SH","1+",1,339379,14505,31,2020-08-04,2020,37.884512,-122.571257,"37","Redwood Creek","Redwood Creek Mainstem",102,10.96,1.03278527866356,"KentCreekTrail"
"SH","1+",1,339380,14505,31,2020-08-04,2020,37.884512,-122.571257,"37","Redwood Creek","Redwood Creek Mainstem",103,11.24,1.02861922511295,"KentCreekTrail"
"SH","1+",1,339381,14505,31,2020-08-04,2020,37.884512,-122.571257,"37","Redwood Creek","Redwood Creek Mainstem",100,10.74,1.074,"KentCreekTrail"
"SH","1+",1,339382,14505,31,2020-08-04,2020,37.884512,-122.571257,"37","Redwood Creek","Redwood Creek Mainstem",95,8.8,1.02638868639743,"KentCreekTrail"
"SH","1+",1,339383,14505,31,2020-08-04,2020,37.884512,-122.571257,"37","Redwood Creek","Redwood Creek Mainstem",105,NA,NA,"KentCreekTrail"
"SH","1+",1,339384,14505,31,2020-08-04,2020,37.884512,-122.571257,"37","Redwood Creek","Redwood Creek Mainstem",130,21.98,1.00045516613564,"KentCreekTrail"
"SH","1+",1,339385,14505,31,2020-08-04,2020,37.884512,-122.571257,"37","Redwood Creek","Redwood Creek Mainstem",111,14.28,1.04414129249776,"KentCreekTrail"
"SH","YoY",1,339393,14506,74,2020-08-05,2020,37.86857,-122.58031,"8","Redwood Creek","Redwood Creek Mainstem",45,0.95,1.04252400548697,NA
"SH","YoY",1,339394,14506,74,2020-08-05,2020,37.86857,-122.58031,"8","Redwood Creek","Redwood Creek Mainstem",51,1.56,1.17601827351471,NA
"SH","YoY",1,339395,14506,74,2020-08-05,2020,37.86857,-122.58031,"8","Redwood Creek","Redwood Creek Mainstem",47,1.11,1.0691272646716,NA
"SH","YoY",1,339396,14506,74,2020-08-05,2020,37.86857,-122.58031,"8","Redwood Creek","Redwood Creek Mainstem",54,1.69,1.07326118985927,NA
"SH","YoY",1,339397,14506,74,2020-08-05,2020,37.86857,-122.58031,"8","Redwood Creek","Redwood Creek Mainstem",60,2.32,1.07407407407407,NA
"SH","YoY",1,339398,14506,74,2020-08-05,2020,37.86857,-122.58031,"8","Redwood Creek","Redwood Creek Mainstem",68,3.45,1.09721656828821,NA
"SH","YoY",1,339399,14506,74,2020-08-05,2020,37.86857,-122.58031,"8","Redwood Creek","Redwood Creek Mainstem",41,0.66,0.957618142510991,NA
"SH","YoY",1,339400,14506,74,2020-08-05,2020,37.86857,-122.58031,"8","Redwood Creek","Redwood Creek Mainstem",61,2.63,1.15868729100674,NA
"SH","YoY",1,339401,14506,74,2020-08-05,2020,37.86857,-122.58031,"8","Redwood Creek","Redwood Creek Mainstem",61,2.95,1.29966825417105,NA
"SH","YoY",1,339402,14506,74,2020-08-05,2020,37.86857,-122.58031,"8","Redwood Creek","Redwood Creek Mainstem",50,1.38,1.104,NA
"SH","YoY",1,339403,14506,74,2020-08-05,2020,37.86857,-122.58031,"8","Redwood Creek","Redwood Creek Mainstem",60,2.62,1.21296296296296,NA
"SH","1+",1,339404,14506,74,2020-08-05,2020,37.86857,-122.58031,"8","Redwood Creek","Redwood Creek Mainstem",110,11.83,0.888805409466567,NA
"SH","YoY",4,339414,14506,74,2020-08-05,2020,37.86857,-122.58031,"8","Redwood Creek","Redwood Creek Mainstem",NA,NA,NA,NA
"SH","1+",1,339415,14506,74,2020-08-05,2020,37.86857,-122.58031,"8","Redwood Creek","Redwood Creek Mainstem",129,22.18,1.03321906433582,NA
"SH","YoY",1,339419,14506,74,2020-08-05,2020,37.86857,-122.58031,"8","Redwood Creek","Redwood Creek Mainstem",60,2.15,0.99537037037037,NA
"SH","YoY",1,339425,14506,74,2020-08-05,2020,37.86857,-122.58031,"8","Redwood Creek","Redwood Creek Mainstem",52,1.58,1.12369139736004,NA
"SH","YoY",1,339437,14508,74,2020-08-05,2020,37.86857,-122.58031,"8","Redwood Creek","Redwood Creek Mainstem",45,1.13,1.2400548696845,NA
"SH","YoY",1,339446,14508,74,2020-08-05,2020,37.86857,-122.58031,"8","Redwood Creek","Redwood Creek Mainstem",54,NA,NA,NA
"SH","YoY",1,339447,14508,74,2020-08-05,2020,37.86857,-122.58031,"8","Redwood Creek","Redwood Creek Mainstem",63,2.77,1.10779173515379,NA
"SH","1+",1,339448,14508,74,2020-08-05,2020,37.86857,-122.58031,"8","Redwood Creek","Redwood Creek Mainstem",104,12.36,1.09879949931725,NA
"SH","YoY",1,339449,14508,74,2020-08-05,2020,37.86857,-122.58031,"8","Redwood Creek","Redwood Creek Mainstem",80,5.35,1.044921875,NA
"SH","1+",1,339450,14508,74,2020-08-05,2020,37.86857,-122.58031,"8","Redwood Creek","Redwood Creek Mainstem",123,18.38,0.987711641938946,NA
"SH","1+",1,339451,14508,74,2020-08-05,2020,37.86857,-122.58031,"8","Redwood Creek","Redwood Creek Mainstem",105,11.45,0.98909405031854,NA
"SH","YoY",1,339452,14508,74,2020-08-05,2020,37.86857,-122.58031,"8","Redwood Creek","Redwood Creek Mainstem",59,1.97,0.959202255342562,NA
"SH","YoY",1,339465,14508,74,2020-08-05,2020,37.86857,-122.58031,"8","Redwood Creek","Redwood Creek Mainstem",53,1.56,1.04784486522431,NA
"SH","YoY",1,339466,14508,74,2020-08-05,2020,37.86857,-122.58031,"8","Redwood Creek","Redwood Creek Mainstem",48,1.18,1.0669849537037,NA
"SH","YoY",1,339467,14508,74,2020-08-05,2020,37.86857,-122.58031,"8","Redwood Creek","Redwood Creek Mainstem",80,5.58,1.08984375,NA
"SH","YoY",1,339470,14508,74,2020-08-05,2020,37.86857,-122.58031,"8","Redwood Creek","Redwood Creek Mainstem",71,3.39,0.947162842159084,NA
"SH","YoY",1,339472,14508,74,2020-08-05,2020,37.86857,-122.58031,"8","Redwood Creek","Redwood Creek Mainstem",56,1.91,1.08760021865889,NA
"SH","1+",1,339475,14508,74,2020-08-05,2020,37.86857,-122.58031,"8","Redwood Creek","Redwood Creek Mainstem",131,21.68,0.964373773125732,NA
"SH","YoY",1,339483,14508,74,2020-08-05,2020,37.86857,-122.58031,"8","Redwood Creek","Redwood Creek Mainstem",64,2.73,1.04141235351562,NA
"SH","1+",1,339484,14508,74,2020-08-05,2020,37.86857,-122.58031,"8","Redwood Creek","Redwood Creek Mainstem",124,19.47,1.02117669766037,NA
"SH","YoY",1,339487,14508,74,2020-08-05,2020,37.86857,-122.58031,"8","Redwood Creek","Redwood Creek Mainstem",72,4.1,1.09846536351166,NA
"SH","YoY",1,339488,14508,74,2020-08-05,2020,37.86857,-122.58031,"8","Redwood Creek","Redwood Creek Mainstem",53,1.54,1.0344109566958,NA
"SH","YoY",1,339499,14509,74,2020-08-05,2020,37.86857,-122.58031,"8","Redwood Creek","Redwood Creek Mainstem",73,3.73,0.95882699213659,NA
"SH","YoY",1,339500,14509,74,2020-08-05,2020,37.86857,-122.58031,"8","Redwood Creek","Redwood Creek Mainstem",46,0.9,0.924632201857483,NA
"SH","YoY",1,339501,14509,74,2020-08-05,2020,37.86857,-122.58031,"8","Redwood Creek","Redwood Creek Mainstem",74,4.52,1.1154324521746,NA
"SH","YoY",1,339502,14509,74,2020-08-05,2020,37.86857,-122.58031,"8","Redwood Creek","Redwood Creek Mainstem",40,0.72,1.125,NA
"SH","YoY",1,339503,14509,74,2020-08-05,2020,37.86857,-122.58031,"8","Redwood Creek","Redwood Creek Mainstem",68,3.12,0.992265418278038,NA
"SH","YoY",1,339504,14509,74,2020-08-05,2020,37.86857,-122.58031,"8","Redwood Creek","Redwood Creek Mainstem",58,2.14,1.09680593710279,NA
"SH","YoY",1,339505,14509,74,2020-08-05,2020,37.86857,-122.58031,"8","Redwood Creek","Redwood Creek Mainstem",59,2.14,1.04197605402695,NA
"SH","1+",1,339517,14509,74,2020-08-05,2020,37.86857,-122.58031,"8","Redwood Creek","Redwood Creek Mainstem",117,13.38,0.835407804507081,NA
"SH","YoY",1,339520,14509,74,2020-08-05,2020,37.86857,-122.58031,"8","Redwood Creek","Redwood Creek Mainstem",52,1.36,0.967228038233956,NA
"SH","1+",1,339522,14509,74,2020-08-05,2020,37.86857,-122.58031,"8","Redwood Creek","Redwood Creek Mainstem",112,13.22,0.940973487609329,NA
"SH","1+",1,339525,14509,74,2020-08-05,2020,37.86857,-122.58031,"8","Redwood Creek","Redwood Creek Mainstem",129,21.06,0.981045694089829,NA
"SH","YoY",1,339526,14509,74,2020-08-05,2020,37.86857,-122.58031,"8","Redwood Creek","Redwood Creek Mainstem",47,1.44,1.38697591092532,NA
"SH","YoY",1,339527,14509,74,2020-08-05,2020,37.86857,-122.58031,"8","Redwood Creek","Redwood Creek Mainstem",63,2.55,1.0198082760441,NA
"SH","1+",1,339530,14509,74,2020-08-05,2020,37.86857,-122.58031,"8","Redwood Creek","Redwood Creek Mainstem",119,NA,NA,NA
"SH","1+",1,339534,14509,74,2020-08-05,2020,37.86857,-122.58031,"8","Redwood Creek","Redwood Creek Mainstem",138,28.75,1.09395785199188,NA
"SH","YoY",1,339535,14509,74,2020-08-05,2020,37.86857,-122.58031,"8","Redwood Creek","Redwood Creek Mainstem",47,1.02,0.982441270238772,NA
"SH","1+",1,339540,14509,74,2020-08-05,2020,37.86857,-122.58031,"8","Redwood Creek","Redwood Creek Mainstem",137,26.75,1.04030835128432,NA
"SH","YoY",1,339547,14510,74,2020-08-05,2020,37.86857,-122.58031,"8","Redwood Creek","Redwood Creek Mainstem",56,1.97,1.12176567055394,NA
"SH","YoY",1,339548,14510,74,2020-08-05,2020,37.86857,-122.58031,"8","Redwood Creek","Redwood Creek Mainstem",69,3.42,1.04106736801731,NA
"SH","1+",1,339549,14510,74,2020-08-05,2020,37.86857,-122.58031,"8","Redwood Creek","Redwood Creek Mainstem",97,10.34,1.13293589270199,NA
"SH","YoY",1,339552,14510,74,2020-08-05,2020,37.86857,-122.58031,"8","Redwood Creek","Redwood Creek Mainstem",78,4.66,0.98197879262968,NA
"SH","YoY",1,339553,14510,74,2020-08-05,2020,37.86857,-122.58031,"8","Redwood Creek","Redwood Creek Mainstem",50,1.38,1.104,NA
"SH","YoY",1,339554,14510,74,2020-08-05,2020,37.86857,-122.58031,"8","Redwood Creek","Redwood Creek Mainstem",49,1.2,1.01998317027769,NA
"SH","YoY",1,339555,14510,74,2020-08-05,2020,37.86857,-122.58031,"8","Redwood Creek","Redwood Creek Mainstem",54,1.64,1.04150790021846,NA
"SH","YoY",1,339556,14510,74,2020-08-05,2020,37.86857,-122.58031,"8","Redwood Creek","Redwood Creek Mainstem",70,3.57,1.04081632653061,NA
"SH","YoY",1,339557,14510,74,2020-08-05,2020,37.86857,-122.58031,"8","Redwood Creek","Redwood Creek Mainstem",73,3.95,1.01537979060041,NA
"SH","1+",1,339565,14510,74,2020-08-05,2020,37.86857,-122.58031,"8","Redwood Creek","Redwood Creek Mainstem",118,NA,NA,NA
"SH","1+",1,339572,14510,74,2020-08-05,2020,37.86857,-122.58031,"8","Redwood Creek","Redwood Creek Mainstem",119,16.92,1.00405955758477,NA
"SH","1+",1,339573,14510,74,2020-08-05,2020,37.86857,-122.58031,"8","Redwood Creek","Redwood Creek Mainstem",118,16.38,0.996937369448678,NA
"SH","YoY",1,339574,14510,74,2020-08-05,2020,37.86857,-122.58031,"8","Redwood Creek","Redwood Creek Mainstem",66,2.97,1.03305785123967,NA
"SH","1+",1,339575,14510,74,2020-08-05,2020,37.86857,-122.58031,"8","Redwood Creek","Redwood Creek Mainstem",92,8.18,1.05048491822142,NA
"SH","1+",1,339576,14510,74,2020-08-05,2020,37.86857,-122.58031,"8","Redwood Creek","Redwood Creek Mainstem",157,40.09,1.03594595509488,NA
"SH","1+",1,339577,14510,74,2020-08-05,2020,37.86857,-122.58031,"8","Redwood Creek","Redwood Creek Mainstem",131,NA,NA,NA
"SH","1+",1,339578,14510,74,2020-08-05,2020,37.86857,-122.58031,"8","Redwood Creek","Redwood Creek Mainstem",101,10.66,1.03464909769087,NA
"SH","1+",1,339579,14510,74,2020-08-05,2020,37.86857,-122.58031,"8","Redwood Creek","Redwood Creek Mainstem",118,16.94,1.03102069831872,NA
"SH","1+",1,339580,14510,74,2020-08-05,2020,37.86857,-122.58031,"8","Redwood Creek","Redwood Creek Mainstem",130,23.37,1.06372325898953,NA
"SH","1+",1,339581,14510,74,2020-08-05,2020,37.86857,-122.58031,"8","Redwood Creek","Redwood Creek Mainstem",91,NA,NA,NA
"SH","YoY",1,339584,14510,74,2020-08-05,2020,37.86857,-122.58031,"8","Redwood Creek","Redwood Creek Mainstem",74,4.24,1.04633486664166,NA
"SH","YoY",1,339586,14510,74,2020-08-05,2020,37.86857,-122.58031,"8","Redwood Creek","Redwood Creek Mainstem",69,3.29,1.00149463180613,NA
"SH","1+",1,339588,14510,74,2020-08-05,2020,37.86857,-122.58031,"8","Redwood Creek","Redwood Creek Mainstem",160,41.22,1.00634765625,NA
"SH","1+",1,339593,14510,74,2020-08-05,2020,37.86857,-122.58031,"8","Redwood Creek","Redwood Creek Mainstem",130,22.41,1.02002730996814,NA
"SH","YoY",1,339594,14512,10,2020-08-06,2020,37.874915,-122.582915,"18","Redwood Creek","Redwood Creek Mainstem",51,1.62,1.22124974557297,"PacificWay"
"SH","YoY",1,339595,14512,10,2020-08-06,2020,37.874915,-122.582915,"18","Redwood Creek","Redwood Creek Mainstem",59,2.15,1.04684510100838,"PacificWay"
"SH","YoY",1,339596,14512,10,2020-08-06,2020,37.874915,-122.582915,"18","Redwood Creek","Redwood Creek Mainstem",51,2.43,1.83187461835945,"PacificWay"
"SH","YoY",1,339597,14512,10,2020-08-06,2020,37.874915,-122.582915,"18","Redwood Creek","Redwood Creek Mainstem",46,1.06,1.08901125996548,"PacificWay"
"SH","YoY",1,339598,14512,10,2020-08-06,2020,37.874915,-122.582915,"18","Redwood Creek","Redwood Creek Mainstem",60,1.78,0.824074074074074,"PacificWay"
"SH","YoY",1,339599,14512,10,2020-08-06,2020,37.874915,-122.582915,"18","Redwood Creek","Redwood Creek Mainstem",51,1.5,1.13078680145645,"PacificWay"
"SH","YoY",1,339600,14512,10,2020-08-06,2020,37.874915,-122.582915,"18","Redwood Creek","Redwood Creek Mainstem",54,1.86,1.18122237463801,"PacificWay"
"SH","YoY",1,339601,14512,10,2020-08-06,2020,37.874915,-122.582915,"18","Redwood Creek","Redwood Creek Mainstem",60,2.37,1.09722222222222,"PacificWay"
"SH","YoY",1,339602,14512,10,2020-08-06,2020,37.874915,-122.582915,"18","Redwood Creek","Redwood Creek Mainstem",66,3.06,1.06436263461057,"PacificWay"
"SH","YoY",1,339603,14512,10,2020-08-06,2020,37.874915,-122.582915,"18","Redwood Creek","Redwood Creek Mainstem",61,1.83,0.806234883095942,"PacificWay"
"SH","YoY",1,339604,14512,10,2020-08-06,2020,37.874915,-122.582915,"18","Redwood Creek","Redwood Creek Mainstem",75,4.45,1.05481481481481,"PacificWay"
"SH","YoY",1,339605,14512,10,2020-08-06,2020,37.874915,-122.582915,"18","Redwood Creek","Redwood Creek Mainstem",64,2.84,1.0833740234375,"PacificWay"
"SH","YoY",1,339606,14512,10,2020-08-06,2020,37.874915,-122.582915,"18","Redwood Creek","Redwood Creek Mainstem",43,0.89,1.11939829197429,"PacificWay"
"SH","YoY",1,339607,14512,10,2020-08-06,2020,37.874915,-122.582915,"18","Redwood Creek","Redwood Creek Mainstem",63,3.06,1.22376993125292,"PacificWay"
"SH","YoY",1,339609,14512,10,2020-08-06,2020,37.874915,-122.582915,"18","Redwood Creek","Redwood Creek Mainstem",37,NA,NA,"PacificWay"
"SH","YoY",30,339617,14512,10,2020-08-06,2020,37.874915,-122.582915,"18","Redwood Creek","Redwood Creek Mainstem",NA,NA,NA,"PacificWay"
"SH","1+",1,339619,14512,10,2020-08-06,2020,37.874915,-122.582915,"18","Redwood Creek","Redwood Creek Mainstem",95,9.24,1.07770812071731,"PacificWay"
"SH","1+",1,339620,14512,10,2020-08-06,2020,37.874915,-122.582915,"18","Redwood Creek","Redwood Creek Mainstem",94,10.01,1.20517611704536,"PacificWay"
"SH","YoY",1,339621,14512,10,2020-08-06,2020,37.874915,-122.582915,"18","Redwood Creek","Redwood Creek Mainstem",67,3.79,1.26012840675216,"PacificWay"
"SH","YoY",1,339622,14512,10,2020-08-06,2020,37.874915,-122.582915,"18","Redwood Creek","Redwood Creek Mainstem",38,NA,NA,"PacificWay"
"SH","YoY",1,339624,14512,10,2020-08-06,2020,37.874915,-122.582915,"18","Redwood Creek","Redwood Creek Mainstem",41,0.88,1.27682419001465,"PacificWay"
"SH","YoY",1,339625,14512,10,2020-08-06,2020,37.874915,-122.582915,"18","Redwood Creek","Redwood Creek Mainstem",69,3.29,1.00149463180613,"PacificWay"
"SH","YoY",1,339626,14512,10,2020-08-06,2020,37.874915,-122.582915,"18","Redwood Creek","Redwood Creek Mainstem",74,4.84,1.1944011213551,"PacificWay"
"SH","YoY",1,339627,14512,10,2020-08-06,2020,37.874915,-122.582915,"18","Redwood Creek","Redwood Creek Mainstem",66,3.6,1.25219133483596,"PacificWay"
"SH","YoY",1,339628,14512,10,2020-08-06,2020,37.874915,-122.582915,"18","Redwood Creek","Redwood Creek Mainstem",65,3.32,1.20892125625853,"PacificWay"
"SH","1+",1,339631,14512,10,2020-08-06,2020,37.874915,-122.582915,"18","Redwood Creek","Redwood Creek Mainstem",101,11.56,1.12200221100436,"PacificWay"
"SH","YoY",1,339632,14512,10,2020-08-06,2020,37.874915,-122.582915,"18","Redwood Creek","Redwood Creek Mainstem",70,3.49,1.01749271137026,"PacificWay"
"SH","YoY",1,339634,14512,10,2020-08-06,2020,37.874915,-122.582915,"18","Redwood Creek","Redwood Creek Mainstem",57,1.83,0.988158299719752,"PacificWay"
"SH","YoY",1,339635,14512,10,2020-08-06,2020,37.874915,-122.582915,"18","Redwood Creek","Redwood Creek Mainstem",59,2.25,1.09553557082272,"PacificWay"
"SH","YoY",6,339639,14512,10,2020-08-06,2020,37.874915,-122.582915,"18","Redwood Creek","Redwood Creek Mainstem",NA,NA,NA,"PacificWay"
"SH","YoY",1,339641,14513,10,2020-08-06,2020,37.874915,-122.582915,"18","Redwood Creek","Redwood Creek Mainstem",46,0.96,0.986274348647982,"PacificWay"
"SH","YoY",1,339643,14513,10,2020-08-06,2020,37.874915,-122.582915,"18","Redwood Creek","Redwood Creek Mainstem",68,3.08,0.979544066761653,"PacificWay"
"SH","1+",1,339644,14513,10,2020-08-06,2020,37.874915,-122.582915,"18","Redwood Creek","Redwood Creek Mainstem",91,11.55,1.53270229347998,"PacificWay"
"SH","YoY",1,339647,14513,10,2020-08-06,2020,37.874915,-122.582915,"18","Redwood Creek","Redwood Creek Mainstem",77,5.09,1.11492487947202,"PacificWay"
"SH","YoY",1,339653,14513,10,2020-08-06,2020,37.874915,-122.582915,"18","Redwood Creek","Redwood Creek Mainstem",36,NA,NA,"PacificWay"
"SH","YoY",1,339654,14513,10,2020-08-06,2020,37.874915,-122.582915,"18","Redwood Creek","Redwood Creek Mainstem",59,2.27,1.10527366478559,"PacificWay"
"SH","YoY",1,339655,14513,10,2020-08-06,2020,37.874915,-122.582915,"18","Redwood Creek","Redwood Creek Mainstem",47,1.22,1.17507681342284,"PacificWay"
"SH","YoY",1,339657,14513,10,2020-08-06,2020,37.874915,-122.582915,"18","Redwood Creek","Redwood Creek Mainstem",43,0.68,0.855270605103953,"PacificWay"
"SH","YoY",1,339658,14513,10,2020-08-06,2020,37.874915,-122.582915,"18","Redwood Creek","Redwood Creek Mainstem",70,3.77,1.09912536443149,"PacificWay"
"SH","YoY",1,339659,14513,10,2020-08-06,2020,37.874915,-122.582915,"18","Redwood Creek","Redwood Creek Mainstem",71,3.98,1.11200829256435,"PacificWay"
"SH","YoY",1,339661,14513,10,2020-08-06,2020,37.874915,-122.582915,"18","Redwood Creek","Redwood Creek Mainstem",64,2.81,1.07192993164062,"PacificWay"
"SH","YoY",1,339662,14513,10,2020-08-06,2020,37.874915,-122.582915,"18","Redwood Creek","Redwood Creek Mainstem",67,3.12,1.03736164355323,"PacificWay"
"SH","YoY",1,339664,14513,10,2020-08-06,2020,37.874915,-122.582915,"18","Redwood Creek","Redwood Creek Mainstem",65,2.9,1.05598543468366,"PacificWay"
"SH","YoY",1,339665,14513,10,2020-08-06,2020,37.874915,-122.582915,"18","Redwood Creek","Redwood Creek Mainstem",79,5.09,1.03237269262675,"PacificWay"
"SH","YoY",1,339666,14513,10,2020-08-06,2020,37.874915,-122.582915,"18","Redwood Creek","Redwood Creek Mainstem",68,3.56,1.13220028495827,"PacificWay"
"SH","1+",1,339667,14513,10,2020-08-06,2020,37.874915,-122.582915,"18","Redwood Creek","Redwood Creek Mainstem",141,31.02,1.10658417584629,"PacificWay"
"SH","YoY",1,339668,14513,10,2020-08-06,2020,37.874915,-122.582915,"18","Redwood Creek","Redwood Creek Mainstem",42,0.74,0.998812223302019,"PacificWay"
"SH","YoY",1,339669,14513,10,2020-08-06,2020,37.874915,-122.582915,"18","Redwood Creek","Redwood Creek Mainstem",74,4.2,1.0364637829941,"PacificWay"
"SH","YoY",1,339670,14513,10,2020-08-06,2020,37.874915,-122.582915,"18","Redwood Creek","Redwood Creek Mainstem",51,1.4,1.05540101469269,"PacificWay"
"SH","1+",1,339671,14513,10,2020-08-06,2020,37.874915,-122.582915,"18","Redwood Creek","Redwood Creek Mainstem",98,10.21,1.08479460088909,"PacificWay"
"SH","YoY",1,339672,14513,10,2020-08-06,2020,37.874915,-122.582915,"18","Redwood Creek","Redwood Creek Mainstem",76,4.34,0.988664528356904,"PacificWay"
"SH","YoY",1,339673,14513,10,2020-08-06,2020,37.874915,-122.582915,"18","Redwood Creek","Redwood Creek Mainstem",66,2.9,1.00870968639564,"PacificWay"
"SH","YoY",1,339677,14513,10,2020-08-06,2020,37.874915,-122.582915,"18","Redwood Creek","Redwood Creek Mainstem",53,1.33,0.893354917146369,"PacificWay"
"SH","YoY",1,339678,14513,10,2020-08-06,2020,37.874915,-122.582915,"18","Redwood Creek","Redwood Creek Mainstem",50,1.25,1,"PacificWay"
"SH","YoY",1,339679,14513,10,2020-08-06,2020,37.874915,-122.582915,"18","Redwood Creek","Redwood Creek Mainstem",56,1.86,1.05912900874636,"PacificWay"
"SH","YoY",1,339680,14513,10,2020-08-06,2020,37.874915,-122.582915,"18","Redwood Creek","Redwood Creek Mainstem",49,1.21,1.02848303003,"PacificWay"
"SH","YoY",1,339681,14513,10,2020-08-06,2020,37.874915,-122.582915,"18","Redwood Creek","Redwood Creek Mainstem",53,1.66,1.1150144078669,"PacificWay"
"SH","YoY",1,339682,14513,10,2020-08-06,2020,37.874915,-122.582915,"18","Redwood Creek","Redwood Creek Mainstem",59,2.01,0.978678443268299,"PacificWay"
"SH","YoY",1,339685,14513,10,2020-08-06,2020,37.874915,-122.582915,"18","Redwood Creek","Redwood Creek Mainstem",NA,NA,NA,"PacificWay"
"SH","YoY",1,339690,14514,10,2020-08-06,2020,37.874915,-122.582915,"18","Redwood Creek","Redwood Creek Mainstem",43,1.02,1.28290590765593,"PacificWay"
"SH","YoY",1,339691,14514,10,2020-08-06,2020,37.874915,-122.582915,"18","Redwood Creek","Redwood Creek Mainstem",58,2.13,1.09168067571446,"PacificWay"
"SH","YoY",1,339693,14514,10,2020-08-06,2020,37.874915,-122.582915,"18","Redwood Creek","Redwood Creek Mainstem",46,0.93,0.955453275252733,"PacificWay"
"SH","1+",1,339694,14514,10,2020-08-06,2020,37.874915,-122.582915,"18","Redwood Creek","Redwood Creek Mainstem",114,14.66,0.989508242752156,"PacificWay"
"SH","YoY",1,339695,14514,10,2020-08-06,2020,37.874915,-122.582915,"18","Redwood Creek","Redwood Creek Mainstem",85,6.64,1.0812131080806,"PacificWay"
"SH","YoY",1,339696,14514,10,2020-08-06,2020,37.874915,-122.582915,"18","Redwood Creek","Redwood Creek Mainstem",53,1.58,1.06127877375283,"PacificWay"
"SH","YoY",1,339697,14514,10,2020-08-06,2020,37.874915,-122.582915,"18","Redwood Creek","Redwood Creek Mainstem",66,3.1,1.0782758716643,"PacificWay"
"SH","YoY",1,339698,14514,10,2020-08-06,2020,37.874915,-122.582915,"18","Redwood Creek","Redwood Creek Mainstem",51,1.48,1.1157096441037,"PacificWay"
"SH","YoY",1,339706,14514,10,2020-08-06,2020,37.874915,-122.582915,"18","Redwood Creek","Redwood Creek Mainstem",38,NA,NA,"PacificWay"
"SH","YoY",1,339708,14514,10,2020-08-06,2020,37.874915,-122.582915,"18","Redwood Creek","Redwood Creek Mainstem",75,4.05,0.96,"PacificWay"
"SH","1+",1,339709,14514,10,2020-08-06,2020,37.874915,-122.582915,"18","Redwood Creek","Redwood Creek Mainstem",126,20.78,1.03880470471551,"PacificWay"
"SH","YoY",1,339710,14514,10,2020-08-06,2020,37.874915,-122.582915,"18","Redwood Creek","Redwood Creek Mainstem",53,1.64,1.10158049933838,"PacificWay"
"SH","YoY",1,339711,14514,10,2020-08-06,2020,37.874915,-122.582915,"18","Redwood Creek","Redwood Creek Mainstem",74,4.29,1.05867372120111,"PacificWay"
"SH","YoY",1,339713,14514,10,2020-08-06,2020,37.874915,-122.582915,"18","Redwood Creek","Redwood Creek Mainstem",70,3.75,1.0932944606414,"PacificWay"
"SH","YoY",1,339715,14514,10,2020-08-06,2020,37.874915,-122.582915,"18","Redwood Creek","Redwood Creek Mainstem",73,3.97,1.02052095409712,"PacificWay"
"SH","YoY",1,339716,14514,10,2020-08-06,2020,37.874915,-122.582915,"18","Redwood Creek","Redwood Creek Mainstem",46,1.19,1.22256924467823,"PacificWay"
"SH","YoY",1,339718,14514,10,2020-08-06,2020,37.874915,-122.582915,"18","Redwood Creek","Redwood Creek Mainstem",67,2.73,0.907691438109076,"PacificWay"
"SH","YoY",1,339720,14514,10,2020-08-06,2020,37.874915,-122.582915,"18","Redwood Creek","Redwood Creek Mainstem",58,1.99,1.01992701627783,"PacificWay"
"SH","YoY",1,339721,14514,10,2020-08-06,2020,37.874915,-122.582915,"18","Redwood Creek","Redwood Creek Mainstem",68,3.18,1.01134744555262,"PacificWay"
"SH","1+",1,339725,14514,10,2020-08-06,2020,37.874915,-122.582915,"18","Redwood Creek","Redwood Creek Mainstem",122,17.37,0.95657786334539,"PacificWay"
"SH","YoY",2,339729,14514,10,2020-08-06,2020,37.874915,-122.582915,"18","Redwood Creek","Redwood Creek Mainstem",NA,NA,NA,"PacificWay"
"SH","YoY",1,339731,14514,10,2020-08-06,2020,37.874915,-122.582915,"18","Redwood Creek","Redwood Creek Mainstem",69,3.49,1.06237576443872,"PacificWay"
"SH","YoY",1,339732,14514,10,2020-08-06,2020,37.874915,-122.582915,"18","Redwood Creek","Redwood Creek Mainstem",52,1.23,0.87477241693218,"PacificWay"
"SH","YoY",1,339735,14514,10,2020-08-06,2020,37.874915,-122.582915,"18","Redwood Creek","Redwood Creek Mainstem",70,3.61,1.05247813411079,"PacificWay"
"SH","YoY",1,339736,14514,10,2020-08-06,2020,37.874915,-122.582915,"18","Redwood Creek","Redwood Creek Mainstem",66,2.55,0.886968862175474,"PacificWay"
"SH","YoY",1,339737,14514,10,2020-08-06,2020,37.874915,-122.582915,"18","Redwood Creek","Redwood Creek Mainstem",48,1.21,1.09411168981481,"PacificWay"
"SH","YoY",1,339738,14514,10,2020-08-06,2020,37.874915,-122.582915,"18","Redwood Creek","Redwood Creek Mainstem",73,4.14,1.06422084381916,"PacificWay"
"SH","YoY",1,339739,14514,10,2020-08-06,2020,37.874915,-122.582915,"18","Redwood Creek","Redwood Creek Mainstem",80,5.61,1.095703125,"PacificWay"
"SH","YoY",1,339740,14514,10,2020-08-06,2020,37.874915,-122.582915,"18","Redwood Creek","Redwood Creek Mainstem",69,3.21,0.977142178753093,"PacificWay"
"SH","YoY",1,339741,14514,10,2020-08-06,2020,37.874915,-122.582915,"18","Redwood Creek","Redwood Creek Mainstem",62,3,1.25876942700816,"PacificWay"
"SH","YoY",1,339742,14514,10,2020-08-06,2020,37.874915,-122.582915,"18","Redwood Creek","Redwood Creek Mainstem",50,1.32,1.056,"PacificWay"
"SH","1+",1,339743,14514,10,2020-08-06,2020,37.874915,-122.582915,"18","Redwood Creek","Redwood Creek Mainstem",110,13.07,0.981968444778362,"PacificWay"
"SH","YoY",1,339751,14515,10,2020-08-06,2020,37.874915,-122.582915,"18","Redwood Creek","Redwood Creek Mainstem",55,1.72,1.03380916604057,"PacificWay"
"SH","1+",1,339752,14516,11,2020-08-06,2020,37.875583,-122.582088,"19","Redwood Creek","Redwood Creek Mainstem",114,16.39,1.1062783150551,"PacificWay"
"SH","1+",1,339753,14516,11,2020-08-06,2020,37.875583,-122.582088,"19","Redwood Creek","Redwood Creek Mainstem",98,10.68,1.13473127693393,"PacificWay"
"SH","1+",1,339754,14516,11,2020-08-06,2020,37.875583,-122.582088,"19","Redwood Creek","Redwood Creek Mainstem",114,17.23,1.16297592241607,"PacificWay"
"SH","1+",1,339755,14516,11,2020-08-06,2020,37.875583,-122.582088,"19","Redwood Creek","Redwood Creek Mainstem",99,10.62,1.09450798156032,"PacificWay"
"SH","1+",1,339756,14516,11,2020-08-06,2020,37.875583,-122.582088,"19","Redwood Creek","Redwood Creek Mainstem",91,8.3,1.10142242734925,"PacificWay"
"SH","1+",1,339757,14516,11,2020-08-06,2020,37.875583,-122.582088,"19","Redwood Creek","Redwood Creek Mainstem",96,10.38,1.17323133680556,"PacificWay"
"SH","YoY",1,339758,14516,11,2020-08-06,2020,37.875583,-122.582088,"19","Redwood Creek","Redwood Creek Mainstem",78,5.53,1.16530959726226,"PacificWay"
"SH","YoY",1,339759,14516,11,2020-08-06,2020,37.875583,-122.582088,"19","Redwood Creek","Redwood Creek Mainstem",71,4.09,1.14274219009754,"PacificWay"
"SH","YoY",1,339763,14516,11,2020-08-06,2020,37.875583,-122.582088,"19","Redwood Creek","Redwood Creek Mainstem",57,2.02,1.09075397018246,"PacificWay"
"SH","YoY",1,339764,14516,11,2020-08-06,2020,37.875583,-122.582088,"19","Redwood Creek","Redwood Creek Mainstem",69,3.5,1.06541982107035,"PacificWay"
"SH","YoY",1,339765,14516,11,2020-08-06,2020,37.875583,-122.582088,"19","Redwood Creek","Redwood Creek Mainstem",49,1.6,1.35997756037025,"PacificWay"
"SH","YoY",1,339766,14516,11,2020-08-06,2020,37.875583,-122.582088,"19","Redwood Creek","Redwood Creek Mainstem",68,3.3,1.04951150010177,"PacificWay"
"SH","YoY",1,339767,14516,11,2020-08-06,2020,37.875583,-122.582088,"19","Redwood Creek","Redwood Creek Mainstem",53,1.59,1.06799572801709,"PacificWay"
"SH","YoY",1,339768,14516,11,2020-08-06,2020,37.875583,-122.582088,"19","Redwood Creek","Redwood Creek Mainstem",74,4.95,1.2215466013859,"PacificWay"
"SH","YoY",1,339769,14516,11,2020-08-06,2020,37.875583,-122.582088,"19","Redwood Creek","Redwood Creek Mainstem",72,4.02,1.07703189300412,"PacificWay"
"SH","YoY",1,339771,14516,11,2020-08-06,2020,37.875583,-122.582088,"19","Redwood Creek","Redwood Creek Mainstem",57,1.91,1.03135647675668,"PacificWay"
"SH","YoY",1,339772,14516,11,2020-08-06,2020,37.875583,-122.582088,"19","Redwood Creek","Redwood Creek Mainstem",51,1.58,1.19109543086746,"PacificWay"
"SH","YoY",1,339774,14516,11,2020-08-06,2020,37.875583,-122.582088,"19","Redwood Creek","Redwood Creek Mainstem",56,1.95,1.11037718658892,"PacificWay"
"SH","YoY",1,339775,14516,11,2020-08-06,2020,37.875583,-122.582088,"19","Redwood Creek","Redwood Creek Mainstem",52,1.52,1.08101957214383,"PacificWay"
"SH","YoY",1,339776,14516,11,2020-08-06,2020,37.875583,-122.582088,"19","Redwood Creek","Redwood Creek Mainstem",48,1.08,0.9765625,"PacificWay"
"SH","YoY",1,339777,14516,11,2020-08-06,2020,37.875583,-122.582088,"19","Redwood Creek","Redwood Creek Mainstem",51,1.36,1.02524669998718,"PacificWay"
"SH","YoY",1,339779,14516,11,2020-08-06,2020,37.875583,-122.582088,"19","Redwood Creek","Redwood Creek Mainstem",58,1.96,1.00455123211284,"PacificWay"
"SH","1+",1,339780,14516,11,2020-08-06,2020,37.875583,-122.582088,"19","Redwood Creek","Redwood Creek Mainstem",89,7.26,1.02983251745821,"PacificWay"
"SH","1+",1,339781,14516,11,2020-08-06,2020,37.875583,-122.582088,"19","Redwood Creek","Redwood Creek Mainstem",112,14.62,1.04062272230321,"PacificWay"
"SH","YoY",52,339785,14516,11,2020-08-06,2020,37.875583,-122.582088,"19","Redwood Creek","Redwood Creek Mainstem",NA,NA,NA,"PacificWay"
"SH","YoY",1,339789,14516,11,2020-08-06,2020,37.875583,-122.582088,"19","Redwood Creek","Redwood Creek Mainstem",61,2.82,1.24239473788555,"PacificWay"
"SH","YoY",1,339790,14516,11,2020-08-06,2020,37.875583,-122.582088,"19","Redwood Creek","Redwood Creek Mainstem",78,5.07,1.06837606837607,"PacificWay"
"SH","YoY",1,339791,14516,11,2020-08-06,2020,37.875583,-122.582088,"19","Redwood Creek","Redwood Creek Mainstem",84,6.51,1.09835600907029,"PacificWay"
"SH","YoY",1,339792,14516,11,2020-08-06,2020,37.875583,-122.582088,"19","Redwood Creek","Redwood Creek Mainstem",61,2.57,1.13225336041343,"PacificWay"
"SH","YoY",1,339794,14516,11,2020-08-06,2020,37.875583,-122.582088,"19","Redwood Creek","Redwood Creek Mainstem",43,0.94,1.18228583646723,"PacificWay"
"SH","YoY",1,339796,14516,11,2020-08-06,2020,37.875583,-122.582088,"19","Redwood Creek","Redwood Creek Mainstem",51,1.39,1.04786243601631,"PacificWay"
"SH","YoY",1,339797,14516,11,2020-08-06,2020,37.875583,-122.582088,"19","Redwood Creek","Redwood Creek Mainstem",51,1.53,1.15340253748558,"PacificWay"
"SH","YoY",1,339798,14516,11,2020-08-06,2020,37.875583,-122.582088,"19","Redwood Creek","Redwood Creek Mainstem",82,5.51,0.999332569173401,"PacificWay"
"SH","YoY",1,339799,14516,11,2020-08-06,2020,37.875583,-122.582088,"19","Redwood Creek","Redwood Creek Mainstem",47,1.13,1.08839081899001,"PacificWay"
"SH","YoY",1,339800,14516,11,2020-08-06,2020,37.875583,-122.582088,"19","Redwood Creek","Redwood Creek Mainstem",55,1.67,1.00375657400451,"PacificWay"
"SH","1+",1,339801,14516,11,2020-08-06,2020,37.875583,-122.582088,"19","Redwood Creek","Redwood Creek Mainstem",122,20.62,1.13555760173759,"PacificWay"
"SH","1+",1,339802,14516,11,2020-08-06,2020,37.875583,-122.582088,"19","Redwood Creek","Redwood Creek Mainstem",107,15.75,1.28566915610309,"PacificWay"
"SH","1+",1,339803,14516,11,2020-08-06,2020,37.875583,-122.582088,"19","Redwood Creek","Redwood Creek Mainstem",90,8.9,1.22085048010974,"PacificWay"
"SH","YoY",1,339819,14518,22,2020-08-10,2020,37.880695,-122.57684,"29","Redwood Creek","Redwood Creek Mainstem",57,1.95,1.05295556527515,"PacificWay"
"SH","YoY",1,339820,14518,22,2020-08-10,2020,37.880695,-122.57684,"29","Redwood Creek","Redwood Creek Mainstem",46,1.04,1.06846387770198,"PacificWay"
"SH","YoY",1,339821,14518,22,2020-08-10,2020,37.880695,-122.57684,"29","Redwood Creek","Redwood Creek Mainstem",38,NA,NA,"PacificWay"
"SH","YoY",1,339822,14518,22,2020-08-10,2020,37.880695,-122.57684,"29","Redwood Creek","Redwood Creek Mainstem",66,3.16,1.0991457272449,"PacificWay"
"SH","YoY",1,339830,14518,22,2020-08-10,2020,37.880695,-122.57684,"29","Redwood Creek","Redwood Creek Mainstem",73,3.99,1.02566211759383,"PacificWay"
"SH","YoY",1,339840,14518,22,2020-08-10,2020,37.880695,-122.57684,"29","Redwood Creek","Redwood Creek Mainstem",71,3.68,1.0281885720193,"PacificWay"
"SH","YoY",1,339844,14519,22,2020-08-10,2020,37.880695,-122.57684,"29","Redwood Creek","Redwood Creek Mainstem",68,3.31,1.05269183798087,"PacificWay"
"SH","YoY",1,339847,14520,22,2020-08-10,2020,37.880695,-122.57684,"29","Redwood Creek","Redwood Creek Mainstem",61,2.56,1.12784770531454,"PacificWay"
"SH","YoY",1,339855,14521,22,2020-08-10,2020,37.880695,-122.57684,"29","Redwood Creek","Redwood Creek Mainstem",56,1.83,1.04204628279883,"PacificWay"
"SH","YoY",1,339856,14521,22,2020-08-10,2020,37.880695,-122.57684,"29","Redwood Creek","Redwood Creek Mainstem",63,2.7,1.07979699816434,"PacificWay"
"SH","YoY",1,339858,14521,22,2020-08-10,2020,37.880695,-122.57684,"29","Redwood Creek","Redwood Creek Mainstem",64,2.59,0.988006591796875,"PacificWay"
"SH","YoY",1,339860,14521,22,2020-08-10,2020,37.880695,-122.57684,"29","Redwood Creek","Redwood Creek Mainstem",63,2.79,1.11579023143649,"PacificWay"
"SH","YoY",1,339861,14521,22,2020-08-10,2020,37.880695,-122.57684,"29","Redwood Creek","Redwood Creek Mainstem",61,2.02,0.889942329974756,"PacificWay"
"SH","YoY",1,339862,14521,22,2020-08-10,2020,37.880695,-122.57684,"29","Redwood Creek","Redwood Creek Mainstem",75,4.48,1.06192592592593,"PacificWay"
"SH","YoY",1,339863,14521,22,2020-08-10,2020,37.880695,-122.57684,"29","Redwood Creek","Redwood Creek Mainstem",56,1.71,0.973715379008746,"PacificWay"
"SH","YoY",1,339864,14521,22,2020-08-10,2020,37.880695,-122.57684,"29","Redwood Creek","Redwood Creek Mainstem",71,4.09,1.14274219009754,"PacificWay"
"SH","YoY",1,339865,14521,22,2020-08-10,2020,37.880695,-122.57684,"29","Redwood Creek","Redwood Creek Mainstem",67,3.48,1.15705721780937,"PacificWay"
"SH","YoY",1,339872,14521,22,2020-08-10,2020,37.880695,-122.57684,"29","Redwood Creek","Redwood Creek Mainstem",64,2.48,0.946044921875,"PacificWay"
"SH","YoY",1,339873,14521,22,2020-08-10,2020,37.880695,-122.57684,"29","Redwood Creek","Redwood Creek Mainstem",58,1.77,0.907171265734553,"PacificWay"
"SH","1+",1,339874,14521,22,2020-08-10,2020,37.880695,-122.57684,"29","Redwood Creek","Redwood Creek Mainstem",86,7.99,1.25617870124643,"PacificWay"
"SH","YoY",1,339875,14521,22,2020-08-10,2020,37.880695,-122.57684,"29","Redwood Creek","Redwood Creek Mainstem",73,4.08,1.04879735332903,"PacificWay"
"SH","YoY",1,339876,14521,22,2020-08-10,2020,37.880695,-122.57684,"29","Redwood Creek","Redwood Creek Mainstem",74,4.3,1.061141492113,"PacificWay"
"SH","1+",1,339877,14521,22,2020-08-10,2020,37.880695,-122.57684,"29","Redwood Creek","Redwood Creek Mainstem",101,11.36,1.1025904080458,"PacificWay"
"SH","YoY",1,339885,14521,22,2020-08-10,2020,37.880695,-122.57684,"29","Redwood Creek","Redwood Creek Mainstem",58,2.19,1.12243224404445,"PacificWay"
"SH","YoY",1,339886,14521,22,2020-08-10,2020,37.880695,-122.57684,"29","Redwood Creek","Redwood Creek Mainstem",63,2.72,1.08779549444704,"PacificWay"
"SH","1+",1,339887,14521,22,2020-08-10,2020,37.880695,-122.57684,"29","Redwood Creek","Redwood Creek Mainstem",108,11.66,0.925608393029518,"PacificWay"
"SH","YoY",1,339892,14523,22,2020-08-10,2020,37.880695,-122.57684,"29","Redwood Creek","Redwood Creek Mainstem",65,3.01,1.09604005461994,"PacificWay"
"SH","YoY",1,339893,14523,22,2020-08-10,2020,37.880695,-122.57684,"29","Redwood Creek","Redwood Creek Mainstem",58,2.06,1.05580384599615,"PacificWay"
"SH","YoY",1,339894,14523,22,2020-08-10,2020,37.880695,-122.57684,"29","Redwood Creek","Redwood Creek Mainstem",60,2.42,1.12037037037037,"PacificWay"
"SH","YoY",1,339899,14524,22,2020-08-10,2020,37.880695,-122.57684,"29","Redwood Creek","Redwood Creek Mainstem",55,1.97,1.18407212622089,"PacificWay"
"SH","YoY",1,339903,14525,22,2020-08-10,2020,37.880695,-122.57684,"29","Redwood Creek","Redwood Creek Mainstem",62,2.73,1.14548017857742,"PacificWay"
"SH","YoY",1,339904,14525,22,2020-08-10,2020,37.880695,-122.57684,"29","Redwood Creek","Redwood Creek Mainstem",68,3.09,0.982724404640749,"PacificWay"
"SH","YoY",1,339905,14525,22,2020-08-10,2020,37.880695,-122.57684,"29","Redwood Creek","Redwood Creek Mainstem",44,0.89,1.04479714500376,"PacificWay"
"SH","YoY",1,339906,14525,22,2020-08-10,2020,37.880695,-122.57684,"29","Redwood Creek","Redwood Creek Mainstem",59,2.04,0.993285584212602,"PacificWay"
"SH","1+",1,339907,14525,22,2020-08-10,2020,37.880695,-122.57684,"29","Redwood Creek","Redwood Creek Mainstem",105,12.22,1.05560954540546,"PacificWay"
"SH","YoY",1,339908,14525,22,2020-08-10,2020,37.880695,-122.57684,"29","Redwood Creek","Redwood Creek Mainstem",62,2.51,1.05317042059682,"PacificWay"
"SH","YoY",1,339909,14525,22,2020-08-10,2020,37.880695,-122.57684,"29","Redwood Creek","Redwood Creek Mainstem",62,2.48,1.04058272632674,"PacificWay"
"SH","YoY",1,339910,14525,22,2020-08-10,2020,37.880695,-122.57684,"29","Redwood Creek","Redwood Creek Mainstem",66,3.36,1.16871191251357,"PacificWay"
"SH","1+",1,339919,14525,22,2020-08-10,2020,37.880695,-122.57684,"29","Redwood Creek","Redwood Creek Mainstem",87,6.4,0.971901418824212,"PacificWay"
"SH","YoY",1,339920,14525,22,2020-08-10,2020,37.880695,-122.57684,"29","Redwood Creek","Redwood Creek Mainstem",53,1.35,0.906788825674886,"PacificWay"
"SH","YoY",1,339921,14525,22,2020-08-10,2020,37.880695,-122.57684,"29","Redwood Creek","Redwood Creek Mainstem",63,2.92,1.16778045727403,"PacificWay"
"SH","1+",1,339930,14525,22,2020-08-10,2020,37.880695,-122.57684,"29","Redwood Creek","Redwood Creek Mainstem",131,23.47,1.04399688446776,"PacificWay"
"SH","YoY",1,339932,14525,22,2020-08-10,2020,37.880695,-122.57684,"29","Redwood Creek","Redwood Creek Mainstem",67,3.15,1.04733627474124,"PacificWay"
"SH","YoY",1,339939,14526,47,2020-08-04,2020,37.891506,-122.570365,"51","Redwood Creek","Redwood Creek Mainstem",52,1.5,1.0667956304051,"Dipsea"
"SH","YoY",1,339940,14526,47,2020-08-04,2020,37.891506,-122.570365,"51","Redwood Creek","Redwood Creek Mainstem",42,0.9,1.21477162293489,"Dipsea"
"SH","YoY",1,339947,14526,47,2020-08-04,2020,37.891506,-122.570365,"51","Redwood Creek","Redwood Creek Mainstem",61,2.16,0.951621501359145,"Dipsea"
"SH","YoY",1,339954,14526,47,2020-08-04,2020,37.891506,-122.570365,"51","Redwood Creek","Redwood Creek Mainstem",49,1.18,1.00298345077306,"Dipsea"
"SH","YoY",1,339955,14526,47,2020-08-04,2020,37.891506,-122.570365,"51","Redwood Creek","Redwood Creek Mainstem",57,1.77,0.955759666942055,"Dipsea"
"SH","1+",1,339956,14526,47,2020-08-04,2020,37.891506,-122.570365,"51","Redwood Creek","Redwood Creek Mainstem",86,6.95,1.09267108556479,"Dipsea"
"SH","YoY",1,339958,14526,47,2020-08-04,2020,37.891506,-122.570365,"51","Redwood Creek","Redwood Creek Mainstem",61,3.1,1.36575308065433,"Dipsea"
"SH","YoY",1,339959,14526,47,2020-08-04,2020,37.891506,-122.570365,"51","Redwood Creek","Redwood Creek Mainstem",59,2.2,1.07119033591555,"Dipsea"
"SH","YoY",1,339961,14526,47,2020-08-04,2020,37.891506,-122.570365,"51","Redwood Creek","Redwood Creek Mainstem",50,1.31,1.048,"Dipsea"
"SH","1+",1,339965,14526,47,2020-08-04,2020,37.891506,-122.570365,"51","Redwood Creek","Redwood Creek Mainstem",90,7.54,1.03429355281207,"Dipsea"
"SH","YoY",1,339967,14526,47,2020-08-04,2020,37.891506,-122.570365,"51","Redwood Creek","Redwood Creek Mainstem",59,2.26,1.10040461780416,"Dipsea"
"SH","YoY",1,339971,14526,47,2020-08-04,2020,37.891506,-122.570365,"51","Redwood Creek","Redwood Creek Mainstem",56,1.71,0.973715379008746,"Dipsea"
"SH","YoY",1,339977,14528,48,2020-08-12,2020,37.891777,-122.571389,"52","Redwood Creek","Redwood Creek Mainstem",49,1.11,0.943484432506864,"Dipsea"
"SH","YoY",1,339978,14528,48,2020-08-12,2020,37.891777,-122.571389,"52","Redwood Creek","Redwood Creek Mainstem",49,0.96,0.815986536222152,"Dipsea"
"CO","YoY",1,339979,14529,48,2020-08-12,2020,37.891777,-122.571389,"52","Redwood Creek","Redwood Creek Mainstem",68,3.34,1.06223285161816,"Dipsea"
"SH","YoY",1,339984,14529,48,2020-08-12,2020,37.891777,-122.571389,"52","Redwood Creek","Redwood Creek Mainstem",49,1.25,1.06248246903926,"Dipsea"
"SH","YoY",1,339985,14529,48,2020-08-12,2020,37.891777,-122.571389,"52","Redwood Creek","Redwood Creek Mainstem",49,1.21,1.02848303003,"Dipsea"
"SH","YoY",1,339986,14529,48,2020-08-12,2020,37.891777,-122.571389,"52","Redwood Creek","Redwood Creek Mainstem",55,1.71,1.02779864763336,"Dipsea"
"SH","YoY",1,339987,14529,48,2020-08-12,2020,37.891777,-122.571389,"52","Redwood Creek","Redwood Creek Mainstem",41,1.02,1.47995531115335,"Dipsea"
"SH","YoY",1,339988,14529,48,2020-08-12,2020,37.891777,-122.571389,"52","Redwood Creek","Redwood Creek Mainstem",52,1.41,1.00278789258079,"Dipsea"
"SH","YoY",1,339995,14529,48,2020-08-12,2020,37.891777,-122.571389,"52","Redwood Creek","Redwood Creek Mainstem",69,3.83,1.16587368991413,"Dipsea"
"SH","YoY",1,340001,14530,48,2020-08-12,2020,37.891777,-122.571389,"52","Redwood Creek","Redwood Creek Mainstem",49,1.2,1.01998317027769,"Dipsea"
"SH","YoY",1,340006,14531,48,2020-08-12,2020,37.891777,-122.571389,"52","Redwood Creek","Redwood Creek Mainstem",64,2.68,1.0223388671875,"Dipsea"
"SH","YoY",1,340007,14531,48,2020-08-12,2020,37.891777,-122.571389,"52","Redwood Creek","Redwood Creek Mainstem",47,1.1,1.0594954875124,"Dipsea"
"SH","YoY",1,340008,14531,48,2020-08-12,2020,37.891777,-122.571389,"52","Redwood Creek","Redwood Creek Mainstem",59,1.91,0.929987973453956,"Dipsea"
"SH","YoY",1,340014,14532,48,2020-08-12,2020,37.891777,-122.571389,"52","Redwood Creek","Redwood Creek Mainstem",51,1.27,0.957399491899797,"Dipsea"
"SH","YoY",1,340015,14532,48,2020-08-12,2020,37.891777,-122.571389,"52","Redwood Creek","Redwood Creek Mainstem",44,0.85,0.997839969947408,"Dipsea"
"SH","YoY",1,340022,14532,48,2020-08-12,2020,37.891777,-122.571389,"52","Redwood Creek","Redwood Creek Mainstem",63,2.86,1.14378496842594,"Dipsea"
"SH","YoY",1,340023,14533,48,2020-08-12,2020,37.891777,-122.571389,"52","Redwood Creek","Redwood Creek Mainstem",53,1.5,1.00754313963876,"Dipsea"
"SH","YoY",1,340024,14533,48,2020-08-12,2020,37.891777,-122.571389,"52","Redwood Creek","Redwood Creek Mainstem",47,1,0.963177715920364,"Dipsea"
"SH","YoY",1,340025,14533,48,2020-08-12,2020,37.891777,-122.571389,"52","Redwood Creek","Redwood Creek Mainstem",63,2.65,1.0598007574576,"Dipsea"
"SH","YoY",1,340026,14533,48,2020-08-12,2020,37.891777,-122.571389,"52","Redwood Creek","Redwood Creek Mainstem",39,NA,NA,"Dipsea"
"SH","YoY",1,340027,14533,48,2020-08-12,2020,37.891777,-122.571389,"52","Redwood Creek","Redwood Creek Mainstem",58,2.09,1.07117963016114,"Dipsea"
"CO","YoY",1,340028,14533,48,2020-08-12,2020,37.891777,-122.571389,"52","Redwood Creek","Redwood Creek Mainstem",70,3.49,1.01749271137026,"Dipsea"
"SH","YoY",1,340029,14533,48,2020-08-12,2020,37.891777,-122.571389,"52","Redwood Creek","Redwood Creek Mainstem",58,1.95,0.999425970724507,"Dipsea"
"CO","YoY",1,340030,14533,48,2020-08-12,2020,37.891777,-122.571389,"52","Redwood Creek","Redwood Creek Mainstem",67,3.12,1.03736164355323,"Dipsea"
"SH","YoY",1,340031,14533,48,2020-08-12,2020,37.891777,-122.571389,"52","Redwood Creek","Redwood Creek Mainstem",68,3.41,1.08449521677183,"Dipsea"
"SH","YoY",1,340032,14533,48,2020-08-12,2020,37.891777,-122.571389,"52","Redwood Creek","Redwood Creek Mainstem",44,0.81,0.950882794891059,"Dipsea"
"SH","YoY",1,340033,14533,48,2020-08-12,2020,37.891777,-122.571389,"52","Redwood Creek","Redwood Creek Mainstem",65,2.81,1.02321347291761,"Dipsea"
"SH","1+",1,340034,14533,48,2020-08-12,2020,37.891777,-122.571389,"52","Redwood Creek","Redwood Creek Mainstem",105,11.64,1.00550696469064,"Dipsea"
"SH","YoY",1,340035,14533,48,2020-08-12,2020,37.891777,-122.571389,"52","Redwood Creek","Redwood Creek Mainstem",63,NA,NA,"Dipsea"
"CO","YoY",1,340036,14533,48,2020-08-12,2020,37.891777,-122.571389,"52","Redwood Creek","Redwood Creek Mainstem",78,6.23,1.31281714121951,"Dipsea"
"SH","1+",1,340038,14533,48,2020-08-12,2020,37.891777,-122.571389,"52","Redwood Creek","Redwood Creek Mainstem",97,9.2,1.00802806700757,"Dipsea"
"CO","YoY",1,340039,14533,48,2020-08-12,2020,37.891777,-122.571389,"52","Redwood Creek","Redwood Creek Mainstem",69,3.69,1.12325689707131,"Dipsea"
"SH","1+",1,340041,14533,48,2020-08-12,2020,37.891777,-122.571389,"52","Redwood Creek","Redwood Creek Mainstem",104,13.89,1.2348159421939,"Dipsea"
"SH","YoY",1,340042,14533,48,2020-08-12,2020,37.891777,-122.571389,"52","Redwood Creek","Redwood Creek Mainstem",82,6.49,1.17707230016976,"Dipsea"
"CO","YoY",1,340043,14533,48,2020-08-12,2020,37.891777,-122.571389,"52","Redwood Creek","Redwood Creek Mainstem",71,3.7,1.03377655338897,"Dipsea"
"SH","1+",1,340045,14533,48,2020-08-12,2020,37.891777,-122.571389,"52","Redwood Creek","Redwood Creek Mainstem",89,7.5,1.06387656762212,"Dipsea"
"SH","1+",1,340047,14533,48,2020-08-12,2020,37.891777,-122.571389,"52","Redwood Creek","Redwood Creek Mainstem",113,11.59,0.803245138079849,"Dipsea"
"SH","YoY",11,340048,14533,48,2020-08-12,2020,37.891777,-122.571389,"52","Redwood Creek","Redwood Creek Mainstem",NA,NA,NA,"Dipsea"
"SH","1+",1,340050,14533,48,2020-08-12,2020,37.891777,-122.571389,"52","Redwood Creek","Redwood Creek Mainstem",108,10.82,0.858926484783824,"Dipsea"
"SH","YoY",1,340053,14533,48,2020-08-12,2020,37.891777,-122.571389,"52","Redwood Creek","Redwood Creek Mainstem",54,1.61,1.02245592643398,"Dipsea"
"SH","YoY",1,340054,14533,48,2020-08-12,2020,37.891777,-122.571389,"52","Redwood Creek","Redwood Creek Mainstem",66,3.04,1.0574060160837,"Dipsea"
"SH","1+",1,340055,14533,48,2020-08-12,2020,37.891777,-122.571389,"52","Redwood Creek","Redwood Creek Mainstem",122,NA,NA,"Dipsea"
"SH","1+",1,340058,14533,48,2020-08-12,2020,37.891777,-122.571389,"52","Redwood Creek","Redwood Creek Mainstem",109,13.53,1.04476424852262,"Dipsea"
"SH","YoY",1,340061,14533,48,2020-08-12,2020,37.891777,-122.571389,"52","Redwood Creek","Redwood Creek Mainstem",67,3.14,1.04401139767857,"Dipsea"
"SH","1+",1,340062,14533,48,2020-08-12,2020,37.891777,-122.571389,"52","Redwood Creek","Redwood Creek Mainstem",125,19.51,0.998912,"Dipsea"
"SH","1+",1,340063,14533,48,2020-08-12,2020,37.891777,-122.571389,"52","Redwood Creek","Redwood Creek Mainstem",129,20.74,0.966139016876688,"Dipsea"
"SH","YoY",1,340064,14533,48,2020-08-12,2020,37.891777,-122.571389,"52","Redwood Creek","Redwood Creek Mainstem",64,2.66,1.01470947265625,"Dipsea"
"SH","YoY",1,340065,14533,48,2020-08-12,2020,37.891777,-122.571389,"52","Redwood Creek","Redwood Creek Mainstem",53,1.49,1.0008261853745,"Dipsea"
"SH","1+",1,340066,14533,48,2020-08-12,2020,37.891777,-122.571389,"52","Redwood Creek","Redwood Creek Mainstem",105,12.31,1.06338408379225,"Dipsea"
"SH","1+",1,340067,14533,48,2020-08-12,2020,37.891777,-122.571389,"52","Redwood Creek","Redwood Creek Mainstem",91,7.95,1.0549769033044,"Dipsea"
"SH","YoY",1,340068,14533,48,2020-08-12,2020,37.891777,-122.571389,"52","Redwood Creek","Redwood Creek Mainstem",59,2.06,1.00302367817547,"Dipsea"
"SH","1+",1,340069,14533,48,2020-08-12,2020,37.891777,-122.571389,"52","Redwood Creek","Redwood Creek Mainstem",106,12.44,1.04448638809218,"Dipsea"
"SH","YoY",1,340070,14533,48,2020-08-12,2020,37.891777,-122.571389,"52","Redwood Creek","Redwood Creek Mainstem",60,3.04,1.40740740740741,"Dipsea"
"SH","1+",1,340071,14533,48,2020-08-12,2020,37.891777,-122.571389,"52","Redwood Creek","Redwood Creek Mainstem",98,10.58,1.12410645224354,"Dipsea"
"SH","1+",1,340072,14533,48,2020-08-12,2020,37.891777,-122.571389,"52","Redwood Creek","Redwood Creek Mainstem",86,7.35,1.15555863005773,"Dipsea"
"SH","1+",1,340073,14533,48,2020-08-12,2020,37.891777,-122.571389,"52","Redwood Creek","Redwood Creek Mainstem",89,7.64,1.0837355968844,"Dipsea"
"SH","1+",1,340074,14533,48,2020-08-12,2020,37.891777,-122.571389,"52","Redwood Creek","Redwood Creek Mainstem",101,10.34,1.00359021295718,"Dipsea"
"SH","YoY",1,340075,14533,48,2020-08-12,2020,37.891777,-122.571389,"52","Redwood Creek","Redwood Creek Mainstem",63,2.51,1.00381128347871,"Dipsea"
"SH","YoY",1,340081,14533,48,2020-08-12,2020,37.891777,-122.571389,"52","Redwood Creek","Redwood Creek Mainstem",66,3.08,1.07131925313743,"Dipsea"
"SH","YoY",1,340082,14533,48,2020-08-12,2020,37.891777,-122.571389,"52","Redwood Creek","Redwood Creek Mainstem",73,4.24,1.08992666130272,"Dipsea"
"SH","YoY",1,340083,14533,48,2020-08-12,2020,37.891777,-122.571389,"52","Redwood Creek","Redwood Creek Mainstem",56,1.63,0.928161443148688,"Dipsea"
"SH","1+",1,340084,14533,48,2020-08-12,2020,37.891777,-122.571389,"52","Redwood Creek","Redwood Creek Mainstem",132,22.92,0.99653560397362,"Dipsea"
"SH","YoY",1,340085,14533,48,2020-08-12,2020,37.891777,-122.571389,"52","Redwood Creek","Redwood Creek Mainstem",53,1.5,1.00754313963876,"Dipsea"
"SH","YoY",1,340086,14533,48,2020-08-12,2020,37.891777,-122.571389,"52","Redwood Creek","Redwood Creek Mainstem",59,1.99,0.96894034930543,"Dipsea"
"SH","1+",1,340087,14533,48,2020-08-12,2020,37.891777,-122.571389,"52","Redwood Creek","Redwood Creek Mainstem",140,29.31,1.06814868804665,"Dipsea"
"SH","YoY",1,340095,14533,48,2020-08-12,2020,37.891777,-122.571389,"52","Redwood Creek","Redwood Creek Mainstem",58,1.99,1.01992701627783,"Dipsea"
"SH","YoY",1,340096,14533,48,2020-08-12,2020,37.891777,-122.571389,"52","Redwood Creek","Redwood Creek Mainstem",62,2.63,1.10352119767715,"Dipsea"
"SH","1+",1,340097,14533,48,2020-08-12,2020,37.891777,-122.571389,"52","Redwood Creek","Redwood Creek Mainstem",104,11.92,1.05968365953573,"Dipsea"
"SH","YoY",1,340098,14533,48,2020-08-12,2020,37.891777,-122.571389,"52","Redwood Creek","Redwood Creek Mainstem",55,2.11,1.26821938392186,"Dipsea"
"SH","1+",1,340099,14533,48,2020-08-12,2020,37.891777,-122.571389,"52","Redwood Creek","Redwood Creek Mainstem",94,8.28,0.996888935977577,"Dipsea"
"SH","YoY",1,340100,14533,48,2020-08-12,2020,37.891777,-122.571389,"52","Redwood Creek","Redwood Creek Mainstem",51,1.26,0.949860913223421,"Dipsea"
"SH","YoY",1,340107,14534,59,2020-08-13,2020,37.898441,-122.576095,"62","Redwood Creek","Redwood Creek Mainstem",62,2.2,0.923097579805982,"Dipsea"
"SH","YoY",1,340108,14534,59,2020-08-13,2020,37.898441,-122.576095,"62","Redwood Creek","Redwood Creek Mainstem",32,NA,NA,"Dipsea"
"SH","YoY",1,340109,14535,60,2020-08-13,2020,37.899186,-122.576559,"63","Redwood Creek","Redwood Creek Mainstem",38,NA,NA,"Dipsea"
"SH","YoY",1,340110,14535,60,2020-08-13,2020,37.899186,-122.576559,"63","Redwood Creek","Redwood Creek Mainstem",35,NA,NA,"Dipsea"
"SH","YoY",1,340111,14535,60,2020-08-13,2020,37.899186,-122.576559,"63","Redwood Creek","Redwood Creek Mainstem",40,0.56,0.875,"Dipsea"
"SH","YoY",1,340112,14536,60,2020-08-13,2020,37.899186,-122.576559,"63","Redwood Creek","Redwood Creek Mainstem",33,NA,NA,"Dipsea"
"SH","YoY",1,340113,14537,60,2020-08-13,2020,37.899186,-122.576559,"63","Redwood Creek","Redwood Creek Mainstem",50,1.32,1.056,"Dipsea"
"SH","YoY",1,340114,14537,60,2020-08-13,2020,37.899186,-122.576559,"63","Redwood Creek","Redwood Creek Mainstem",54,1.32,0.838286846517299,"Dipsea"
"SH","YoY",1,340115,14537,60,2020-08-13,2020,37.899186,-122.576559,"63","Redwood Creek","Redwood Creek Mainstem",70,3.6,1.04956268221574,"Dipsea"
"SH","YoY",1,340116,14537,60,2020-08-13,2020,37.899186,-122.576559,"63","Redwood Creek","Redwood Creek Mainstem",64,2.66,1.01470947265625,"Dipsea"
"SH","YoY",1,340118,14539,60,2020-08-13,2020,37.899186,-122.576559,"63","Redwood Creek","Redwood Creek Mainstem",58,2.22,1.13780802820944,"Dipsea"
"SH","YoY",1,340121,14542,60,2020-08-13,2020,37.899186,-122.576559,"63","Redwood Creek","Redwood Creek Mainstem",66,2.87,0.998274758605337,"Dipsea"
"SH","YoY",1,340122,14542,60,2020-08-13,2020,37.899186,-122.576559,"63","Redwood Creek","Redwood Creek Mainstem",61,2.47,1.08819680942458,"Dipsea"
"SH","YoY",1,340123,14542,60,2020-08-13,2020,37.899186,-122.576559,"63","Redwood Creek","Redwood Creek Mainstem",42,0.89,1.20127416045783,"Dipsea"
"SH","YoY",1,340124,14542,60,2020-08-13,2020,37.899186,-122.576559,"63","Redwood Creek","Redwood Creek Mainstem",63,2.81,1.12378872771919,"Dipsea"
"SH","YoY",1,340125,14542,60,2020-08-13,2020,37.899186,-122.576559,"63","Redwood Creek","Redwood Creek Mainstem",65,2.45,0.892125625853437,"Dipsea"
"SH","YoY",1,340126,14542,60,2020-08-13,2020,37.899186,-122.576559,"63","Redwood Creek","Redwood Creek Mainstem",71,3.7,1.03377655338897,"Dipsea"
"SH","1+",1,340127,14542,60,2020-08-13,2020,37.899186,-122.576559,"63","Redwood Creek","Redwood Creek Mainstem",87,7.04,1.06909156070663,"Dipsea"
"SH","YoY",1,340129,14542,60,2020-08-13,2020,37.899186,-122.576559,"63","Redwood Creek","Redwood Creek Mainstem",67,3.29,1.09388455361863,"Dipsea"
"SH","1+",1,340130,14542,60,2020-08-13,2020,37.899186,-122.576559,"63","Redwood Creek","Redwood Creek Mainstem",92,8.56,1.09928495109723,"Dipsea"
"SH","YoY",1,343017,16737,12,2022-07-21,2022,37.86504,-122.57661,"2","Redwood Creek","Redwood Creek Mainstem",63,3.13,1.25176466824237,"PacificWay"
"SH","YoY",1,343018,16737,12,2022-07-21,2022,37.86504,-122.57661,"2","Redwood Creek","Redwood Creek Mainstem",60,2.6,1.2037037037037,"PacificWay"
"SH","YoY",1,343019,16737,12,2022-07-21,2022,37.86504,-122.57661,"2","Redwood Creek","Redwood Creek Mainstem",63,2.77,1.10779173515379,"PacificWay"
"SH","YoY",1,343020,16737,12,2022-07-21,2022,37.86504,-122.57661,"2","Redwood Creek","Redwood Creek Mainstem",62,2.68,1.12450068812729,"PacificWay"
"CO","YoY",1,343021,16737,12,2022-07-21,2022,37.86504,-122.57661,"2","Redwood Creek","Redwood Creek Mainstem",87,8.22,1.24828588480235,"PacificWay"
"CO","YoY",1,343022,16737,12,2022-07-21,2022,37.86504,-122.57661,"2","Redwood Creek","Redwood Creek Mainstem",78,6.19,1.30438813870767,"PacificWay"
"SH","YoY",1,343023,16737,12,2022-07-21,2022,37.86504,-122.57661,"2","Redwood Creek","Redwood Creek Mainstem",42,0.82,1.10679192311845,"PacificWay"
"CO","YoY",1,343024,16737,12,2022-07-21,2022,37.86504,-122.57661,"2","Redwood Creek","Redwood Creek Mainstem",78,5.76,1.21377636170536,"PacificWay"
"CO","YoY",1,343025,16737,12,2022-07-21,2022,37.86504,-122.57661,"2","Redwood Creek","Redwood Creek Mainstem",81,7.05,1.32658187832704,"PacificWay"
"CO","YoY",1,343027,16737,12,2022-07-21,2022,37.86504,-122.57661,"2","Redwood Creek","Redwood Creek Mainstem",68,3.67,1.16718400162833,"PacificWay"
"CO","YoY",1,343028,16737,12,2022-07-21,2022,37.86504,-122.57661,"2","Redwood Creek","Redwood Creek Mainstem",72,4.46,1.19491598079561,"PacificWay"
"SH","YoY",1,343029,16737,12,2022-07-21,2022,37.86504,-122.57661,"2","Redwood Creek","Redwood Creek Mainstem",65,3.04,1.10696404187528,"PacificWay"
"SH","YoY",1,343030,16737,12,2022-07-21,2022,37.86504,-122.57661,"2","Redwood Creek","Redwood Creek Mainstem",59,2.27,1.10527366478559,"PacificWay"
"SH","YoY",1,343031,16737,12,2022-07-21,2022,37.86504,-122.57661,"2","Redwood Creek","Redwood Creek Mainstem",92,8.9,1.14294813840717,"PacificWay"
"SH","YoY",1,343032,16737,12,2022-07-21,2022,37.86504,-122.57661,"2","Redwood Creek","Redwood Creek Mainstem",43,0.86,1.08166576527853,"PacificWay"
"SH","YoY",1,343033,16737,12,2022-07-21,2022,37.86504,-122.57661,"2","Redwood Creek","Redwood Creek Mainstem",51,1.56,1.17601827351471,"PacificWay"
"CO","YoY",1,343035,16737,12,2022-07-21,2022,37.86504,-122.57661,"2","Redwood Creek","Redwood Creek Mainstem",77,5.42,1.1872088107541,"PacificWay"
"CO","YoY",1,343038,16737,12,2022-07-21,2022,37.86504,-122.57661,"2","Redwood Creek","Redwood Creek Mainstem",71,4.59,1.28244172433929,"PacificWay"
"CO","YoY",1,343039,16737,12,2022-07-21,2022,37.86504,-122.57661,"2","Redwood Creek","Redwood Creek Mainstem",78,5.63,1.18638210354187,"PacificWay"
"SH","YoY",1,343047,16737,12,2022-07-21,2022,37.86504,-122.57661,"2","Redwood Creek","Redwood Creek Mainstem",89,7.95,1.12770916167945,"PacificWay"
"CH","YoY",1,343048,16737,12,2022-07-21,2022,37.86504,-122.57661,"2","Redwood Creek","Redwood Creek Mainstem",72,3.44,0.921639231824417,"PacificWay"
"CH","YoY",1,343049,16737,12,2022-07-21,2022,37.86504,-122.57661,"2","Redwood Creek","Redwood Creek Mainstem",60,1.89,0.875,"PacificWay"
"SH","1+",1,343051,16737,12,2022-07-21,2022,37.86504,-122.57661,"2","Redwood Creek","Redwood Creek Mainstem",102,10.09,0.950803235557968,"PacificWay"
"CH","YoY",1,343052,16737,12,2022-07-21,2022,37.86504,-122.57661,"2","Redwood Creek","Redwood Creek Mainstem",74,4.05,0.999447219315737,"PacificWay"
"CH","YoY",1,343053,16737,12,2022-07-21,2022,37.86504,-122.57661,"2","Redwood Creek","Redwood Creek Mainstem",65,2.27,0.826581702321347,"PacificWay"
"SH","YoY",69,343055,16737,12,2022-07-21,2022,37.86504,-122.57661,"2","Redwood Creek","Redwood Creek Mainstem",NA,NA,NA,"PacificWay"
"CO","YoY",42,343056,16737,12,2022-07-21,2022,37.86504,-122.57661,"2","Redwood Creek","Redwood Creek Mainstem",NA,NA,NA,"PacificWay"
"CO","YoY",1,343058,16737,12,2022-07-21,2022,37.86504,-122.57661,"2","Redwood Creek","Redwood Creek Mainstem",76,5.38,1.22557953054381,"PacificWay"
"CO","YoY",1,343059,16737,12,2022-07-21,2022,37.86504,-122.57661,"2","Redwood Creek","Redwood Creek Mainstem",68,3.37,1.07177386525544,"PacificWay"
"SH","YoY",1,343060,16737,12,2022-07-21,2022,37.86504,-122.57661,"2","Redwood Creek","Redwood Creek Mainstem",41,0.65,0.94310877671537,"PacificWay"
"SH","YoY",1,343061,16737,12,2022-07-21,2022,37.86504,-122.57661,"2","Redwood Creek","Redwood Creek Mainstem",46,1.53,1.57187474315772,"PacificWay"
"SH","YoY",1,343062,16737,12,2022-07-21,2022,37.86504,-122.57661,"2","Redwood Creek","Redwood Creek Mainstem",50,1.5,1.2,"PacificWay"
"SH","YoY",1,343063,16737,12,2022-07-21,2022,37.86504,-122.57661,"2","Redwood Creek","Redwood Creek Mainstem",58,2.3,1.17881011931609,"PacificWay"
"CO","YoY",1,343064,16737,12,2022-07-21,2022,37.86504,-122.57661,"2","Redwood Creek","Redwood Creek Mainstem",78,6.06,1.27699388054418,"PacificWay"
"SH","YoY",1,343065,16737,12,2022-07-21,2022,37.86504,-122.57661,"2","Redwood Creek","Redwood Creek Mainstem",63,2.97,1.18777669798078,"PacificWay"
"CO","YoY",1,343066,16737,12,2022-07-21,2022,37.86504,-122.57661,"2","Redwood Creek","Redwood Creek Mainstem",62,2.83,1.18743915947769,"PacificWay"
"SH","YoY",1,343067,16737,12,2022-07-21,2022,37.86504,-122.57661,"2","Redwood Creek","Redwood Creek Mainstem",56,2.08,1.18440233236152,"PacificWay"
"SH","YoY",1,343068,16737,12,2022-07-21,2022,37.86504,-122.57661,"2","Redwood Creek","Redwood Creek Mainstem",49,1.26,1.07098232879157,"PacificWay"
"SH","YoY",1,343069,16737,12,2022-07-21,2022,37.86504,-122.57661,"2","Redwood Creek","Redwood Creek Mainstem",62,2.74,1.14967607666745,"PacificWay"
"SH","YoY",1,343071,16737,12,2022-07-21,2022,37.86504,-122.57661,"2","Redwood Creek","Redwood Creek Mainstem",50,1.46,1.168,"PacificWay"
"SH","YoY",1,343072,16737,12,2022-07-21,2022,37.86504,-122.57661,"2","Redwood Creek","Redwood Creek Mainstem",66,3.07,1.067840943874,"PacificWay"
"CO","YoY",1,343073,16737,12,2022-07-21,2022,37.86504,-122.57661,"2","Redwood Creek","Redwood Creek Mainstem",65,3,1.09239872553482,"PacificWay"
"CO","YoY",1,343074,16737,12,2022-07-21,2022,37.86504,-122.57661,"2","Redwood Creek","Redwood Creek Mainstem",67,3.39,1.12713332424534,"PacificWay"
"CO","YoY",1,343075,16737,12,2022-07-21,2022,37.86504,-122.57661,"2","Redwood Creek","Redwood Creek Mainstem",71,3.71,1.03657054407381,"PacificWay"
"CO","YoY",1,343076,16737,12,2022-07-21,2022,37.86504,-122.57661,"2","Redwood Creek","Redwood Creek Mainstem",70,3.58,1.04373177842566,"PacificWay"
"CO","YoY",1,343077,16737,12,2022-07-21,2022,37.86504,-122.57661,"2","Redwood Creek","Redwood Creek Mainstem",70,3.89,1.13411078717201,"PacificWay"
"CO","YoY",1,343080,16737,12,2022-07-21,2022,37.86504,-122.57661,"2","Redwood Creek","Redwood Creek Mainstem",85,7.36,1.19845308365561,"PacificWay"
"SH","YoY",25,343089,16737,12,2022-07-21,2022,37.86504,-122.57661,"2","Redwood Creek","Redwood Creek Mainstem",NA,NA,NA,"PacificWay"
"CO","YoY",7,343090,16737,12,2022-07-21,2022,37.86504,-122.57661,"2","Redwood Creek","Redwood Creek Mainstem",NA,NA,NA,"PacificWay"
"CO","YoY",1,343092,16737,12,2022-07-21,2022,37.86504,-122.57661,"2","Redwood Creek","Redwood Creek Mainstem",66,3.64,1.2661045718897,"PacificWay"
"CO","YoY",1,343093,16737,12,2022-07-21,2022,37.86504,-122.57661,"2","Redwood Creek","Redwood Creek Mainstem",85,7.33,1.19356808467332,"PacificWay"
"SH","YoY",1,343095,16737,12,2022-07-21,2022,37.86504,-122.57661,"2","Redwood Creek","Redwood Creek Mainstem",43,0.89,1.11939829197429,"PacificWay"
"SH","YoY",1,343096,16737,12,2022-07-21,2022,37.86504,-122.57661,"2","Redwood Creek","Redwood Creek Mainstem",53,1.79,1.20233481330226,"PacificWay"
"CO","YoY",1,343097,16737,12,2022-07-21,2022,37.86504,-122.57661,"2","Redwood Creek","Redwood Creek Mainstem",70,4.03,1.17492711370262,"PacificWay"
"SH","YoY",1,343098,16737,12,2022-07-21,2022,37.86504,-122.57661,"2","Redwood Creek","Redwood Creek Mainstem",45,1.01,1.10836762688615,"PacificWay"
"CO","YoY",1,343099,16737,12,2022-07-21,2022,37.86504,-122.57661,"2","Redwood Creek","Redwood Creek Mainstem",69,4.38,1.33329680465375,"PacificWay"
"SH","YoY",1,343100,16737,12,2022-07-21,2022,37.86504,-122.57661,"2","Redwood Creek","Redwood Creek Mainstem",55,2.08,1.25018782870023,"PacificWay"
"SH","YoY",1,343102,16737,12,2022-07-21,2022,37.86504,-122.57661,"2","Redwood Creek","Redwood Creek Mainstem",48,1.12,1.01273148148148,"PacificWay"
"SH","YoY",1,343103,16737,12,2022-07-21,2022,37.86504,-122.57661,"2","Redwood Creek","Redwood Creek Mainstem",47,1.09,1.0498637103532,"PacificWay"
"SH","YoY",1,343104,16737,12,2022-07-21,2022,37.86504,-122.57661,"2","Redwood Creek","Redwood Creek Mainstem",62,2.59,1.08673760531704,"PacificWay"
"CO","YoY",1,343105,16737,12,2022-07-21,2022,37.86504,-122.57661,"2","Redwood Creek","Redwood Creek Mainstem",92,9.66,1.24054820415879,"PacificWay"
"CO","YoY",1,343106,16737,12,2022-07-21,2022,37.86504,-122.57661,"2","Redwood Creek","Redwood Creek Mainstem",64,3.09,1.17874145507813,"PacificWay"
"SH","YoY",1,343107,16737,12,2022-07-21,2022,37.86504,-122.57661,"2","Redwood Creek","Redwood Creek Mainstem",45,0.61,0.669410150891632,"PacificWay"
"CO","YoY",1,343108,16737,12,2022-07-21,2022,37.86504,-122.57661,"2","Redwood Creek","Redwood Creek Mainstem",68,3.71,1.17990535314472,"PacificWay"
"CO","YoY",1,343109,16737,12,2022-07-21,2022,37.86504,-122.57661,"2","Redwood Creek","Redwood Creek Mainstem",73,4.66,1.19789109473365,"PacificWay"
"CO","YoY",1,343114,16737,12,2022-07-21,2022,37.86504,-122.57661,"2","Redwood Creek","Redwood Creek Mainstem",75,4.45,1.05481481481481,"PacificWay"
"CO","YoY",1,343115,16738,27,2022-08-02,2022,37.882868,-122.574335,"33","Redwood Creek","Redwood Creek Mainstem",76,4.77,1.08661976964572,"KentCreekTrail"
"CO","YoY",1,343116,16738,27,2022-08-02,2022,37.882868,-122.574335,"33","Redwood Creek","Redwood Creek Mainstem",88,7.17,1.05213420360631,"KentCreekTrail"
"SH","YoY",1,343117,16738,27,2022-08-02,2022,37.882868,-122.574335,"33","Redwood Creek","Redwood Creek Mainstem",86,6.51,1.02349478662256,"KentCreekTrail"
"SH","1+",1,343118,16738,27,2022-08-02,2022,37.882868,-122.574335,"33","Redwood Creek","Redwood Creek Mainstem",123,21.93,1.17848293295544,"KentCreekTrail"
"CO","YoY",1,343119,16738,27,2022-08-02,2022,37.882868,-122.574335,"33","Redwood Creek","Redwood Creek Mainstem",70,3.53,1.02915451895044,"KentCreekTrail"
"CO","YoY",1,343120,16738,27,2022-08-02,2022,37.882868,-122.574335,"33","Redwood Creek","Redwood Creek Mainstem",82,6.12,1.10996648336501,"KentCreekTrail"
"CO","YoY",1,343121,16738,27,2022-08-02,2022,37.882868,-122.574335,"33","Redwood Creek","Redwood Creek Mainstem",78,5.78,1.21799086296128,"KentCreekTrail"
"SH","1+",1,343122,16738,27,2022-08-02,2022,37.882868,-122.574335,"33","Redwood Creek","Redwood Creek Mainstem",126,21.02,1.05080244913956,"KentCreekTrail"
"CO","YoY",1,343123,16738,27,2022-08-02,2022,37.882868,-122.574335,"33","Redwood Creek","Redwood Creek Mainstem",68,3.69,1.17354467738653,"KentCreekTrail"
"CO","YoY",1,343124,16738,27,2022-08-02,2022,37.882868,-122.574335,"33","Redwood Creek","Redwood Creek Mainstem",63,3.21,1.28375865337317,"KentCreekTrail"
"SH","YoY",1,343125,16738,27,2022-08-02,2022,37.882868,-122.574335,"33","Redwood Creek","Redwood Creek Mainstem",68,3.26,1.03679014858539,"KentCreekTrail"
"CO","YoY",1,343126,16738,27,2022-08-02,2022,37.882868,-122.574335,"33","Redwood Creek","Redwood Creek Mainstem",76,4.71,1.07295159644263,"KentCreekTrail"
"SH","YoY",1,343127,16738,27,2022-08-02,2022,37.882868,-122.574335,"33","Redwood Creek","Redwood Creek Mainstem",85,6.86,1.11703643395074,"KentCreekTrail"
"CO","YoY",1,343128,16738,27,2022-08-02,2022,37.882868,-122.574335,"33","Redwood Creek","Redwood Creek Mainstem",67,3.38,1.12380844718267,"KentCreekTrail"
"SH","YoY",1,343129,16738,27,2022-08-02,2022,37.882868,-122.574335,"33","Redwood Creek","Redwood Creek Mainstem",66,3.11,1.08175418092773,"KentCreekTrail"
"CO","YoY",1,343131,16738,27,2022-08-02,2022,37.882868,-122.574335,"33","Redwood Creek","Redwood Creek Mainstem",72,3.58,0.95914780521262,"KentCreekTrail"
"CO","YoY",1,343136,16738,27,2022-08-02,2022,37.882868,-122.574335,"33","Redwood Creek","Redwood Creek Mainstem",72,4.29,1.14936985596708,"KentCreekTrail"
"CO","YoY",1,343137,16738,27,2022-08-02,2022,37.882868,-122.574335,"33","Redwood Creek","Redwood Creek Mainstem",75,4.04,0.95762962962963,"KentCreekTrail"
"CO","YoY",1,343138,16738,27,2022-08-02,2022,37.882868,-122.574335,"33","Redwood Creek","Redwood Creek Mainstem",71,4.56,1.27405975228479,"KentCreekTrail"
"SH","YoY",1,343139,16738,27,2022-08-02,2022,37.882868,-122.574335,"33","Redwood Creek","Redwood Creek Mainstem",68,3.35,1.06541318949725,"KentCreekTrail"
"CO","YoY",1,343140,16738,27,2022-08-02,2022,37.882868,-122.574335,"33","Redwood Creek","Redwood Creek Mainstem",NA,NA,NA,"KentCreekTrail"
"CO","YoY",1,343143,16738,27,2022-08-02,2022,37.882868,-122.574335,"33","Redwood Creek","Redwood Creek Mainstem",67,2.94,0.977513856425159,"KentCreekTrail"
"CO","YoY",1,343144,16738,27,2022-08-02,2022,37.882868,-122.574335,"33","Redwood Creek","Redwood Creek Mainstem",73,4.35,1.11820306053463,"KentCreekTrail"
"CH","YoY",1,343145,16738,27,2022-08-02,2022,37.882868,-122.574335,"33","Redwood Creek","Redwood Creek Mainstem",74,3.47,0.856316506426075,"KentCreekTrail"
"SH","1+",1,343146,16738,27,2022-08-02,2022,37.882868,-122.574335,"33","Redwood Creek","Redwood Creek Mainstem",171,49.64,0.992758105607943,"KentCreekTrail"
"CO","YoY",1,343150,16739,74,2022-07-21,2022,37.86857,-122.58031,"8","Redwood Creek","Redwood Creek Mainstem",75,5.43,1.28711111111111,NA
"SH","1+",1,343151,16739,74,2022-07-21,2022,37.86857,-122.58031,"8","Redwood Creek","Redwood Creek Mainstem",98,10.79,1.14641858409336,NA
"CO","YoY",1,343152,16739,74,2022-07-21,2022,37.86857,-122.58031,"8","Redwood Creek","Redwood Creek Mainstem",74,4.92,1.21414328865023,NA
"CO","YoY",1,343153,16739,74,2022-07-21,2022,37.86857,-122.58031,"8","Redwood Creek","Redwood Creek Mainstem",87,8.5,1.29080657187591,NA
"SH","YoY",1,343154,16739,74,2022-07-21,2022,37.86857,-122.58031,"8","Redwood Creek","Redwood Creek Mainstem",65,3.05,1.1106053709604,NA
"CO","YoY",1,343155,16739,74,2022-07-21,2022,37.86857,-122.58031,"8","Redwood Creek","Redwood Creek Mainstem",68,3.61,1.14810197435376,NA
"SH","YoY",1,343158,16739,74,2022-07-21,2022,37.86857,-122.58031,"8","Redwood Creek","Redwood Creek Mainstem",47,1.12,1.07875904183081,NA
"SH","YoY",1,343159,16739,74,2022-07-21,2022,37.86857,-122.58031,"8","Redwood Creek","Redwood Creek Mainstem",54,1.77,1.12406645328456,NA
"SH","YoY",1,343161,16739,74,2022-07-21,2022,37.86857,-122.58031,"8","Redwood Creek","Redwood Creek Mainstem",54,1.79,1.13676776914088,NA
"SH","YoY",1,343162,16739,74,2022-07-21,2022,37.86857,-122.58031,"8","Redwood Creek","Redwood Creek Mainstem",44,0.93,1.09175432006011,NA
"SH","YoY",1,343163,16739,74,2022-07-21,2022,37.86857,-122.58031,"8","Redwood Creek","Redwood Creek Mainstem",59,2.4,1.16857127554424,NA
"CO","YoY",1,343164,16739,74,2022-07-21,2022,37.86857,-122.58031,"8","Redwood Creek","Redwood Creek Mainstem",69,4.02,1.22371076591509,NA
"CO","YoY",1,343165,16739,74,2022-07-21,2022,37.86857,-122.58031,"8","Redwood Creek","Redwood Creek Mainstem",68,3.8,1.20852839405658,NA
"SH","YoY",1,343166,16739,74,2022-07-21,2022,37.86857,-122.58031,"8","Redwood Creek","Redwood Creek Mainstem",62,2.59,1.08673760531704,NA
"CO","YoY",1,343167,16739,74,2022-07-21,2022,37.86857,-122.58031,"8","Redwood Creek","Redwood Creek Mainstem",73,4.81,1.23644982095898,NA
"SH","YoY",1,343168,16739,74,2022-07-21,2022,37.86857,-122.58031,"8","Redwood Creek","Redwood Creek Mainstem",65,3.08,1.12152935821575,NA
"SH","YoY",1,343169,16739,74,2022-07-21,2022,37.86857,-122.58031,"8","Redwood Creek","Redwood Creek Mainstem",68,3.97,1.26259413800122,NA
"SH","YoY",1,343170,16739,74,2022-07-21,2022,37.86857,-122.58031,"8","Redwood Creek","Redwood Creek Mainstem",64,2.78,1.06048583984375,NA
"SH","YoY",6,343171,16739,74,2022-07-21,2022,37.86857,-122.58031,"8","Redwood Creek","Redwood Creek Mainstem",NA,NA,NA,NA
"CO","YoY",1,343174,16739,74,2022-07-21,2022,37.86857,-122.58031,"8","Redwood Creek","Redwood Creek Mainstem",77,5.31,1.1631141669934,NA
"CO","YoY",1,343175,16739,74,2022-07-21,2022,37.86857,-122.58031,"8","Redwood Creek","Redwood Creek Mainstem",72,4.63,1.24046210562414,NA
"CO","YoY",1,343176,16739,74,2022-07-21,2022,37.86857,-122.58031,"8","Redwood Creek","Redwood Creek Mainstem",76,5.27,1.20052121300481,NA
"SH","YoY",1,343177,16739,74,2022-07-21,2022,37.86857,-122.58031,"8","Redwood Creek","Redwood Creek Mainstem",82,NA,NA,NA
"CO","YoY",1,343178,16739,74,2022-07-21,2022,37.86857,-122.58031,"8","Redwood Creek","Redwood Creek Mainstem",64,3.19,1.21688842773438,NA
"CO","YoY",1,343179,16739,74,2022-07-21,2022,37.86857,-122.58031,"8","Redwood Creek","Redwood Creek Mainstem",50,1.49,1.192,NA
"SH","YoY",1,343180,16739,74,2022-07-21,2022,37.86857,-122.58031,"8","Redwood Creek","Redwood Creek Mainstem",50,1.59,1.272,NA
"CO","YoY",1,343181,16739,74,2022-07-21,2022,37.86857,-122.58031,"8","Redwood Creek","Redwood Creek Mainstem",74,5.03,1.24128876868103,NA
"CO","YoY",1,343182,16739,74,2022-07-21,2022,37.86857,-122.58031,"8","Redwood Creek","Redwood Creek Mainstem",67,3.88,1.2900523003162,NA
"CO","YoY",1,343183,16739,74,2022-07-21,2022,37.86857,-122.58031,"8","Redwood Creek","Redwood Creek Mainstem",75,5.28,1.25155555555556,NA
"CO","YoY",1,343184,16739,74,2022-07-21,2022,37.86857,-122.58031,"8","Redwood Creek","Redwood Creek Mainstem",75,5.38,1.27525925925926,NA
"CO","YoY",1,343185,16739,74,2022-07-21,2022,37.86857,-122.58031,"8","Redwood Creek","Redwood Creek Mainstem",68,4.59,1.45977508650519,NA
"CO","YoY",1,343186,16739,74,2022-07-21,2022,37.86857,-122.58031,"8","Redwood Creek","Redwood Creek Mainstem",68,3.73,1.18626602890291,NA
"SH","YoY",1,343187,16739,74,2022-07-21,2022,37.86857,-122.58031,"8","Redwood Creek","Redwood Creek Mainstem",63,2.62,1.04780301303355,NA
"SH","YoY",1,343188,16739,74,2022-07-21,2022,37.86857,-122.58031,"8","Redwood Creek","Redwood Creek Mainstem",44,1.23,1.44393313298272,NA
"SH","YoY",1,343189,16739,74,2022-07-21,2022,37.86857,-122.58031,"8","Redwood Creek","Redwood Creek Mainstem",48,1.53,1.38346354166667,NA
"SH","YoY",1,343190,16739,74,2022-07-21,2022,37.86857,-122.58031,"8","Redwood Creek","Redwood Creek Mainstem",52,1.7,1.20903504779244,NA
"SH","YoY",1,343191,16739,74,2022-07-21,2022,37.86857,-122.58031,"8","Redwood Creek","Redwood Creek Mainstem",39,NA,NA,NA
"SH","YoY",1,343192,16739,74,2022-07-21,2022,37.86857,-122.58031,"8","Redwood Creek","Redwood Creek Mainstem",42,1.08,1.45772594752187,NA
"SH","YoY",1,343194,16739,74,2022-07-21,2022,37.86857,-122.58031,"8","Redwood Creek","Redwood Creek Mainstem",55,2.21,1.32832456799399,NA
"SH","YoY",1,343195,16739,74,2022-07-21,2022,37.86857,-122.58031,"8","Redwood Creek","Redwood Creek Mainstem",78,NA,NA,NA
"SH","YoY",1,343196,16739,74,2022-07-21,2022,37.86857,-122.58031,"8","Redwood Creek","Redwood Creek Mainstem",50,1.23,0.984,NA
"SH","YoY",1,343197,16739,74,2022-07-21,2022,37.86857,-122.58031,"8","Redwood Creek","Redwood Creek Mainstem",50,NA,NA,NA
"SH","YoY",1,343198,16739,74,2022-07-21,2022,37.86857,-122.58031,"8","Redwood Creek","Redwood Creek Mainstem",37,NA,NA,NA
"SH","YoY",1,343199,16739,74,2022-07-21,2022,37.86857,-122.58031,"8","Redwood Creek","Redwood Creek Mainstem",56,2.07,1.17870809037901,NA
"SH","YoY",1,343200,16739,74,2022-07-21,2022,37.86857,-122.58031,"8","Redwood Creek","Redwood Creek Mainstem",43,1.17,1.47156854113474,NA
"CO","YoY",1,343201,16739,74,2022-07-21,2022,37.86857,-122.58031,"8","Redwood Creek","Redwood Creek Mainstem",62,2.97,1.24618173273808,NA
"SH","YoY",1,343202,16739,74,2022-07-21,2022,37.86857,-122.58031,"8","Redwood Creek","Redwood Creek Mainstem",45,1.17,1.28395061728395,NA
"SH","1+",1,343203,16740,35,2022-08-02,2022,37.884713,-122.568948,"40","Redwood Creek","Redwood Creek Mainstem",120,18.24,1.05555555555556,"KentCreekTrail"
"CO","YoY",1,343204,16740,35,2022-08-02,2022,37.884713,-122.568948,"40","Redwood Creek","Redwood Creek Mainstem",65,2.94,1.07055075102412,"KentCreekTrail"
"CO","YoY",1,343205,16740,35,2022-08-02,2022,37.884713,-122.568948,"40","Redwood Creek","Redwood Creek Mainstem",65,2.72,0.99044151115157,"KentCreekTrail"
"CO","YoY",1,343210,16740,35,2022-08-02,2022,37.884713,-122.568948,"40","Redwood Creek","Redwood Creek Mainstem",79,4.8,0.973553816229548,"KentCreekTrail"
"CO","YoY",1,343212,16740,35,2022-08-02,2022,37.884713,-122.568948,"40","Redwood Creek","Redwood Creek Mainstem",61,2.24,0.986866742150224,"KentCreekTrail"
"CO","YoY",1,343213,16740,35,2022-08-02,2022,37.884713,-122.568948,"40","Redwood Creek","Redwood Creek Mainstem",65,2.96,1.07783340919436,"KentCreekTrail"
"CO","YoY",1,343214,16740,35,2022-08-02,2022,37.884713,-122.568948,"40","Redwood Creek","Redwood Creek Mainstem",78,5.65,1.19059660479779,"KentCreekTrail"
"CO","YoY",1,343215,16740,35,2022-08-02,2022,37.884713,-122.568948,"40","Redwood Creek","Redwood Creek Mainstem",79,5.43,1.10133275460968,"KentCreekTrail"
"CO","YoY",1,343216,16740,35,2022-08-02,2022,37.884713,-122.568948,"40","Redwood Creek","Redwood Creek Mainstem",74,4.36,1.07594811758435,"KentCreekTrail"
"CO","YoY",1,343217,16740,35,2022-08-02,2022,37.884713,-122.568948,"40","Redwood Creek","Redwood Creek Mainstem",73,4.66,1.19789109473365,"KentCreekTrail"
"CO","YoY",1,343218,16740,35,2022-08-02,2022,37.884713,-122.568948,"40","Redwood Creek","Redwood Creek Mainstem",85,6.56,1.06818644412782,"KentCreekTrail"
"SH","YoY",1,343219,16740,35,2022-08-02,2022,37.884713,-122.568948,"40","Redwood Creek","Redwood Creek Mainstem",87,7.94,1.20576519772879,"KentCreekTrail"
"SH","1+",1,343220,16740,35,2022-08-02,2022,37.884713,-122.568948,"40","Redwood Creek","Redwood Creek Mainstem",144,34.32,1.14936985596708,"KentCreekTrail"
"SH","YoY",1,343221,16740,35,2022-08-02,2022,37.884713,-122.568948,"40","Redwood Creek","Redwood Creek Mainstem",80,6.15,1.201171875,"KentCreekTrail"
"SH","YoY",1,343222,16740,35,2022-08-02,2022,37.884713,-122.568948,"40","Redwood Creek","Redwood Creek Mainstem",73,4.31,1.10792073354121,"KentCreekTrail"
"SH","YoY",1,343223,16740,35,2022-08-02,2022,37.884713,-122.568948,"40","Redwood Creek","Redwood Creek Mainstem",78,5.2,1.09577032653956,"KentCreekTrail"
"CH","YoY",1,343224,16740,35,2022-08-02,2022,37.884713,-122.568948,"40","Redwood Creek","Redwood Creek Mainstem",69,3.15,0.958877838963316,"KentCreekTrail"
"SH","YoY",1,343225,16740,35,2022-08-02,2022,37.884713,-122.568948,"40","Redwood Creek","Redwood Creek Mainstem",69,4.17,1.26937161538953,"KentCreekTrail"
"CH","YoY",1,343226,16740,35,2022-08-02,2022,37.884713,-122.568948,"40","Redwood Creek","Redwood Creek Mainstem",79,4.7,0.953271445058099,"KentCreekTrail"
"SH","YoY",1,343227,16740,35,2022-08-02,2022,37.884713,-122.568948,"40","Redwood Creek","Redwood Creek Mainstem",65,3.16,1.15065999089668,"KentCreekTrail"
"CO","YoY",31,343229,16740,35,2022-08-02,2022,37.884713,-122.568948,"40","Redwood Creek","Redwood Creek Mainstem",NA,NA,NA,"KentCreekTrail"
"SH","YoY",3,343230,16740,35,2022-08-02,2022,37.884713,-122.568948,"40","Redwood Creek","Redwood Creek Mainstem",NA,NA,NA,"KentCreekTrail"
"SH","YoY",1,343231,16740,35,2022-08-02,2022,37.884713,-122.568948,"40","Redwood Creek","Redwood Creek Mainstem",80,5.74,1.12109375,"KentCreekTrail"
"SH","YoY",1,343232,16740,35,2022-08-02,2022,37.884713,-122.568948,"40","Redwood Creek","Redwood Creek Mainstem",60,1.48,0.685185185185185,"KentCreekTrail"
"CH","YoY",1,343233,16740,35,2022-08-02,2022,37.884713,-122.568948,"40","Redwood Creek","Redwood Creek Mainstem",68,2.99,0.950921025849786,"KentCreekTrail"
"SH","YoY",1,343234,16740,35,2022-08-02,2022,37.884713,-122.568948,"40","Redwood Creek","Redwood Creek Mainstem",84,6.12,1.03255587949465,"KentCreekTrail"
"SH","YoY",1,343235,16740,35,2022-08-02,2022,37.884713,-122.568948,"40","Redwood Creek","Redwood Creek Mainstem",72,3.94,1.05559842249657,"KentCreekTrail"
"SH","YoY",1,343236,16740,35,2022-08-02,2022,37.884713,-122.568948,"40","Redwood Creek","Redwood Creek Mainstem",66,3.53,1.22784316999193,"KentCreekTrail"
"CO","YoY",1,343237,16740,35,2022-08-02,2022,37.884713,-122.568948,"40","Redwood Creek","Redwood Creek Mainstem",76,4.73,1.07750765417699,"KentCreekTrail"
"CO","YoY",1,343238,16740,35,2022-08-02,2022,37.884713,-122.568948,"40","Redwood Creek","Redwood Creek Mainstem",72,4.15,1.11186128257888,"KentCreekTrail"
"CO","YoY",1,343239,16740,35,2022-08-02,2022,37.884713,-122.568948,"40","Redwood Creek","Redwood Creek Mainstem",71,4.14,1.15671214352171,"KentCreekTrail"
"CO","YoY",1,343240,16740,35,2022-08-02,2022,37.884713,-122.568948,"40","Redwood Creek","Redwood Creek Mainstem",66,3.28,1.1408854384061,"KentCreekTrail"
"SH","1+",1,343241,16740,35,2022-08-02,2022,37.884713,-122.568948,"40","Redwood Creek","Redwood Creek Mainstem",182,77.92,1.29251258341948,"KentCreekTrail"
"CO","YoY",1,343242,16740,35,2022-08-02,2022,37.884713,-122.568948,"40","Redwood Creek","Redwood Creek Mainstem",70,4.14,1.2069970845481,"KentCreekTrail"
"CO","YoY",1,343243,16740,35,2022-08-02,2022,37.884713,-122.568948,"40","Redwood Creek","Redwood Creek Mainstem",63,2.72,1.08779549444704,"KentCreekTrail"
"CO","YoY",1,343244,16740,35,2022-08-02,2022,37.884713,-122.568948,"40","Redwood Creek","Redwood Creek Mainstem",65,3.33,1.21256258534365,"KentCreekTrail"
"CO","YoY",1,343245,16740,35,2022-08-02,2022,37.884713,-122.568948,"40","Redwood Creek","Redwood Creek Mainstem",76,5.08,1.15723866452836,"KentCreekTrail"
"CO","YoY",1,343246,16740,35,2022-08-02,2022,37.884713,-122.568948,"40","Redwood Creek","Redwood Creek Mainstem",89,7.02,0.995788467294306,"KentCreekTrail"
"CO","YoY",1,343247,16740,35,2022-08-02,2022,37.884713,-122.568948,"40","Redwood Creek","Redwood Creek Mainstem",77,4.76,1.04264094818994,"KentCreekTrail"
"SH","YoY",1,343254,16740,35,2022-08-02,2022,37.884713,-122.568948,"40","Redwood Creek","Redwood Creek Mainstem",81,6.47,1.21744464578382,"KentCreekTrail"
"SH","YoY",1,343255,16740,35,2022-08-02,2022,37.884713,-122.568948,"40","Redwood Creek","Redwood Creek Mainstem",67,3.27,1.08723479949329,"KentCreekTrail"
"CO","YoY",20,343256,16740,35,2022-08-02,2022,37.884713,-122.568948,"40","Redwood Creek","Redwood Creek Mainstem",NA,NA,NA,"KentCreekTrail"
"SH","YoY",1,343258,16740,35,2022-08-02,2022,37.884713,-122.568948,"40","Redwood Creek","Redwood Creek Mainstem",71,4.87,1.36067346351467,"KentCreekTrail"
"CO","YoY",1,343259,16740,35,2022-08-02,2022,37.884713,-122.568948,"40","Redwood Creek","Redwood Creek Mainstem",62,2.72,1.1412842804874,"KentCreekTrail"
"CO","YoY",1,343260,16740,35,2022-08-02,2022,37.884713,-122.568948,"40","Redwood Creek","Redwood Creek Mainstem",77,5.18,1.13463867891259,"KentCreekTrail"
"CO","YoY",1,343261,16740,35,2022-08-02,2022,37.884713,-122.568948,"40","Redwood Creek","Redwood Creek Mainstem",68,3.38,1.07495420313454,"KentCreekTrail"
"CO","YoY",1,343262,16740,35,2022-08-02,2022,37.884713,-122.568948,"40","Redwood Creek","Redwood Creek Mainstem",66,3.28,1.1408854384061,"KentCreekTrail"
"CO","YoY",1,343263,16740,35,2022-08-02,2022,37.884713,-122.568948,"40","Redwood Creek","Redwood Creek Mainstem",63,2.07,0.827844365259331,"KentCreekTrail"
"CO","YoY",1,343264,16740,35,2022-08-02,2022,37.884713,-122.568948,"40","Redwood Creek","Redwood Creek Mainstem",71,4.11,1.14833017146721,"KentCreekTrail"
"CO","YoY",1,343265,16740,35,2022-08-02,2022,37.884713,-122.568948,"40","Redwood Creek","Redwood Creek Mainstem",69,3.83,1.16587368991413,"KentCreekTrail"
"CO","YoY",1,343266,16740,35,2022-08-02,2022,37.884713,-122.568948,"40","Redwood Creek","Redwood Creek Mainstem",62,2.82,1.18324326138767,"KentCreekTrail"
"CH","YoY",1,343267,16740,35,2022-08-02,2022,37.884713,-122.568948,"40","Redwood Creek","Redwood Creek Mainstem",65,2.46,0.895766954938553,"KentCreekTrail"
"SH","YoY",1,343271,16740,35,2022-08-02,2022,37.884713,-122.568948,"40","Redwood Creek","Redwood Creek Mainstem",77,5.12,1.12149614595221,"KentCreekTrail"
"CO","YoY",1,343272,16740,35,2022-08-02,2022,37.884713,-122.568948,"40","Redwood Creek","Redwood Creek Mainstem",71,3.63,1.01421861859513,"KentCreekTrail"
"CO","YoY",1,343273,16740,35,2022-08-02,2022,37.884713,-122.568948,"40","Redwood Creek","Redwood Creek Mainstem",68,3.28,1.04315082434358,"KentCreekTrail"
"SH","YoY",1,343274,16740,35,2022-08-02,2022,37.884713,-122.568948,"40","Redwood Creek","Redwood Creek Mainstem",76,4.79,1.09117582738008,"KentCreekTrail"
"SH","YoY",1,343277,16740,35,2022-08-02,2022,37.884713,-122.568948,"40","Redwood Creek","Redwood Creek Mainstem",88,7.93,1.16365749436514,"KentCreekTrail"
"SH","YoY",1,343278,16740,35,2022-08-02,2022,37.884713,-122.568948,"40","Redwood Creek","Redwood Creek Mainstem",82,6.31,1.14442622712961,"KentCreekTrail"
"SH","YoY",1,343280,16741,3,2022-07-26,2022,37.87048,-122.58219,"11","Redwood Creek","Redwood Creek Mainstem",41,0.68,0.986636874102233,"PacificWay"
"SH","YoY",1,343281,16741,3,2022-07-26,2022,37.87048,-122.58219,"11","Redwood Creek","Redwood Creek Mainstem",49,1.18,1.00298345077306,"PacificWay"
"SH","1+",1,343282,16741,3,2022-07-26,2022,37.87048,-122.58219,"11","Redwood Creek","Redwood Creek Mainstem",164,50.92,1.1544014161141,"PacificWay"
"SH","YoY",1,343283,16741,3,2022-07-26,2022,37.87048,-122.58219,"11","Redwood Creek","Redwood Creek Mainstem",75,5.27,1.24918518518519,"PacificWay"
"SH","YoY",1,343284,16741,3,2022-07-26,2022,37.87048,-122.58219,"11","Redwood Creek","Redwood Creek Mainstem",50,1.32,1.056,"PacificWay"
"SH","YoY",1,343286,16741,3,2022-07-26,2022,37.87048,-122.58219,"11","Redwood Creek","Redwood Creek Mainstem",45,0.97,1.06447187928669,"PacificWay"
"SH","YoY",1,343287,16741,3,2022-07-26,2022,37.87048,-122.58219,"11","Redwood Creek","Redwood Creek Mainstem",42,0.85,1.14728431054962,"PacificWay"
"SH","YoY",1,343290,16741,3,2022-07-26,2022,37.87048,-122.58219,"11","Redwood Creek","Redwood Creek Mainstem",51,1.59,1.19863400954384,"PacificWay"
"SH","YoY",1,343291,16741,3,2022-07-26,2022,37.87048,-122.58219,"11","Redwood Creek","Redwood Creek Mainstem",61,2.21,0.973649776853569,"PacificWay"
"SH","YoY",1,343292,16741,3,2022-07-26,2022,37.87048,-122.58219,"11","Redwood Creek","Redwood Creek Mainstem",57,1.96,1.05835533740476,"PacificWay"
"SH","YoY",1,343294,16741,3,2022-07-26,2022,37.87048,-122.58219,"11","Redwood Creek","Redwood Creek Mainstem",53,1.69,1.13516527065967,"PacificWay"
"SH","YoY",1,343299,16741,3,2022-07-26,2022,37.87048,-122.58219,"11","Redwood Creek","Redwood Creek Mainstem",85,7.43,1.20985141461429,"PacificWay"
"SH","YoY",1,343300,16741,3,2022-07-26,2022,37.87048,-122.58219,"11","Redwood Creek","Redwood Creek Mainstem",93,8.7,1.08160928542923,"PacificWay"
"CO","YoY",1,343301,16741,3,2022-07-26,2022,37.87048,-122.58219,"11","Redwood Creek","Redwood Creek Mainstem",87,8.53,1.29536235977664,"PacificWay"
"CO","YoY",1,343302,16741,3,2022-07-26,2022,37.87048,-122.58219,"11","Redwood Creek","Redwood Creek Mainstem",68,3.55,1.12901994707918,"PacificWay"
"CO","YoY",1,343303,16741,3,2022-07-26,2022,37.87048,-122.58219,"11","Redwood Creek","Redwood Creek Mainstem",74,4.55,1.12283576491027,"PacificWay"
"SH","YoY",9,343305,16741,3,2022-07-26,2022,37.87048,-122.58219,"11","Redwood Creek","Redwood Creek Mainstem",NA,NA,NA,"PacificWay"
"CO","YoY",1,343306,16741,3,2022-07-26,2022,37.87048,-122.58219,"11","Redwood Creek","Redwood Creek Mainstem",79,5.54,1.12364336289827,"PacificWay"
"CO","YoY",1,343307,16741,3,2022-07-26,2022,37.87048,-122.58219,"11","Redwood Creek","Redwood Creek Mainstem",63,3,1.19977444240483,"PacificWay"
"CO","YoY",1,343308,16741,3,2022-07-26,2022,37.87048,-122.58219,"11","Redwood Creek","Redwood Creek Mainstem",77,5.43,1.18939923291416,"PacificWay"
"SH","YoY",1,343309,16741,3,2022-07-26,2022,37.87048,-122.58219,"11","Redwood Creek","Redwood Creek Mainstem",52,1.53,1.0881315430132,"PacificWay"
"SH","YoY",1,343310,16741,3,2022-07-26,2022,37.87048,-122.58219,"11","Redwood Creek","Redwood Creek Mainstem",65,3.14,1.14337733272645,"PacificWay"
"CO","YoY",1,343311,16741,3,2022-07-26,2022,37.87048,-122.58219,"11","Redwood Creek","Redwood Creek Mainstem",72,4.47,1.19759516460905,"PacificWay"
"CO","YoY",1,343312,16741,3,2022-07-26,2022,37.87048,-122.58219,"11","Redwood Creek","Redwood Creek Mainstem",86,7.86,1.23574024928623,"PacificWay"
"CO","YoY",1,343313,16741,3,2022-07-26,2022,37.87048,-122.58219,"11","Redwood Creek","Redwood Creek Mainstem",87,8.29,1.25891605657074,"PacificWay"
"CO","YoY",1,343314,16741,3,2022-07-26,2022,37.87048,-122.58219,"11","Redwood Creek","Redwood Creek Mainstem",71,3.94,1.10083232982501,"PacificWay"
"CO","YoY",1,343315,16741,3,2022-07-26,2022,37.87048,-122.58219,"11","Redwood Creek","Redwood Creek Mainstem",63,2.9,1.15978196099133,"PacificWay"
"CO","YoY",1,343316,16741,3,2022-07-26,2022,37.87048,-122.58219,"11","Redwood Creek","Redwood Creek Mainstem",76,5.36,1.22102347280945,"PacificWay"
"SH","YoY",1,343317,16741,3,2022-07-26,2022,37.87048,-122.58219,"11","Redwood Creek","Redwood Creek Mainstem",61,2.78,1.22477211749001,"PacificWay"
"SH","YoY",1,343318,16741,3,2022-07-26,2022,37.87048,-122.58219,"11","Redwood Creek","Redwood Creek Mainstem",50,1.5,1.2,"PacificWay"
"SH","YoY",1,343320,16741,3,2022-07-26,2022,37.87048,-122.58219,"11","Redwood Creek","Redwood Creek Mainstem",44,1.16,1.36175807663411,"PacificWay"
"CO","YoY",1,343326,16741,3,2022-07-26,2022,37.87048,-122.58219,"11","Redwood Creek","Redwood Creek Mainstem",80,6.06,1.18359375,"PacificWay"
"SH","YoY",1,343327,16741,3,2022-07-26,2022,37.87048,-122.58219,"11","Redwood Creek","Redwood Creek Mainstem",80,6.28,1.2265625,"PacificWay"
"SH","YoY",1,343330,16742,6,2022-07-26,2022,37.872729,-122.582945,"14","Redwood Creek","Redwood Creek Mainstem",67,3.66,1.21690500493744,"PacificWay"
"SH","YoY",1,343331,16742,6,2022-07-26,2022,37.872729,-122.582945,"14","Redwood Creek","Redwood Creek Mainstem",59,2.5,1.21726174535858,"PacificWay"
"SH","YoY",1,343334,16742,6,2022-07-26,2022,37.872729,-122.582945,"14","Redwood Creek","Redwood Creek Mainstem",44,1.21,1.42045454545455,"PacificWay"
"CO","YoY",1,343335,16742,6,2022-07-26,2022,37.872729,-122.582945,"14","Redwood Creek","Redwood Creek Mainstem",78,6.44,1.35706940440668,"PacificWay"
"CH","YoY",1,343336,16742,6,2022-07-26,2022,37.872729,-122.582945,"14","Redwood Creek","Redwood Creek Mainstem",64,2.78,1.06048583984375,"PacificWay"
"SH","1+",1,343337,16742,6,2022-07-26,2022,37.872729,-122.582945,"14","Redwood Creek","Redwood Creek Mainstem",161,46.88,1.12333677027739,"PacificWay"
"CO","YoY",1,343340,16742,6,2022-07-26,2022,37.872729,-122.582945,"14","Redwood Creek","Redwood Creek Mainstem",74,4.97,1.22648214320968,"PacificWay"
"SH","YoY",1,343341,16742,6,2022-07-26,2022,37.872729,-122.582945,"14","Redwood Creek","Redwood Creek Mainstem",65,3.18,1.15794264906691,"PacificWay"
"CO","YoY",1,343342,16742,6,2022-07-26,2022,37.872729,-122.582945,"14","Redwood Creek","Redwood Creek Mainstem",82,6.62,1.20065001958764,"PacificWay"
"SH","YoY",1,343343,16742,6,2022-07-26,2022,37.872729,-122.582945,"14","Redwood Creek","Redwood Creek Mainstem",68,3.5,1.1131182576837,"PacificWay"
"SH","YoY",1,343344,16742,6,2022-07-26,2022,37.872729,-122.582945,"14","Redwood Creek","Redwood Creek Mainstem",52,1.64,1.16636322257624,"PacificWay"
"SH","YoY",1,343345,16742,6,2022-07-26,2022,37.872729,-122.582945,"14","Redwood Creek","Redwood Creek Mainstem",77,6.05,1.32520540683806,"PacificWay"
"SH","YoY",1,343346,16742,6,2022-07-26,2022,37.872729,-122.582945,"14","Redwood Creek","Redwood Creek Mainstem",55,2.16,1.29827197595793,"PacificWay"
"CO","YoY",1,343347,16742,6,2022-07-26,2022,37.872729,-122.582945,"14","Redwood Creek","Redwood Creek Mainstem",82,7.25,1.31491127522816,"PacificWay"
"CO","YoY",1,343349,16742,6,2022-07-26,2022,37.872729,-122.582945,"14","Redwood Creek","Redwood Creek Mainstem",74,4.8,1.18453003770754,"PacificWay"
"SH","YoY",1,343351,16742,6,2022-07-26,2022,37.872729,-122.582945,"14","Redwood Creek","Redwood Creek Mainstem",79,5.86,1.18854695064691,"PacificWay"
"SH","YoY",1,343352,16742,6,2022-07-26,2022,37.872729,-122.582945,"14","Redwood Creek","Redwood Creek Mainstem",82,6.61,1.19883634886319,"PacificWay"
"SH","YoY",1,343355,16742,6,2022-07-26,2022,37.872729,-122.582945,"14","Redwood Creek","Redwood Creek Mainstem",75,5.01,1.18755555555556,"PacificWay"
"CO","YoY",1,343356,16742,6,2022-07-26,2022,37.872729,-122.582945,"14","Redwood Creek","Redwood Creek Mainstem",74,5.15,1.27090201962371,"PacificWay"
"SH","YoY",1,343357,16742,6,2022-07-26,2022,37.872729,-122.582945,"14","Redwood Creek","Redwood Creek Mainstem",54,1.84,1.16852105878169,"PacificWay"
"SH","YoY",1,343358,16742,6,2022-07-26,2022,37.872729,-122.582945,"14","Redwood Creek","Redwood Creek Mainstem",65,3.27,1.19071461083295,"PacificWay"
"SH","YoY",1,343359,16742,6,2022-07-26,2022,37.872729,-122.582945,"14","Redwood Creek","Redwood Creek Mainstem",66,3.38,1.17566853104043,"PacificWay"
"SH","YoY",1,343362,16742,6,2022-07-26,2022,37.872729,-122.582945,"14","Redwood Creek","Redwood Creek Mainstem",57,2.25,1.21494872916363,"PacificWay"
"SH","YoY",1,343363,16742,6,2022-07-26,2022,37.872729,-122.582945,"14","Redwood Creek","Redwood Creek Mainstem",61,2.83,1.24680039298443,"PacificWay"
"SH","YoY",1,343364,16742,6,2022-07-26,2022,37.872729,-122.582945,"14","Redwood Creek","Redwood Creek Mainstem",49,1.12,0.951984292259178,"PacificWay"
"SH","YoY",1,343365,16742,6,2022-07-26,2022,37.872729,-122.582945,"14","Redwood Creek","Redwood Creek Mainstem",83,5.95,1.04059728535276,"PacificWay"
"CO","YoY",1,343366,16742,6,2022-07-26,2022,37.872729,-122.582945,"14","Redwood Creek","Redwood Creek Mainstem",69,4.34,1.32112057812724,"PacificWay"
"CO","YoY",1,343367,16742,6,2022-07-26,2022,37.872729,-122.582945,"14","Redwood Creek","Redwood Creek Mainstem",69,3.51,1.06846387770198,"PacificWay"
"CO","YoY",1,343368,16742,6,2022-07-26,2022,37.872729,-122.582945,"14","Redwood Creek","Redwood Creek Mainstem",76,5.34,1.21646741507508,"PacificWay"
"SH","YoY",1,343369,16742,6,2022-07-26,2022,37.872729,-122.582945,"14","Redwood Creek","Redwood Creek Mainstem",53,1.64,1.10158049933838,"PacificWay"
"SH","YoY",1,343370,16742,6,2022-07-26,2022,37.872729,-122.582945,"14","Redwood Creek","Redwood Creek Mainstem",48,1.13,1.02177372685185,"PacificWay"
"SH","YoY",1,343378,16742,6,2022-07-26,2022,37.872729,-122.582945,"14","Redwood Creek","Redwood Creek Mainstem",55,1.88,1.12997746055597,"PacificWay"
"CO","YoY",1,343385,16743,37,2022-08-02,2022,37.885949,-122.567633,"42","Redwood Creek","Redwood Creek Mainstem",69,3.45,1.0501995379122,"KentCreekTrail"
"SH","YoY",1,343386,16743,37,2022-08-02,2022,37.885949,-122.567633,"42","Redwood Creek","Redwood Creek Mainstem",75,4.91,1.16385185185185,"KentCreekTrail"
"SH","YoY",1,343387,16743,37,2022-08-02,2022,37.885949,-122.567633,"42","Redwood Creek","Redwood Creek Mainstem",62,2.49,1.04477862441677,"KentCreekTrail"
"SH","YoY",1,343388,16743,37,2022-08-02,2022,37.885949,-122.567633,"42","Redwood Creek","Redwood Creek Mainstem",82,6.07,1.10089812974275,"KentCreekTrail"
"CO","YoY",1,343389,16743,37,2022-08-02,2022,37.885949,-122.567633,"42","Redwood Creek","Redwood Creek Mainstem",63,2.84,1.13578647214324,"KentCreekTrail"
"CO","YoY",1,343390,16743,37,2022-08-02,2022,37.885949,-122.567633,"42","Redwood Creek","Redwood Creek Mainstem",77,5.23,1.1455907897129,"KentCreekTrail"
"CO","YoY",1,343391,16743,37,2022-08-02,2022,37.885949,-122.567633,"42","Redwood Creek","Redwood Creek Mainstem",67,3.4,1.13045820130801,"KentCreekTrail"
"CO","YoY",1,343392,16743,37,2022-08-02,2022,37.885949,-122.567633,"42","Redwood Creek","Redwood Creek Mainstem",77,5.29,1.15873332267328,"KentCreekTrail"
"CO","YoY",1,343393,16743,37,2022-08-02,2022,37.885949,-122.567633,"42","Redwood Creek","Redwood Creek Mainstem",85,7.53,1.22613474455526,"KentCreekTrail"
"CO","YoY",1,343394,16743,37,2022-08-02,2022,37.885949,-122.567633,"42","Redwood Creek","Redwood Creek Mainstem",68,3.62,1.15128231223285,"KentCreekTrail"
"CO","YoY",1,343395,16743,37,2022-08-02,2022,37.885949,-122.567633,"42","Redwood Creek","Redwood Creek Mainstem",78,5.89,1.24117061986884,"KentCreekTrail"
"CO","YoY",1,343396,16743,37,2022-08-02,2022,37.885949,-122.567633,"42","Redwood Creek","Redwood Creek Mainstem",65,3.24,1.17979062357761,"KentCreekTrail"
"CH","YoY",1,343397,16743,37,2022-08-02,2022,37.885949,-122.567633,"42","Redwood Creek","Redwood Creek Mainstem",60,2.49,1.15277777777778,"KentCreekTrail"
"CO","YoY",1,343398,16743,37,2022-08-02,2022,37.885949,-122.567633,"42","Redwood Creek","Redwood Creek Mainstem",66,3.11,1.08175418092773,"KentCreekTrail"
"SH","YoY",1,343399,16743,37,2022-08-02,2022,37.885949,-122.567633,"42","Redwood Creek","Redwood Creek Mainstem",78,5.46,1.15055884286654,"KentCreekTrail"
"CO","YoY",1,343400,16743,37,2022-08-02,2022,37.885949,-122.567633,"42","Redwood Creek","Redwood Creek Mainstem",61,2.57,1.13225336041343,"KentCreekTrail"
"SH","YoY",1,343401,16743,37,2022-08-02,2022,37.885949,-122.567633,"42","Redwood Creek","Redwood Creek Mainstem",80,6.51,1.271484375,"KentCreekTrail"
"SH","YoY",1,343402,16743,37,2022-08-02,2022,37.885949,-122.567633,"42","Redwood Creek","Redwood Creek Mainstem",70,3.85,1.12244897959184,"KentCreekTrail"
"CO","YoY",1,343403,16743,37,2022-08-02,2022,37.885949,-122.567633,"42","Redwood Creek","Redwood Creek Mainstem",63,2.73,1.09179474258839,"KentCreekTrail"
"CO","YoY",7,343405,16743,37,2022-08-02,2022,37.885949,-122.567633,"42","Redwood Creek","Redwood Creek Mainstem",NA,NA,NA,"KentCreekTrail"
"CO","YoY",1,343406,16743,37,2022-08-02,2022,37.885949,-122.567633,"42","Redwood Creek","Redwood Creek Mainstem",63,2.84,1.13578647214324,"KentCreekTrail"
"CO","YoY",1,343412,16743,37,2022-08-02,2022,37.885949,-122.567633,"42","Redwood Creek","Redwood Creek Mainstem",61,2.58,1.13665901551231,"KentCreekTrail"
"CO","YoY",1,343413,16743,37,2022-08-02,2022,37.885949,-122.567633,"42","Redwood Creek","Redwood Creek Mainstem",72,4.07,1.09042781207133,"KentCreekTrail"
"CO","YoY",1,343414,16743,37,2022-08-02,2022,37.885949,-122.567633,"42","Redwood Creek","Redwood Creek Mainstem",72,4.22,1.13061556927298,"KentCreekTrail"
"CO","YoY",1,343415,16743,37,2022-08-02,2022,37.885949,-122.567633,"42","Redwood Creek","Redwood Creek Mainstem",61,2.63,1.15868729100674,"KentCreekTrail"
"CO","YoY",1,343416,16743,37,2022-08-02,2022,37.885949,-122.567633,"42","Redwood Creek","Redwood Creek Mainstem",75,5.06,1.19940740740741,"KentCreekTrail"
"CO","YoY",1,343418,16743,37,2022-08-02,2022,37.885949,-122.567633,"42","Redwood Creek","Redwood Creek Mainstem",77,5.41,1.18501838859403,"KentCreekTrail"
"CO","YoY",1,343419,16743,37,2022-08-02,2022,37.885949,-122.567633,"42","Redwood Creek","Redwood Creek Mainstem",66,3.35,1.16523360325013,"KentCreekTrail"
"CO","YoY",1,343420,16743,37,2022-08-02,2022,37.885949,-122.567633,"42","Redwood Creek","Redwood Creek Mainstem",57,2.28,1.23114804555248,"KentCreekTrail"
"CO","YoY",1,343422,16744,16,2022-07-28,2022,37.87735,-122.580176,"23","Redwood Creek","Redwood Creek Mainstem",77,5.21,1.14120994539278,"PacificWay"
"CO","YoY",1,343423,16744,16,2022-07-28,2022,37.87735,-122.580176,"23","Redwood Creek","Redwood Creek Mainstem",64,2.58,0.98419189453125,"PacificWay"
"CO","YoY",1,343424,16744,16,2022-07-28,2022,37.87735,-122.580176,"23","Redwood Creek","Redwood Creek Mainstem",68,3.35,1.06541318949725,"PacificWay"
"CO","YoY",1,343425,16744,16,2022-07-28,2022,37.87735,-122.580176,"23","Redwood Creek","Redwood Creek Mainstem",79,5.4,1.09524804325824,"PacificWay"
"CO","YoY",1,343426,16744,16,2022-07-28,2022,37.87735,-122.580176,"23","Redwood Creek","Redwood Creek Mainstem",73,4.08,1.04879735332903,"PacificWay"
"CO","YoY",1,343427,16744,16,2022-07-28,2022,37.87735,-122.580176,"23","Redwood Creek","Redwood Creek Mainstem",79,5.53,1.12161512578112,"PacificWay"
"CO","YoY",1,343428,16744,16,2022-07-28,2022,37.87735,-122.580176,"23","Redwood Creek","Redwood Creek Mainstem",63,2.72,1.08779549444704,"PacificWay"
"CO","YoY",1,343429,16744,16,2022-07-28,2022,37.87735,-122.580176,"23","Redwood Creek","Redwood Creek Mainstem",65,3.16,1.15065999089668,"PacificWay"
"CO","YoY",1,343430,16744,16,2022-07-28,2022,37.87735,-122.580176,"23","Redwood Creek","Redwood Creek Mainstem",62,2.53,1.06156221677688,"PacificWay"
"CO","YoY",1,343431,16744,16,2022-07-28,2022,37.87735,-122.580176,"23","Redwood Creek","Redwood Creek Mainstem",77,5.2,1.13901952323271,"PacificWay"
"CO","YoY",1,343432,16744,16,2022-07-28,2022,37.87735,-122.580176,"23","Redwood Creek","Redwood Creek Mainstem",69,3.98,1.21153453938857,"PacificWay"
"SH","YoY",1,343433,16744,16,2022-07-28,2022,37.87735,-122.580176,"23","Redwood Creek","Redwood Creek Mainstem",72,4.09,1.09578617969822,"PacificWay"
"SH","YoY",1,343434,16744,16,2022-07-28,2022,37.87735,-122.580176,"23","Redwood Creek","Redwood Creek Mainstem",86,7.25,1.1398367439345,"PacificWay"
"SH","1+",1,343435,16744,16,2022-07-28,2022,37.87735,-122.580176,"23","Redwood Creek","Redwood Creek Mainstem",156,38.1,1.00357811156628,"PacificWay"
"SH","YoY",1,343436,16744,16,2022-07-28,2022,37.87735,-122.580176,"23","Redwood Creek","Redwood Creek Mainstem",63,2.7,1.07979699816434,"PacificWay"
"CO","YoY",1,343437,16744,16,2022-07-28,2022,37.87735,-122.580176,"23","Redwood Creek","Redwood Creek Mainstem",76,5.12,1.16635077999708,"PacificWay"
"CO","YoY",1,343438,16744,16,2022-07-28,2022,37.87735,-122.580176,"23","Redwood Creek","Redwood Creek Mainstem",71,4.03,1.12597824598853,"PacificWay"
"CO","YoY",1,343439,16744,16,2022-07-28,2022,37.87735,-122.580176,"23","Redwood Creek","Redwood Creek Mainstem",74,4.39,1.08335143032002,"PacificWay"
"SH","YoY",1,343440,16744,16,2022-07-28,2022,37.87735,-122.580176,"23","Redwood Creek","Redwood Creek Mainstem",56,1.83,1.04204628279883,"PacificWay"
"CO","YoY",1,343441,16744,16,2022-07-28,2022,37.87735,-122.580176,"23","Redwood Creek","Redwood Creek Mainstem",67,NA,NA,"PacificWay"
"CO","YoY",1,343442,16744,16,2022-07-28,2022,37.87735,-122.580176,"23","Redwood Creek","Redwood Creek Mainstem",63,2.35,0.939823313217115,"PacificWay"
"SH","YoY",1,343443,16744,16,2022-07-28,2022,37.87735,-122.580176,"23","Redwood Creek","Redwood Creek Mainstem",72,4.03,1.07971107681756,"PacificWay"
"CO","YoY",1,343444,16744,16,2022-07-28,2022,37.87735,-122.580176,"23","Redwood Creek","Redwood Creek Mainstem",60,2.09,0.967592592592593,"PacificWay"
"CO","YoY",1,343445,16744,16,2022-07-28,2022,37.87735,-122.580176,"23","Redwood Creek","Redwood Creek Mainstem",65,2.72,0.99044151115157,"PacificWay"
"CO","YoY",1,343446,16744,16,2022-07-28,2022,37.87735,-122.580176,"23","Redwood Creek","Redwood Creek Mainstem",75,4.7,1.11407407407407,"PacificWay"
"CO","YoY",1,343447,16744,16,2022-07-28,2022,37.87735,-122.580176,"23","Redwood Creek","Redwood Creek Mainstem",62,2.45,1.02799503205666,"PacificWay"
"SH","YoY",1,343448,16744,16,2022-07-28,2022,37.87735,-122.580176,"23","Redwood Creek","Redwood Creek Mainstem",66,3.19,1.1095806550352,"PacificWay"
"CO","YoY",1,343449,16744,16,2022-07-28,2022,37.87735,-122.580176,"23","Redwood Creek","Redwood Creek Mainstem",60,2.61,1.20833333333333,"PacificWay"
"SH","YoY",1,343450,16744,16,2022-07-28,2022,37.87735,-122.580176,"23","Redwood Creek","Redwood Creek Mainstem",71,4.04,1.12877223667336,"PacificWay"
"SH","YoY",1,343451,16744,16,2022-07-28,2022,37.87735,-122.580176,"23","Redwood Creek","Redwood Creek Mainstem",55,2.18,1.31029301277235,"PacificWay"
"SH","YoY",1,343457,16744,16,2022-07-28,2022,37.87735,-122.580176,"23","Redwood Creek","Redwood Creek Mainstem",57,2.12,1.14475169147862,"PacificWay"
"CO","YoY",5,343458,16744,16,2022-07-28,2022,37.87735,-122.580176,"23","Redwood Creek","Redwood Creek Mainstem",NA,NA,NA,"PacificWay"
"CO","YoY",1,343460,16744,16,2022-07-28,2022,37.87735,-122.580176,"23","Redwood Creek","Redwood Creek Mainstem",86,8.34,1.31120530267775,"PacificWay"
"SH","YoY",1,343461,16744,16,2022-07-28,2022,37.87735,-122.580176,"23","Redwood Creek","Redwood Creek Mainstem",61,2.48,1.09260246452346,"PacificWay"
"CO","YoY",1,343462,16744,16,2022-07-28,2022,37.87735,-122.580176,"23","Redwood Creek","Redwood Creek Mainstem",83,6,1.04934180035573,"PacificWay"
"CO","YoY",1,343463,16744,16,2022-07-28,2022,37.87735,-122.580176,"23","Redwood Creek","Redwood Creek Mainstem",65,2.97,1.08147473827947,"PacificWay"
"CO","YoY",1,343464,16744,16,2022-07-28,2022,37.87735,-122.580176,"23","Redwood Creek","Redwood Creek Mainstem",60,1.96,0.907407407407407,"PacificWay"
"CO","YoY",1,343465,16744,16,2022-07-28,2022,37.87735,-122.580176,"23","Redwood Creek","Redwood Creek Mainstem",72,4.22,1.13061556927298,"PacificWay"
"CO","YoY",1,343466,16744,16,2022-07-28,2022,37.87735,-122.580176,"23","Redwood Creek","Redwood Creek Mainstem",70,3.39,0.988338192419825,"PacificWay"
"CO","YoY",1,343467,16744,16,2022-07-28,2022,37.87735,-122.580176,"23","Redwood Creek","Redwood Creek Mainstem",60,2.29,1.06018518518519,"PacificWay"
"CO","YoY",1,343468,16744,16,2022-07-28,2022,37.87735,-122.580176,"23","Redwood Creek","Redwood Creek Mainstem",68,3.08,0.979544066761653,"PacificWay"
"CO","YoY",1,343469,16744,16,2022-07-28,2022,37.87735,-122.580176,"23","Redwood Creek","Redwood Creek Mainstem",66,2.82,0.980883212288171,"PacificWay"
"CO","YoY",1,343470,16744,16,2022-07-28,2022,37.87735,-122.580176,"23","Redwood Creek","Redwood Creek Mainstem",73,4.5,1.15676178675996,"PacificWay"
"SH","YoY",1,343471,16744,16,2022-07-28,2022,37.87735,-122.580176,"23","Redwood Creek","Redwood Creek Mainstem",63,2.8,1.11978947957784,"PacificWay"
"SH","YoY",1,343472,16744,16,2022-07-28,2022,37.87735,-122.580176,"23","Redwood Creek","Redwood Creek Mainstem",82,6.41,1.16256293437414,"PacificWay"
"CO","YoY",6,343473,16744,16,2022-07-28,2022,37.87735,-122.580176,"23","Redwood Creek","Redwood Creek Mainstem",NA,NA,NA,"PacificWay"
"CO","YoY",1,343480,16744,16,2022-07-28,2022,37.87735,-122.580176,"23","Redwood Creek","Redwood Creek Mainstem",63,2.52,1.00781053162006,"PacificWay"
"SH","YoY",1,343482,16744,16,2022-07-28,2022,37.87735,-122.580176,"23","Redwood Creek","Redwood Creek Mainstem",66,3.39,1.17914684030387,"PacificWay"
"CO","YoY",1,343484,16744,16,2022-07-28,2022,37.87735,-122.580176,"23","Redwood Creek","Redwood Creek Mainstem",72,4.6,1.23242455418381,"PacificWay"
"CO","YoY",1,343485,16744,16,2022-07-28,2022,37.87735,-122.580176,"23","Redwood Creek","Redwood Creek Mainstem",67,3.56,1.18365623431074,"PacificWay"
"CO","YoY",1,343486,16744,16,2022-07-28,2022,37.87735,-122.580176,"23","Redwood Creek","Redwood Creek Mainstem",68,3.57,1.13538062283737,"PacificWay"
"CO","YoY",1,343487,16744,16,2022-07-28,2022,37.87735,-122.580176,"23","Redwood Creek","Redwood Creek Mainstem",65,2.64,0.961310878470642,"PacificWay"
"CO","YoY",1,343488,16745,21,2022-07-28,2022,37.880083,-122.577204,"28","Redwood Creek","Redwood Creek Mainstem",64,3.21,1.22451782226562,"PacificWay"
"CO","YoY",1,343493,16745,21,2022-07-28,2022,37.880083,-122.577204,"28","Redwood Creek","Redwood Creek Mainstem",75,5.1,1.20888888888889,"PacificWay"
"CO","YoY",1,343494,16745,21,2022-07-28,2022,37.880083,-122.577204,"28","Redwood Creek","Redwood Creek Mainstem",81,6.34,1.19298285228276,"PacificWay"
"SH","YoY",1,343495,16745,21,2022-07-28,2022,37.880083,-122.577204,"28","Redwood Creek","Redwood Creek Mainstem",75,5.41,1.28237037037037,"PacificWay"
"SH","YoY",1,343496,16745,21,2022-07-28,2022,37.880083,-122.577204,"28","Redwood Creek","Redwood Creek Mainstem",92,9.45,1.21357976493795,"PacificWay"
"SH","YoY",1,343497,16745,21,2022-07-28,2022,37.880083,-122.577204,"28","Redwood Creek","Redwood Creek Mainstem",65,3.18,1.15794264906691,"PacificWay"
"SH","YoY",1,343498,16745,21,2022-07-28,2022,37.880083,-122.577204,"28","Redwood Creek","Redwood Creek Mainstem",44,1.4,1.6435011269722,"PacificWay"
"CH","YoY",1,343499,16745,21,2022-07-28,2022,37.880083,-122.577204,"28","Redwood Creek","Redwood Creek Mainstem",67,3.09,1.02738701236522,"PacificWay"
"SH","1+",1,343500,16745,21,2022-07-28,2022,37.880083,-122.577204,"28","Redwood Creek","Redwood Creek Mainstem",134,26.92,1.11882113158866,"PacificWay"
"CH","YoY",1,343503,16745,21,2022-07-28,2022,37.880083,-122.577204,"28","Redwood Creek","Redwood Creek Mainstem",63,2.84,1.13578647214324,"PacificWay"
"CO","YoY",1,343504,16745,21,2022-07-28,2022,37.880083,-122.577204,"28","Redwood Creek","Redwood Creek Mainstem",67,3.76,1.25015377556415,"PacificWay"
"SH","YoY",1,343505,16745,21,2022-07-28,2022,37.880083,-122.577204,"28","Redwood Creek","Redwood Creek Mainstem",78,5.74,1.20956186044943,"PacificWay"
"CO","YoY",1,343507,16745,21,2022-07-28,2022,37.880083,-122.577204,"28","Redwood Creek","Redwood Creek Mainstem",84,7.35,1.24007936507937,"PacificWay"
"SH","YoY",1,343508,16745,21,2022-07-28,2022,37.880083,-122.577204,"28","Redwood Creek","Redwood Creek Mainstem",51,1.6,1.20617258822022,"PacificWay"
"SH","YoY",1,343509,16745,21,2022-07-28,2022,37.880083,-122.577204,"28","Redwood Creek","Redwood Creek Mainstem",54,1.91,1.21297566427882,"PacificWay"
"SH","YoY",1,343510,16745,21,2022-07-28,2022,37.880083,-122.577204,"28","Redwood Creek","Redwood Creek Mainstem",69,3.42,1.04106736801731,"PacificWay"
"SH","1+",1,343511,16746,47,2022-08-04,2022,37.891506,-122.570365,"51","Redwood Creek","Redwood Creek Mainstem",117,17.65,1.10201403210389,"Dipsea"
"CO","YoY",1,343512,16746,47,2022-08-04,2022,37.891506,-122.570365,"51","Redwood Creek","Redwood Creek Mainstem",80,6.4,1.25,"Dipsea"
"SH","YoY",1,343515,16746,47,2022-08-04,2022,37.891506,-122.570365,"51","Redwood Creek","Redwood Creek Mainstem",81,6.36,1.19674620512907,"Dipsea"
"CH","YoY",1,343516,16746,47,2022-08-04,2022,37.891506,-122.570365,"51","Redwood Creek","Redwood Creek Mainstem",54,1.5,0.952598689224204,"Dipsea"
"CO","YoY",1,343517,16746,47,2022-08-04,2022,37.891506,-122.570365,"51","Redwood Creek","Redwood Creek Mainstem",58,2.51,1.28644060847103,"Dipsea"
"CO","YoY",1,343520,16746,47,2022-08-04,2022,37.891506,-122.570365,"51","Redwood Creek","Redwood Creek Mainstem",65,3.42,1.2453345471097,"Dipsea"
"CO","YoY",1,343521,16746,47,2022-08-04,2022,37.891506,-122.570365,"51","Redwood Creek","Redwood Creek Mainstem",74,4.63,1.1425779322054,"Dipsea"
"CO","YoY",1,343522,16746,47,2022-08-04,2022,37.891506,-122.570365,"51","Redwood Creek","Redwood Creek Mainstem",69,4.05,1.23284293580998,"Dipsea"
"CO","YoY",1,343523,16746,47,2022-08-04,2022,37.891506,-122.570365,"51","Redwood Creek","Redwood Creek Mainstem",63,2.6,1.03980451675085,"Dipsea"
"CO","YoY",1,343524,16746,47,2022-08-04,2022,37.891506,-122.570365,"51","Redwood Creek","Redwood Creek Mainstem",56,1.89,1.07621173469388,"Dipsea"
"SH","YoY",1,343525,16746,47,2022-08-04,2022,37.891506,-122.570365,"51","Redwood Creek","Redwood Creek Mainstem",72,4.56,1.22170781893004,"Dipsea"
"CH","YoY",1,343526,16746,47,2022-08-04,2022,37.891506,-122.570365,"51","Redwood Creek","Redwood Creek Mainstem",61,1.98,0.872319709579216,"Dipsea"
"CO","YoY",1,343529,16746,47,2022-08-04,2022,37.891506,-122.570365,"51","Redwood Creek","Redwood Creek Mainstem",70,3.92,1.14285714285714,"Dipsea"
"SH","1+",1,343533,16747,25,2022-07-28,2022,37.881622,-122.575398,"31","Redwood Creek","Redwood Creek Mainstem",173,56.49,1.09102139031546,"KentCreekTrail"
"CO","YoY",1,343534,16747,25,2022-07-28,2022,37.881622,-122.575398,"31","Redwood Creek","Redwood Creek Mainstem",74,4.02,0.992043906580064,"KentCreekTrail"
"SH","YoY",1,343540,16747,25,2022-07-28,2022,37.881622,-122.575398,"31","Redwood Creek","Redwood Creek Mainstem",70,3.63,1.05830903790087,"KentCreekTrail"
"CO","YoY",1,343541,16747,25,2022-07-28,2022,37.881622,-122.575398,"31","Redwood Creek","Redwood Creek Mainstem",81,6.18,1.16287602951221,"KentCreekTrail"
"CO","YoY",1,343542,16747,25,2022-07-28,2022,37.881622,-122.575398,"31","Redwood Creek","Redwood Creek Mainstem",74,4.52,1.1154324521746,"KentCreekTrail"
"SH","YoY",1,343543,16747,25,2022-07-28,2022,37.881622,-122.575398,"31","Redwood Creek","Redwood Creek Mainstem",64,3.11,1.18637084960938,"KentCreekTrail"
"CO","YoY",1,343544,16747,25,2022-07-28,2022,37.881622,-122.575398,"31","Redwood Creek","Redwood Creek Mainstem",68,3.48,1.1067575819255,"KentCreekTrail"
"CO","YoY",1,343545,16747,25,2022-07-28,2022,37.881622,-122.575398,"31","Redwood Creek","Redwood Creek Mainstem",67,3.6,1.19695574256142,"KentCreekTrail"
"CO","YoY",1,343546,16747,25,2022-07-28,2022,37.881622,-122.575398,"31","Redwood Creek","Redwood Creek Mainstem",84,6.65,1.12197656840514,"KentCreekTrail"
"CO","YoY",1,343547,16747,25,2022-07-28,2022,37.881622,-122.575398,"31","Redwood Creek","Redwood Creek Mainstem",78,5.24,1.1041993290514,"KentCreekTrail"
"CO","YoY",1,343548,16747,25,2022-07-28,2022,37.881622,-122.575398,"31","Redwood Creek","Redwood Creek Mainstem",75,4.67,1.10696296296296,"KentCreekTrail"
"CO","YoY",1,343549,16747,25,2022-07-28,2022,37.881622,-122.575398,"31","Redwood Creek","Redwood Creek Mainstem",66,2.96,1.02957954197624,"KentCreekTrail"
"SH","YoY",1,343550,16747,25,2022-07-28,2022,37.881622,-122.575398,"31","Redwood Creek","Redwood Creek Mainstem",63,3.01,1.20377369054618,"KentCreekTrail"
"CO","YoY",1,343551,16747,25,2022-07-28,2022,37.881622,-122.575398,"31","Redwood Creek","Redwood Creek Mainstem",67,3.4,1.13045820130801,"KentCreekTrail"
"CO","YoY",1,343552,16747,25,2022-07-28,2022,37.881622,-122.575398,"31","Redwood Creek","Redwood Creek Mainstem",73,4.7,1.20817342172707,"KentCreekTrail"
"SH","YoY",1,343553,16747,25,2022-07-28,2022,37.881622,-122.575398,"31","Redwood Creek","Redwood Creek Mainstem",80,5.87,1.146484375,"KentCreekTrail"
"SH","YoY",1,343554,16747,25,2022-07-28,2022,37.881622,-122.575398,"31","Redwood Creek","Redwood Creek Mainstem",82,5.82,1.05555636163143,"KentCreekTrail"
"SH","1+",1,343555,16747,25,2022-07-28,2022,37.881622,-122.575398,"31","Redwood Creek","Redwood Creek Mainstem",97,10.3,1.12855316197587,"KentCreekTrail"
"CO","YoY",1,343557,16747,25,2022-07-28,2022,37.881622,-122.575398,"31","Redwood Creek","Redwood Creek Mainstem",77,4.43,0.970357016907869,"KentCreekTrail"
"CO","YoY",1,343558,16747,25,2022-07-28,2022,37.881622,-122.575398,"31","Redwood Creek","Redwood Creek Mainstem",63,3,1.19977444240483,"KentCreekTrail"
"CO","YoY",1,343559,16747,25,2022-07-28,2022,37.881622,-122.575398,"31","Redwood Creek","Redwood Creek Mainstem",75,4.83,1.14488888888889,"KentCreekTrail"
"CO","YoY",1,343560,16747,25,2022-07-28,2022,37.881622,-122.575398,"31","Redwood Creek","Redwood Creek Mainstem",78,4.92,1.03676730895666,"KentCreekTrail"
"SH","YoY",1,343561,16747,25,2022-07-28,2022,37.881622,-122.575398,"31","Redwood Creek","Redwood Creek Mainstem",67,3.5,1.16370697193471,"KentCreekTrail"
"CO","YoY",1,343566,16747,25,2022-07-28,2022,37.881622,-122.575398,"31","Redwood Creek","Redwood Creek Mainstem",69,3.67,1.11716878380805,"KentCreekTrail"
"CO","YoY",1,343568,16748,49,2022-08-04,2022,37.89236,-122.572321,"53","Redwood Creek","Redwood Creek Mainstem",69,3.62,1.10194850064991,"Dipsea"
"CO","YoY",1,343573,16748,49,2022-08-04,2022,37.89236,-122.572321,"53","Redwood Creek","Redwood Creek Mainstem",57,1.81,0.97735875546052,"Dipsea"
"CO","YoY",1,343574,16748,49,2022-08-04,2022,37.89236,-122.572321,"53","Redwood Creek","Redwood Creek Mainstem",61,2.5,1.10141377472123,"Dipsea"
"CO","YoY",1,343575,16748,49,2022-08-04,2022,37.89236,-122.572321,"53","Redwood Creek","Redwood Creek Mainstem",67,3.4,1.13045820130801,"Dipsea"
"SH","YoY",1,343576,16748,49,2022-08-04,2022,37.89236,-122.572321,"53","Redwood Creek","Redwood Creek Mainstem",68,4.06,1.29121717891309,"Dipsea"
"SH","YoY",1,343577,16748,49,2022-08-04,2022,37.89236,-122.572321,"53","Redwood Creek","Redwood Creek Mainstem",79,5.9,1.19665989911549,"Dipsea"
"SH","1+",1,343578,16748,49,2022-08-04,2022,37.89236,-122.572321,"53","Redwood Creek","Redwood Creek Mainstem",130,23.59,1.0737369139736,"Dipsea"
"CO","YoY",1,343579,16748,49,2022-08-04,2022,37.89236,-122.572321,"53","Redwood Creek","Redwood Creek Mainstem",58,2.34,1.19931116486941,"Dipsea"
"SH","1+",1,343580,16748,49,2022-08-04,2022,37.89236,-122.572321,"53","Redwood Creek","Redwood Creek Mainstem",139,27.79,1.03477075489859,"Dipsea"
"CO","YoY",1,343581,16748,49,2022-08-04,2022,37.89236,-122.572321,"53","Redwood Creek","Redwood Creek Mainstem",64,2.92,1.1138916015625,"Dipsea"
"CO","YoY",1,343582,16748,49,2022-08-04,2022,37.89236,-122.572321,"53","Redwood Creek","Redwood Creek Mainstem",62,2.83,1.18743915947769,"Dipsea"
"CO","YoY",1,343583,16748,49,2022-08-04,2022,37.89236,-122.572321,"53","Redwood Creek","Redwood Creek Mainstem",66,3.32,1.15479867545983,"Dipsea"
"CO","YoY",1,343584,16748,49,2022-08-04,2022,37.89236,-122.572321,"53","Redwood Creek","Redwood Creek Mainstem",63,2.92,1.16778045727403,"Dipsea"
"CO","YoY",1,343585,16748,49,2022-08-04,2022,37.89236,-122.572321,"53","Redwood Creek","Redwood Creek Mainstem",70,3.9,1.13702623906706,"Dipsea"
"SH","YoY",1,343586,16748,49,2022-08-04,2022,37.89236,-122.572321,"53","Redwood Creek","Redwood Creek Mainstem",87,7.66,1.16324451065523,"Dipsea"
"SH","YoY",1,343587,16748,49,2022-08-04,2022,37.89236,-122.572321,"53","Redwood Creek","Redwood Creek Mainstem",75,5.14,1.21837037037037,"Dipsea"
"SH","YoY",1,343588,16748,49,2022-08-04,2022,37.89236,-122.572321,"53","Redwood Creek","Redwood Creek Mainstem",60,2.67,1.23611111111111,"Dipsea"
"SH","YoY",1,343589,16748,49,2022-08-04,2022,37.89236,-122.572321,"53","Redwood Creek","Redwood Creek Mainstem",70,3.91,1.1399416909621,"Dipsea"
"SH","YoY",1,343590,16748,49,2022-08-04,2022,37.89236,-122.572321,"53","Redwood Creek","Redwood Creek Mainstem",75,5.2,1.23259259259259,"Dipsea"
"SH","YoY",1,343591,16748,49,2022-08-04,2022,37.89236,-122.572321,"53","Redwood Creek","Redwood Creek Mainstem",72,4.76,1.2752914951989,"Dipsea"
"CO","YoY",25,343593,16748,49,2022-08-04,2022,37.89236,-122.572321,"53","Redwood Creek","Redwood Creek Mainstem",NA,NA,NA,"Dipsea"
"SH","YoY",1,343594,16748,49,2022-08-04,2022,37.89236,-122.572321,"53","Redwood Creek","Redwood Creek Mainstem",68,4.04,1.2848565031549,"Dipsea"
"SH","YoY",1,343595,16748,49,2022-08-04,2022,37.89236,-122.572321,"53","Redwood Creek","Redwood Creek Mainstem",70,4.03,1.17492711370262,"Dipsea"
"CH","YoY",1,343601,16748,49,2022-08-04,2022,37.89236,-122.572321,"53","Redwood Creek","Redwood Creek Mainstem",56,2,1.13884839650146,"Dipsea"
"CO","YoY",1,343602,16748,49,2022-08-04,2022,37.89236,-122.572321,"53","Redwood Creek","Redwood Creek Mainstem",59,2.4,1.16857127554424,"Dipsea"
"CO","YoY",1,343603,16748,49,2022-08-04,2022,37.89236,-122.572321,"53","Redwood Creek","Redwood Creek Mainstem",62,2.77,1.16226377093753,"Dipsea"
"SH","YoY",1,343604,16748,49,2022-08-04,2022,37.89236,-122.572321,"53","Redwood Creek","Redwood Creek Mainstem",80,5.65,1.103515625,"Dipsea"
"CO","YoY",1,343605,16748,49,2022-08-04,2022,37.89236,-122.572321,"53","Redwood Creek","Redwood Creek Mainstem",61,2.58,1.13665901551231,"Dipsea"
"CO","YoY",1,343606,16748,49,2022-08-04,2022,37.89236,-122.572321,"53","Redwood Creek","Redwood Creek Mainstem",56,1.99,1.13315415451895,"Dipsea"
"SH","YoY",1,343607,16748,49,2022-08-04,2022,37.89236,-122.572321,"53","Redwood Creek","Redwood Creek Mainstem",81,7.08,1.33222690759652,"Dipsea"
"SH","YoY",1,343608,16748,49,2022-08-04,2022,37.89236,-122.572321,"53","Redwood Creek","Redwood Creek Mainstem",72,4.72,1.26457475994513,"Dipsea"
"CO","YoY",1,343612,16748,49,2022-08-04,2022,37.89236,-122.572321,"53","Redwood Creek","Redwood Creek Mainstem",54,1.71,1.08596250571559,"Dipsea"
"SH","YoY",1,343614,16749,26,2022-07-28,2022,37.88215,-122.574451,"32","Redwood Creek","Redwood Creek Mainstem",73,4.3,1.10535015179285,"KentCreekTrail"
"CO","YoY",1,343682,16751,60,2022-08-04,2022,37.899186,-122.576559,"63","Redwood Creek","Redwood Creek Mainstem",53,1.52,1.02097704816728,"Dipsea"
"CO","YoY",1,343683,16751,60,2022-08-04,2022,37.899186,-122.576559,"63","Redwood Creek","Redwood Creek Mainstem",58,2.17,1.11218172126778,"Dipsea"
"CO","YoY",1,343684,16751,60,2022-08-04,2022,37.899186,-122.576559,"63","Redwood Creek","Redwood Creek Mainstem",57,1.88,1.01515716036783,"Dipsea"
"CO","YoY",1,343685,16751,60,2022-08-04,2022,37.899186,-122.576559,"63","Redwood Creek","Redwood Creek Mainstem",62,2.61,1.0951294014971,"Dipsea"
"CO","YoY",1,343686,16751,60,2022-08-04,2022,37.899186,-122.576559,"63","Redwood Creek","Redwood Creek Mainstem",59,2.15,1.04684510100838,"Dipsea"
"CO","YoY",1,343687,16751,60,2022-08-04,2022,37.899186,-122.576559,"63","Redwood Creek","Redwood Creek Mainstem",61,2.37,1.04414025843573,"Dipsea"
"CO","YoY",1,343688,16751,60,2022-08-04,2022,37.899186,-122.576559,"63","Redwood Creek","Redwood Creek Mainstem",59,2.26,1.10040461780416,"Dipsea"
"CO","YoY",1,343689,16751,60,2022-08-04,2022,37.899186,-122.576559,"63","Redwood Creek","Redwood Creek Mainstem",55,1.79,1.07588279489106,"Dipsea"
"CH","YoY",1,343690,16751,60,2022-08-04,2022,37.899186,-122.576559,"63","Redwood Creek","Redwood Creek Mainstem",56,1.8,1.02496355685131,"Dipsea"
"CO","YoY",1,343691,16751,60,2022-08-04,2022,37.899186,-122.576559,"63","Redwood Creek","Redwood Creek Mainstem",57,1.98,1.06915488166399,"Dipsea"
"CH","YoY",1,343692,16751,60,2022-08-04,2022,37.899186,-122.576559,"63","Redwood Creek","Redwood Creek Mainstem",54,1.67,1.06055987400295,"Dipsea"
"CO","YoY",1,343693,16751,60,2022-08-04,2022,37.899186,-122.576559,"63","Redwood Creek","Redwood Creek Mainstem",68,3.27,1.03997048646448,"Dipsea"
"CO","YoY",1,343699,16751,60,2022-08-04,2022,37.899186,-122.576559,"63","Redwood Creek","Redwood Creek Mainstem",68,3.38,1.07495420313454,"Dipsea"
"CO","YoY",1,343700,16751,60,2022-08-04,2022,37.899186,-122.576559,"63","Redwood Creek","Redwood Creek Mainstem",67,3.45,1.14708258662136,"Dipsea"
"CO","YoY",1,343702,16751,60,2022-08-04,2022,37.899186,-122.576559,"63","Redwood Creek","Redwood Creek Mainstem",62,2.66,1.11610889194723,"Dipsea"
"CO","YoY",1,343703,16751,60,2022-08-04,2022,37.899186,-122.576559,"63","Redwood Creek","Redwood Creek Mainstem",54,1.84,1.16852105878169,"Dipsea"
"CO","YoY",1,343704,16751,60,2022-08-04,2022,37.899186,-122.576559,"63","Redwood Creek","Redwood Creek Mainstem",64,2.95,1.12533569335938,"Dipsea"
"CO","YoY",1,343705,16751,60,2022-08-04,2022,37.899186,-122.576559,"63","Redwood Creek","Redwood Creek Mainstem",56,1.99,1.13315415451895,"Dipsea"
"CO","YoY",1,343706,16751,60,2022-08-04,2022,37.899186,-122.576559,"63","Redwood Creek","Redwood Creek Mainstem",60,2.45,1.13425925925926,"Dipsea"
"CO","YoY",1,343707,16751,60,2022-08-04,2022,37.899186,-122.576559,"63","Redwood Creek","Redwood Creek Mainstem",NA,NA,NA,"Dipsea"
"CO","YoY",1,343711,16751,60,2022-08-04,2022,37.899186,-122.576559,"63","Redwood Creek","Redwood Creek Mainstem",56,1.9,1.08190597667638,"Dipsea"
"CO","YoY",1,343712,16751,60,2022-08-04,2022,37.899186,-122.576559,"63","Redwood Creek","Redwood Creek Mainstem",64,2.85,1.08718872070312,"Dipsea"
"CO","YoY",1,343713,16751,60,2022-08-04,2022,37.899186,-122.576559,"63","Redwood Creek","Redwood Creek Mainstem",55,1.81,1.08790383170548,"Dipsea"
"CO","YoY",1,343714,16751,60,2022-08-04,2022,37.899186,-122.576559,"63","Redwood Creek","Redwood Creek Mainstem",59,2.5,1.21726174535858,"Dipsea"
"CO","YoY",1,343715,16751,60,2022-08-04,2022,37.899186,-122.576559,"63","Redwood Creek","Redwood Creek Mainstem",57,2.05,1.10695328657131,"Dipsea"
"CO","YoY",1,343716,16751,60,2022-08-04,2022,37.899186,-122.576559,"63","Redwood Creek","Redwood Creek Mainstem",58,2.19,1.12243224404445,"Dipsea"
"CO","YoY",1,343719,16751,60,2022-08-04,2022,37.899186,-122.576559,"63","Redwood Creek","Redwood Creek Mainstem",61,2.63,1.15868729100674,"Dipsea"
"CO","YoY",1,343720,16751,60,2022-08-04,2022,37.899186,-122.576559,"63","Redwood Creek","Redwood Creek Mainstem",68,3.5,1.1131182576837,"Dipsea"
"CO","YoY",1,343765,16754,64,2022-08-09,2022,37.900977,-122.580126,"67","Redwood Creek","Redwood Creek Mainstem",61,2.51,1.10581942982012,"Dipsea"
"CO","YoY",1,343767,16754,64,2022-08-09,2022,37.900977,-122.580126,"67","Redwood Creek","Redwood Creek Mainstem",61,2.43,1.07057418902904,"Dipsea"
"CO","YoY",1,343768,16754,64,2022-08-09,2022,37.900977,-122.580126,"67","Redwood Creek","Redwood Creek Mainstem",56,1.89,1.07621173469388,"Dipsea"
"SH","1+",1,343769,16754,64,2022-08-09,2022,37.900977,-122.580126,"67","Redwood Creek","Redwood Creek Mainstem",124,19.15,1.00439310530026,"Dipsea"
"CO","YoY",1,343774,16754,64,2022-08-09,2022,37.900977,-122.580126,"67","Redwood Creek","Redwood Creek Mainstem",66,3.22,1.1200155828255,"Dipsea"
"CO","YoY",1,343775,16754,64,2022-08-09,2022,37.900977,-122.580126,"67","Redwood Creek","Redwood Creek Mainstem",62,2.65,1.11191299385721,"Dipsea"
"CO","YoY",1,343776,16754,64,2022-08-09,2022,37.900977,-122.580126,"67","Redwood Creek","Redwood Creek Mainstem",58,2.08,1.06605436877281,"Dipsea"
"CO","YoY",1,343777,16754,64,2022-08-09,2022,37.900977,-122.580126,"67","Redwood Creek","Redwood Creek Mainstem",57,2.06,1.11235305870092,"Dipsea"
"CO","YoY",1,343778,16754,64,2022-08-09,2022,37.900977,-122.580126,"67","Redwood Creek","Redwood Creek Mainstem",57,1.81,0.97735875546052,"Dipsea"
"CO","YoY",1,343781,16754,64,2022-08-09,2022,37.900977,-122.580126,"67","Redwood Creek","Redwood Creek Mainstem",60,2.21,1.02314814814815,"Dipsea"
"CO","YoY",1,343782,16754,64,2022-08-09,2022,37.900977,-122.580126,"67","Redwood Creek","Redwood Creek Mainstem",67,3.51,1.16703184899738,"Dipsea"
"CO","YoY",1,343783,16754,64,2022-08-09,2022,37.900977,-122.580126,"67","Redwood Creek","Redwood Creek Mainstem",58,2.13,1.09168067571446,"Dipsea"
"CO","YoY",1,343784,16754,64,2022-08-09,2022,37.900977,-122.580126,"67","Redwood Creek","Redwood Creek Mainstem",59,2.22,1.08092842987842,"Dipsea"
"CO","YoY",1,343785,16754,64,2022-08-09,2022,37.900977,-122.580126,"67","Redwood Creek","Redwood Creek Mainstem",70,3.75,1.0932944606414,"Dipsea"
"CO","YoY",1,343786,16754,64,2022-08-09,2022,37.900977,-122.580126,"67","Redwood Creek","Redwood Creek Mainstem",58,1.72,0.881544958792899,"Dipsea"
"SH","YoY",1,343788,16754,64,2022-08-09,2022,37.900977,-122.580126,"67","Redwood Creek","Redwood Creek Mainstem",73,4.45,1.14390887801818,"Dipsea"
"CO","YoY",1,343789,16754,64,2022-08-09,2022,37.900977,-122.580126,"67","Redwood Creek","Redwood Creek Mainstem",72,3.85,1.03148576817558,"Dipsea"
"CO","YoY",1,343790,16754,64,2022-08-09,2022,37.900977,-122.580126,"67","Redwood Creek","Redwood Creek Mainstem",60,2.24,1.03703703703704,"Dipsea"
"CO","YoY",1,343931,16757,65,2022-08-09,2022,37.901088,-122.581296,"68","Redwood Creek","Redwood Creek Mainstem",62,2.43,1.01960323587661,"Dipsea"
"SH","1+",1,343932,16757,65,2022-08-09,2022,37.901088,-122.581296,"68","Redwood Creek","Redwood Creek Mainstem",129,NA,NA,"Dipsea"
"CO","YoY",1,343934,16757,65,2022-08-09,2022,37.901088,-122.581296,"68","Redwood Creek","Redwood Creek Mainstem",67,3.76,1.25015377556415,"Dipsea"
"CO","YoY",1,343935,16757,65,2022-08-09,2022,37.901088,-122.581296,"68","Redwood Creek","Redwood Creek Mainstem",57,2.13,1.15015146360824,"Dipsea"
"CO","YoY",1,343936,16757,65,2022-08-09,2022,37.901088,-122.581296,"68","Redwood Creek","Redwood Creek Mainstem",59,2.35,1.14422604063707,"Dipsea"
"CH","YoY",1,343937,16757,65,2022-08-09,2022,37.901088,-122.581296,"68","Redwood Creek","Redwood Creek Mainstem",64,2.87,1.09481811523438,"Dipsea"
"SH","YoY",1,343940,16757,65,2022-08-09,2022,37.901088,-122.581296,"68","Redwood Creek","Redwood Creek Mainstem",72,4.59,1.22974537037037,"Dipsea"
"CO","YoY",1,343941,16757,65,2022-08-09,2022,37.901088,-122.581296,"68","Redwood Creek","Redwood Creek Mainstem",57,1.97,1.06375510953438,"Dipsea"
"CO","YoY",1,343943,16757,65,2022-08-09,2022,37.901088,-122.581296,"68","Redwood Creek","Redwood Creek Mainstem",65,2.89,1.05234410559854,"Dipsea"
"SH","YoY",1,344736,16778,74,2022-08-10,2022,37.86857,-122.58031,"8","Redwood Creek","Redwood Creek Mainstem",50,1.53,1.224,NA
"SH","YoY",1,344737,16778,74,2022-08-10,2022,37.86857,-122.58031,"8","Redwood Creek","Redwood Creek Mainstem",60,2.69,1.24537037037037,NA
"SH","YoY",1,344739,16778,74,2022-08-10,2022,37.86857,-122.58031,"8","Redwood Creek","Redwood Creek Mainstem",59,2.15,1.04684510100838,NA
"SH","YoY",1,344740,16778,74,2022-08-10,2022,37.86857,-122.58031,"8","Redwood Creek","Redwood Creek Mainstem",65,2.71,0.986800182066454,NA
"SH","YoY",1,344741,16778,74,2022-08-10,2022,37.86857,-122.58031,"8","Redwood Creek","Redwood Creek Mainstem",46,0.84,0.862990055066985,NA
"SH","YoY",1,344744,16778,74,2022-08-10,2022,37.86857,-122.58031,"8","Redwood Creek","Redwood Creek Mainstem",58,1.86,0.95329861822953,NA
"SH","YoY",1,344745,16778,74,2022-08-10,2022,37.86857,-122.58031,"8","Redwood Creek","Redwood Creek Mainstem",43,0.84,1.05651074748135,NA
"CO","YoY",1,344755,16783,21,2022-08-15,2022,37.880083,-122.577204,"28","Redwood Creek","Redwood Creek Mainstem",65,3.42,1.2453345471097,"PacificWay"
"CO","YoY",1,344756,16783,21,2022-08-15,2022,37.880083,-122.577204,"28","Redwood Creek","Redwood Creek Mainstem",77,5.1,1.11711530163208,"PacificWay"
"CO","YoY",1,344757,16783,21,2022-08-15,2022,37.880083,-122.577204,"28","Redwood Creek","Redwood Creek Mainstem",74,4.48,1.10556136852704,"PacificWay"
"CO","YoY",1,344758,16783,21,2022-08-15,2022,37.880083,-122.577204,"28","Redwood Creek","Redwood Creek Mainstem",69,3.64,1.10803661391317,"PacificWay"
"CO","YoY",1,344759,16783,21,2022-08-15,2022,37.880083,-122.577204,"28","Redwood Creek","Redwood Creek Mainstem",86,6.08,0.955890676292653,"PacificWay"
"CO","YoY",1,344760,16783,21,2022-08-15,2022,37.880083,-122.577204,"28","Redwood Creek","Redwood Creek Mainstem",68,3.08,0.979544066761653,"PacificWay"
"CO","YoY",1,344761,16783,21,2022-08-15,2022,37.880083,-122.577204,"28","Redwood Creek","Redwood Creek Mainstem",73,3.88,0.997385718361922,"PacificWay"
"CO","YoY",1,344762,16783,21,2022-08-15,2022,37.880083,-122.577204,"28","Redwood Creek","Redwood Creek Mainstem",60,2.36,1.09259259259259,"PacificWay"
"CO","YoY",1,344763,16783,21,2022-08-15,2022,37.880083,-122.577204,"28","Redwood Creek","Redwood Creek Mainstem",71,3.6,1.00583664654062,"PacificWay"
"CO","YoY",1,344764,16783,21,2022-08-15,2022,37.880083,-122.577204,"28","Redwood Creek","Redwood Creek Mainstem",70,3.98,1.16034985422741,"PacificWay"
"SH","YoY",1,344765,16783,21,2022-08-15,2022,37.880083,-122.577204,"28","Redwood Creek","Redwood Creek Mainstem",80,6.01,1.173828125,"PacificWay"
"SH","YoY",1,344766,16783,21,2022-08-15,2022,37.880083,-122.577204,"28","Redwood Creek","Redwood Creek Mainstem",71,4.06,1.13436021804303,"PacificWay"
"SH","YoY",1,344767,16783,21,2022-08-15,2022,37.880083,-122.577204,"28","Redwood Creek","Redwood Creek Mainstem",71,3.7,1.03377655338897,"PacificWay"
"SH","YoY",1,344768,16783,21,2022-08-15,2022,37.880083,-122.577204,"28","Redwood Creek","Redwood Creek Mainstem",82,6.59,1.19520900741429,"PacificWay"
"SH","YoY",1,344769,16783,21,2022-08-15,2022,37.880083,-122.577204,"28","Redwood Creek","Redwood Creek Mainstem",52,1.59,1.1308033682294,"PacificWay"
"SH","YoY",1,344770,16783,21,2022-08-15,2022,37.880083,-122.577204,"28","Redwood Creek","Redwood Creek Mainstem",80,5.36,1.046875,"PacificWay"
"SH","YoY",1,344771,16783,21,2022-08-15,2022,37.880083,-122.577204,"28","Redwood Creek","Redwood Creek Mainstem",75,4.82,1.14251851851852,"PacificWay"
"SH","YoY",1,344772,16783,21,2022-08-15,2022,37.880083,-122.577204,"28","Redwood Creek","Redwood Creek Mainstem",46,1.03,1.05819018657023,"PacificWay"
"CO","YoY",1,344774,16783,21,2022-08-15,2022,37.880083,-122.577204,"28","Redwood Creek","Redwood Creek Mainstem",NA,NA,NA,"PacificWay"
"SH","YoY",7,344775,16783,21,2022-08-15,2022,37.880083,-122.577204,"28","Redwood Creek","Redwood Creek Mainstem",NA,NA,NA,"PacificWay"
"SH","YoY",1,344776,16783,21,2022-08-15,2022,37.880083,-122.577204,"28","Redwood Creek","Redwood Creek Mainstem",62,2.65,1.11191299385721,"PacificWay"
"SH","YoY",1,344777,16783,21,2022-08-15,2022,37.880083,-122.577204,"28","Redwood Creek","Redwood Creek Mainstem",68,3.57,1.13538062283737,"PacificWay"
"SH","1+",1,344778,16783,21,2022-08-15,2022,37.880083,-122.577204,"28","Redwood Creek","Redwood Creek Mainstem",129,21.32,0.993157369325506,"PacificWay"
"SH","1+",1,344779,16783,21,2022-08-15,2022,37.880083,-122.577204,"28","Redwood Creek","Redwood Creek Mainstem",150,36.6,1.08444444444444,"PacificWay"
"SH","1+",1,344780,16783,21,2022-08-15,2022,37.880083,-122.577204,"28","Redwood Creek","Redwood Creek Mainstem",140,28.82,1.0502915451895,"PacificWay"
"CO","YoY",1,344786,16783,21,2022-08-15,2022,37.880083,-122.577204,"28","Redwood Creek","Redwood Creek Mainstem",74,4.73,1.1672556413243,"PacificWay"
"CO","YoY",1,344787,16783,21,2022-08-15,2022,37.880083,-122.577204,"28","Redwood Creek","Redwood Creek Mainstem",82,6.07,1.10089812974275,"PacificWay"
"CO","YoY",1,344788,16783,21,2022-08-15,2022,37.880083,-122.577204,"28","Redwood Creek","Redwood Creek Mainstem",70,4.06,1.18367346938776,"PacificWay"
"SH","YoY",1,344789,16783,21,2022-08-15,2022,37.880083,-122.577204,"28","Redwood Creek","Redwood Creek Mainstem",77,4.89,1.07111643627076,"PacificWay"
"SH","YoY",1,344790,16783,21,2022-08-15,2022,37.880083,-122.577204,"28","Redwood Creek","Redwood Creek Mainstem",65,2.86,1.0414201183432,"PacificWay"
"SH","1+",1,344791,16783,21,2022-08-15,2022,37.880083,-122.577204,"28","Redwood Creek","Redwood Creek Mainstem",94,9.72,1.17026092484324,"PacificWay"
"CO","YoY",1,344793,16783,21,2022-08-15,2022,37.880083,-122.577204,"28","Redwood Creek","Redwood Creek Mainstem",76,4.79,1.09117582738008,"PacificWay"
"CO","YoY",1,344794,16783,21,2022-08-15,2022,37.880083,-122.577204,"28","Redwood Creek","Redwood Creek Mainstem",71,4,1.11759627393402,"PacificWay"
"CO","YoY",1,344801,16784,74,2022-08-10,2022,37.86857,-122.58031,"8","Redwood Creek","Redwood Creek Mainstem",78,5.47,1.1526660934945,NA
"CO","YoY",1,344802,16784,74,2022-08-10,2022,37.86857,-122.58031,"8","Redwood Creek","Redwood Creek Mainstem",67,3.3,1.0972094306813,NA
"CO","YoY",1,344803,16784,74,2022-08-10,2022,37.86857,-122.58031,"8","Redwood Creek","Redwood Creek Mainstem",64,3.01,1.14822387695312,NA
"CO","YoY",1,344804,16784,74,2022-08-10,2022,37.86857,-122.58031,"8","Redwood Creek","Redwood Creek Mainstem",67,3.47,1.1537323407467,NA
"CO","YoY",1,344805,16784,74,2022-08-10,2022,37.86857,-122.58031,"8","Redwood Creek","Redwood Creek Mainstem",81,6.43,1.20991794009119,NA
"SH","YoY",1,344806,16784,74,2022-08-10,2022,37.86857,-122.58031,"8","Redwood Creek","Redwood Creek Mainstem",54,1.84,1.16852105878169,NA
"SH","YoY",1,344807,16784,74,2022-08-10,2022,37.86857,-122.58031,"8","Redwood Creek","Redwood Creek Mainstem",55,1.86,1.11795642374155,NA
"SH","YoY",1,344808,16784,74,2022-08-10,2022,37.86857,-122.58031,"8","Redwood Creek","Redwood Creek Mainstem",66,3.1,1.0782758716643,NA
"SH","YoY",1,344809,16784,74,2022-08-10,2022,37.86857,-122.58031,"8","Redwood Creek","Redwood Creek Mainstem",54,1.7,1.07961184778743,NA
"SH","YoY",1,344810,16784,74,2022-08-10,2022,37.86857,-122.58031,"8","Redwood Creek","Redwood Creek Mainstem",45,0.93,1.02057613168724,NA
"SH","YoY",1,344811,16784,74,2022-08-10,2022,37.86857,-122.58031,"8","Redwood Creek","Redwood Creek Mainstem",49,1.2,1.01998317027769,NA
"SH","YoY",1,344812,16784,74,2022-08-10,2022,37.86857,-122.58031,"8","Redwood Creek","Redwood Creek Mainstem",48,1.11,1.00368923611111,NA
"SH","YoY",1,344813,16784,74,2022-08-10,2022,37.86857,-122.58031,"8","Redwood Creek","Redwood Creek Mainstem",65,3.18,1.15794264906691,NA
"SH","YoY",1,344814,16784,74,2022-08-10,2022,37.86857,-122.58031,"8","Redwood Creek","Redwood Creek Mainstem",58,2.26,1.15830907376276,NA
"SH","YoY",1,344815,16784,74,2022-08-10,2022,37.86857,-122.58031,"8","Redwood Creek","Redwood Creek Mainstem",56,2.03,1.15593112244898,NA
"CO","YoY",1,344817,16784,74,2022-08-10,2022,37.86857,-122.58031,"8","Redwood Creek","Redwood Creek Mainstem",72,4.36,1.16812414266118,NA
"CO","YoY",1,344818,16784,74,2022-08-10,2022,37.86857,-122.58031,"8","Redwood Creek","Redwood Creek Mainstem",68,4.03,1.2816761652758,NA
"SH","YoY",14,344821,16784,74,2022-08-10,2022,37.86857,-122.58031,"8","Redwood Creek","Redwood Creek Mainstem",NA,NA,NA,NA
"SH","YoY",1,344829,16784,74,2022-08-10,2022,37.86857,-122.58031,"8","Redwood Creek","Redwood Creek Mainstem",55,1.9,1.1419984973704,NA
"SH","YoY",1,344830,16784,74,2022-08-10,2022,37.86857,-122.58031,"8","Redwood Creek","Redwood Creek Mainstem",61,2.63,1.15868729100674,NA
"SH","YoY",1,344831,16784,74,2022-08-10,2022,37.86857,-122.58031,"8","Redwood Creek","Redwood Creek Mainstem",68,3.63,1.15446265011195,NA
"SH","YoY",1,344832,16784,74,2022-08-10,2022,37.86857,-122.58031,"8","Redwood Creek","Redwood Creek Mainstem",59,1.98,0.964071302323996,NA
"SH","YoY",1,344833,16784,74,2022-08-10,2022,37.86857,-122.58031,"8","Redwood Creek","Redwood Creek Mainstem",57,1.96,1.05835533740476,NA
"SH","YoY",1,344834,16784,74,2022-08-10,2022,37.86857,-122.58031,"8","Redwood Creek","Redwood Creek Mainstem",54,1.73,1.09866382157191,NA
"SH","YoY",1,344835,16784,74,2022-08-10,2022,37.86857,-122.58031,"8","Redwood Creek","Redwood Creek Mainstem",61,2.66,1.17190425630339,NA
"SH","YoY",1,344836,16784,74,2022-08-10,2022,37.86857,-122.58031,"8","Redwood Creek","Redwood Creek Mainstem",46,1.2,1.23284293580998,NA
"SH","YoY",1,344837,16784,74,2022-08-10,2022,37.86857,-122.58031,"8","Redwood Creek","Redwood Creek Mainstem",48,1.32,1.19357638888889,NA
"CO","YoY",1,344838,16784,74,2022-08-10,2022,37.86857,-122.58031,"8","Redwood Creek","Redwood Creek Mainstem",72,3.92,1.05024005486968,NA
"CO","YoY",1,344839,16784,74,2022-08-10,2022,37.86857,-122.58031,"8","Redwood Creek","Redwood Creek Mainstem",70,3.52,1.02623906705539,NA
"SH","YoY",1,344840,16784,74,2022-08-10,2022,37.86857,-122.58031,"8","Redwood Creek","Redwood Creek Mainstem",48,1.2,1.08506944444444,NA
"SH","YoY",1,344841,16784,74,2022-08-10,2022,37.86857,-122.58031,"8","Redwood Creek","Redwood Creek Mainstem",60,2.47,1.14351851851852,NA
"SH","YoY",1,344842,16784,74,2022-08-10,2022,37.86857,-122.58031,"8","Redwood Creek","Redwood Creek Mainstem",36,NA,NA,NA
"CO","YoY",1,344844,16784,74,2022-08-10,2022,37.86857,-122.58031,"8","Redwood Creek","Redwood Creek Mainstem",63,2.8,1.11978947957784,NA
"SH","YoY",1,344851,16787,74,2022-08-10,2022,37.86857,-122.58031,"8","Redwood Creek","Redwood Creek Mainstem",67,3.41,1.13378307837068,NA
"SH","YoY",1,344852,16787,74,2022-08-10,2022,37.86857,-122.58031,"8","Redwood Creek","Redwood Creek Mainstem",57,1.83,0.988158299719752,NA
"SH","YoY",1,344853,16787,74,2022-08-10,2022,37.86857,-122.58031,"8","Redwood Creek","Redwood Creek Mainstem",49,1.33,1.13048134705777,NA
"SH","YoY",1,344854,16787,74,2022-08-10,2022,37.86857,-122.58031,"8","Redwood Creek","Redwood Creek Mainstem",42,0.75,1.01230968577907,NA
"SH","YoY",1,344855,16787,74,2022-08-10,2022,37.86857,-122.58031,"8","Redwood Creek","Redwood Creek Mainstem",57,2.06,1.11235305870092,NA
"SH","YoY",1,344856,16787,74,2022-08-10,2022,37.86857,-122.58031,"8","Redwood Creek","Redwood Creek Mainstem",44,0.94,1.10349361382419,NA
"SH","YoY",1,344857,16787,74,2022-08-10,2022,37.86857,-122.58031,"8","Redwood Creek","Redwood Creek Mainstem",47,1.12,1.07875904183081,NA
"SH","YoY",1,344858,16787,74,2022-08-10,2022,37.86857,-122.58031,"8","Redwood Creek","Redwood Creek Mainstem",52,1.43,1.01701183431953,NA
"SH","YoY",1,344859,16787,74,2022-08-10,2022,37.86857,-122.58031,"8","Redwood Creek","Redwood Creek Mainstem",53,1.58,1.06127877375283,NA
"SH","YoY",1,344860,16787,74,2022-08-10,2022,37.86857,-122.58031,"8","Redwood Creek","Redwood Creek Mainstem",66,2.96,1.02957954197624,NA
"CH","YoY",1,344861,16787,74,2022-08-10,2022,37.86857,-122.58031,"8","Redwood Creek","Redwood Creek Mainstem",56,1.45,0.825665087463557,NA
"CO","YoY",1,344862,16787,74,2022-08-10,2022,37.86857,-122.58031,"8","Redwood Creek","Redwood Creek Mainstem",66,3.34,1.1617552939867,NA
"CO","YoY",1,344863,16787,74,2022-08-10,2022,37.86857,-122.58031,"8","Redwood Creek","Redwood Creek Mainstem",71,4.22,1.17906406900039,NA
"CO","YoY",1,344864,16787,74,2022-08-10,2022,37.86857,-122.58031,"8","Redwood Creek","Redwood Creek Mainstem",66,3.32,1.15479867545983,NA
"SH","YoY",1,344865,16787,74,2022-08-10,2022,37.86857,-122.58031,"8","Redwood Creek","Redwood Creek Mainstem",45,0.82,0.899862825788752,NA
"SH","YoY",1,344866,16787,74,2022-08-10,2022,37.86857,-122.58031,"8","Redwood Creek","Redwood Creek Mainstem",41,0.71,1.0301649714891,NA
"SH","YoY",1,344867,16787,74,2022-08-10,2022,37.86857,-122.58031,"8","Redwood Creek","Redwood Creek Mainstem",45,0.91,0.998628257887517,NA
"CO","YoY",1,344872,16788,74,2022-08-10,2022,37.86857,-122.58031,"8","Redwood Creek","Redwood Creek Mainstem",68,3.58,1.13856096071647,NA
"CO","YoY",1,344873,16788,74,2022-08-10,2022,37.86857,-122.58031,"8","Redwood Creek","Redwood Creek Mainstem",72,4.27,1.14401148834019,NA
"CO","YoY",1,344874,16788,74,2022-08-10,2022,37.86857,-122.58031,"8","Redwood Creek","Redwood Creek Mainstem",70,4.13,1.20408163265306,NA
"CO","YoY",1,344875,16788,74,2022-08-10,2022,37.86857,-122.58031,"8","Redwood Creek","Redwood Creek Mainstem",67,3.3,1.0972094306813,NA
"CO","YoY",1,344876,16788,74,2022-08-10,2022,37.86857,-122.58031,"8","Redwood Creek","Redwood Creek Mainstem",63,2.92,1.16778045727403,NA
"CO","YoY",1,344877,16788,74,2022-08-10,2022,37.86857,-122.58031,"8","Redwood Creek","Redwood Creek Mainstem",70,3.59,1.0466472303207,NA
"CO","YoY",1,344878,16788,74,2022-08-10,2022,37.86857,-122.58031,"8","Redwood Creek","Redwood Creek Mainstem",77,5.32,1.16530458915347,NA
"CO","YoY",1,344879,16788,74,2022-08-10,2022,37.86857,-122.58031,"8","Redwood Creek","Redwood Creek Mainstem",68,3.54,1.12583960920008,NA
"CO","YoY",1,344880,16788,74,2022-08-10,2022,37.86857,-122.58031,"8","Redwood Creek","Redwood Creek Mainstem",65,3.15,1.14701866181156,NA
"CO","YoY",1,344881,16788,74,2022-08-10,2022,37.86857,-122.58031,"8","Redwood Creek","Redwood Creek Mainstem",71,4.21,1.17627007831556,NA
"SH","YoY",1,344882,16788,74,2022-08-10,2022,37.86857,-122.58031,"8","Redwood Creek","Redwood Creek Mainstem",60,2.32,1.07407407407407,NA
"SH","YoY",1,344883,16788,74,2022-08-10,2022,37.86857,-122.58031,"8","Redwood Creek","Redwood Creek Mainstem",49,1.32,1.12198148730546,NA
"SH","YoY",1,344884,16788,74,2022-08-10,2022,37.86857,-122.58031,"8","Redwood Creek","Redwood Creek Mainstem",81,5.59,1.05185712054584,NA
"SH","YoY",1,344885,16788,74,2022-08-10,2022,37.86857,-122.58031,"8","Redwood Creek","Redwood Creek Mainstem",66,3.86,1.34262737568523,NA
"SH","YoY",1,344886,16788,74,2022-08-10,2022,37.86857,-122.58031,"8","Redwood Creek","Redwood Creek Mainstem",58,2.15,1.10193119849112,NA
"SH","YoY",1,344887,16788,74,2022-08-10,2022,37.86857,-122.58031,"8","Redwood Creek","Redwood Creek Mainstem",58,2.06,1.05580384599615,NA
"SH","YoY",1,344888,16788,74,2022-08-10,2022,37.86857,-122.58031,"8","Redwood Creek","Redwood Creek Mainstem",53,1.76,1.18218395050948,NA
"SH","YoY",1,344889,16788,74,2022-08-10,2022,37.86857,-122.58031,"8","Redwood Creek","Redwood Creek Mainstem",66,3.31,1.1513203661964,NA
"SH","YoY",1,344890,16788,74,2022-08-10,2022,37.86857,-122.58031,"8","Redwood Creek","Redwood Creek Mainstem",55,1.89,1.13598797896319,NA
"SH","YoY",1,344891,16788,74,2022-08-10,2022,37.86857,-122.58031,"8","Redwood Creek","Redwood Creek Mainstem",51,1.47,1.10817106542732,NA
"CO","YoY",1,344907,16788,74,2022-08-10,2022,37.86857,-122.58031,"8","Redwood Creek","Redwood Creek Mainstem",70,3.92,1.14285714285714,NA
"CO","YoY",1,344908,16788,74,2022-08-10,2022,37.86857,-122.58031,"8","Redwood Creek","Redwood Creek Mainstem",63,2.8,1.11978947957784,NA
"CO","YoY",1,344909,16788,74,2022-08-10,2022,37.86857,-122.58031,"8","Redwood Creek","Redwood Creek Mainstem",59,2.1,1.02249986610121,NA
"SH","YoY",1,344910,16788,74,2022-08-10,2022,37.86857,-122.58031,"8","Redwood Creek","Redwood Creek Mainstem",63,2.77,1.10779173515379,NA
"SH","YoY",1,344911,16788,74,2022-08-10,2022,37.86857,-122.58031,"8","Redwood Creek","Redwood Creek Mainstem",69,3.92,1.19327019959879,NA
"SH","YoY",1,344912,16788,74,2022-08-10,2022,37.86857,-122.58031,"8","Redwood Creek","Redwood Creek Mainstem",48,1.19,1.07602719907407,NA
"SH","YoY",1,344913,16788,74,2022-08-10,2022,37.86857,-122.58031,"8","Redwood Creek","Redwood Creek Mainstem",52,1.56,1.1094674556213,NA
"SH","YoY",1,344914,16788,74,2022-08-10,2022,37.86857,-122.58031,"8","Redwood Creek","Redwood Creek Mainstem",67,3.15,1.04733627474124,NA
"CO","YoY",1,344915,16788,74,2022-08-10,2022,37.86857,-122.58031,"8","Redwood Creek","Redwood Creek Mainstem",68,3.67,1.16718400162833,NA
"CO","YoY",1,344916,16788,74,2022-08-10,2022,37.86857,-122.58031,"8","Redwood Creek","Redwood Creek Mainstem",75,5.24,1.24207407407407,NA
"SH","YoY",1,344917,16788,74,2022-08-10,2022,37.86857,-122.58031,"8","Redwood Creek","Redwood Creek Mainstem",56,1.96,1.11607142857143,NA
"SH","YoY",1,344918,16788,74,2022-08-10,2022,37.86857,-122.58031,"8","Redwood Creek","Redwood Creek Mainstem",62,2.58,1.08254170722701,NA
"SH","YoY",1,344919,16788,74,2022-08-10,2022,37.86857,-122.58031,"8","Redwood Creek","Redwood Creek Mainstem",66,3.42,1.18958176809416,NA
"SH","YoY",1,344920,16788,74,2022-08-10,2022,37.86857,-122.58031,"8","Redwood Creek","Redwood Creek Mainstem",43,0.76,0.955890676292654,NA
"SH","YoY",1,344931,16789,22,2022-08-15,2022,37.880695,-122.57684,"29","Redwood Creek","Redwood Creek Mainstem",79,5.54,1.12364336289827,"PacificWay"
"SH","YoY",1,344932,16789,22,2022-08-15,2022,37.880695,-122.57684,"29","Redwood Creek","Redwood Creek Mainstem",64,2.93,1.11770629882812,"PacificWay"
"SH","YoY",1,344933,16789,22,2022-08-15,2022,37.880695,-122.57684,"29","Redwood Creek","Redwood Creek Mainstem",58,2.04,1.04555332321948,"PacificWay"
"SH","YoY",1,344934,16789,22,2022-08-15,2022,37.880695,-122.57684,"29","Redwood Creek","Redwood Creek Mainstem",61,2.4,1.05735722373238,"PacificWay"
"SH","YoY",1,344935,16789,22,2022-08-15,2022,37.880695,-122.57684,"29","Redwood Creek","Redwood Creek Mainstem",61,2.76,1.21596080729224,"PacificWay"
"SH","YoY",1,344936,16789,22,2022-08-15,2022,37.880695,-122.57684,"29","Redwood Creek","Redwood Creek Mainstem",68,3.37,1.07177386525544,"PacificWay"
"SH","YoY",1,344937,16789,22,2022-08-15,2022,37.880695,-122.57684,"29","Redwood Creek","Redwood Creek Mainstem",53,1.96,1.31652303579465,"PacificWay"
"SH","YoY",1,344938,16789,22,2022-08-15,2022,37.880695,-122.57684,"29","Redwood Creek","Redwood Creek Mainstem",74,4.69,1.15738455767674,"PacificWay"
"SH","YoY",1,344939,16789,22,2022-08-15,2022,37.880695,-122.57684,"29","Redwood Creek","Redwood Creek Mainstem",73,4.43,1.13876771452147,"PacificWay"
"SH","YoY",1,344940,16789,22,2022-08-15,2022,37.880695,-122.57684,"29","Redwood Creek","Redwood Creek Mainstem",65,3.63,1.32180245789713,"PacificWay"
"SH","YoY",1,344947,16789,22,2022-08-15,2022,37.880695,-122.57684,"29","Redwood Creek","Redwood Creek Mainstem",72,4.34,1.16276577503429,"PacificWay"
"SH","YoY",1,344948,16789,22,2022-08-15,2022,37.880695,-122.57684,"29","Redwood Creek","Redwood Creek Mainstem",63,3.19,1.27576015709047,"PacificWay"
"SH","YoY",1,344949,16789,22,2022-08-15,2022,37.880695,-122.57684,"29","Redwood Creek","Redwood Creek Mainstem",65,3.33,1.21256258534365,"PacificWay"
"SH","YoY",1,344950,16789,22,2022-08-15,2022,37.880695,-122.57684,"29","Redwood Creek","Redwood Creek Mainstem",54,1.99,1.26378092770411,"PacificWay"
"SH","YoY",5,344952,16789,22,2022-08-15,2022,37.880695,-122.57684,"29","Redwood Creek","Redwood Creek Mainstem",NA,NA,NA,"PacificWay"
"SH","YoY",1,344954,16790,74,2022-08-10,2022,37.86857,-122.58031,"8","Redwood Creek","Redwood Creek Mainstem",78,4.95,1.04308906084054,NA
"CO","YoY",1,344957,16791,22,2022-08-15,2022,37.880695,-122.57684,"29","Redwood Creek","Redwood Creek Mainstem",76,5.22,1.1891310686689,"PacificWay"
"CO","YoY",1,344958,16791,22,2022-08-15,2022,37.880695,-122.57684,"29","Redwood Creek","Redwood Creek Mainstem",63,2.93,1.17177970541538,"PacificWay"
"SH","YoY",1,344959,16791,22,2022-08-15,2022,37.880695,-122.57684,"29","Redwood Creek","Redwood Creek Mainstem",75,4.79,1.13540740740741,"PacificWay"
"SH","YoY",1,344961,16791,22,2022-08-15,2022,37.880695,-122.57684,"29","Redwood Creek","Redwood Creek Mainstem",62,2.81,1.17904736329764,"PacificWay"
"SH","YoY",1,344962,16791,22,2022-08-15,2022,37.880695,-122.57684,"29","Redwood Creek","Redwood Creek Mainstem",51,1.48,1.1157096441037,"PacificWay"
"SH","YoY",1,344963,16791,22,2022-08-15,2022,37.880695,-122.57684,"29","Redwood Creek","Redwood Creek Mainstem",64,3,1.1444091796875,"PacificWay"
"SH","YoY",1,344964,16791,22,2022-08-15,2022,37.880695,-122.57684,"29","Redwood Creek","Redwood Creek Mainstem",68,3.89,1.23715143496845,"PacificWay"
"SH","YoY",1,344965,16791,22,2022-08-15,2022,37.880695,-122.57684,"29","Redwood Creek","Redwood Creek Mainstem",74,4.67,1.15244901585296,"PacificWay"
"SH","YoY",1,344966,16791,22,2022-08-15,2022,37.880695,-122.57684,"29","Redwood Creek","Redwood Creek Mainstem",71,4.18,1.16788810626105,"PacificWay"
"CH","YoY",1,344967,16791,22,2022-08-15,2022,37.880695,-122.57684,"29","Redwood Creek","Redwood Creek Mainstem",54,1.54,0.978001320936849,"PacificWay"
"SH","YoY",1,344968,16791,22,2022-08-15,2022,37.880695,-122.57684,"29","Redwood Creek","Redwood Creek Mainstem",63,2.84,1.13578647214324,"PacificWay"
"SH","YoY",1,344969,16791,22,2022-08-15,2022,37.880695,-122.57684,"29","Redwood Creek","Redwood Creek Mainstem",66,3.28,1.1408854384061,"PacificWay"
"SH","YoY",1,344970,16791,22,2022-08-15,2022,37.880695,-122.57684,"29","Redwood Creek","Redwood Creek Mainstem",79,5.89,1.19463166199834,"PacificWay"
"SH","YoY",1,344973,16791,22,2022-08-15,2022,37.880695,-122.57684,"29","Redwood Creek","Redwood Creek Mainstem",69,4.14,1.26023944549464,"PacificWay"
"CO","YoY",1,344977,16792,74,2022-08-10,2022,37.86857,-122.58031,"8","Redwood Creek","Redwood Creek Mainstem",74,4.18,1.03152824117032,NA
"CO","YoY",1,344978,16792,74,2022-08-10,2022,37.86857,-122.58031,"8","Redwood Creek","Redwood Creek Mainstem",65,2.87,1.04506144742831,NA
"CO","YoY",1,344979,16792,74,2022-08-10,2022,37.86857,-122.58031,"8","Redwood Creek","Redwood Creek Mainstem",76,5.2,1.18457501093454,NA
"CO","YoY",1,344980,16792,74,2022-08-10,2022,37.86857,-122.58031,"8","Redwood Creek","Redwood Creek Mainstem",65,2.96,1.07783340919436,NA
"CO","YoY",1,344981,16792,74,2022-08-10,2022,37.86857,-122.58031,"8","Redwood Creek","Redwood Creek Mainstem",71,3.98,1.11200829256435,NA
"SH","YoY",1,344982,16792,74,2022-08-10,2022,37.86857,-122.58031,"8","Redwood Creek","Redwood Creek Mainstem",62,2.73,1.14548017857742,NA
"SH","YoY",1,344983,16792,74,2022-08-10,2022,37.86857,-122.58031,"8","Redwood Creek","Redwood Creek Mainstem",40,0.74,1.15625,NA
"SH","YoY",1,344984,16792,74,2022-08-10,2022,37.86857,-122.58031,"8","Redwood Creek","Redwood Creek Mainstem",46,0.98,1.00682173091148,NA
"SH","YoY",1,344985,16792,74,2022-08-10,2022,37.86857,-122.58031,"8","Redwood Creek","Redwood Creek Mainstem",50,1.49,1.192,NA
"SH","YoY",1,344986,16792,74,2022-08-10,2022,37.86857,-122.58031,"8","Redwood Creek","Redwood Creek Mainstem",60,2.45,1.13425925925926,NA
"SH","YoY",1,344987,16792,74,2022-08-10,2022,37.86857,-122.58031,"8","Redwood Creek","Redwood Creek Mainstem",42,1.04,1.40373609761365,NA
"SH","YoY",1,344988,16792,74,2022-08-10,2022,37.86857,-122.58031,"8","Redwood Creek","Redwood Creek Mainstem",49,1.22,1.03698288978232,NA
"SH","YoY",1,344989,16792,74,2022-08-10,2022,37.86857,-122.58031,"8","Redwood Creek","Redwood Creek Mainstem",46,0.95,0.976000657516232,NA
"SH","YoY",1,344990,16792,74,2022-08-10,2022,37.86857,-122.58031,"8","Redwood Creek","Redwood Creek Mainstem",42,0.75,1.01230968577907,NA
"CO","YoY",1,344991,16792,74,2022-08-10,2022,37.86857,-122.58031,"8","Redwood Creek","Redwood Creek Mainstem",72,4.18,1.1198988340192,NA
"CO","YoY",1,344992,16792,74,2022-08-10,2022,37.86857,-122.58031,"8","Redwood Creek","Redwood Creek Mainstem",79,5.4,1.09524804325824,NA
"CO","YoY",1,344993,16792,74,2022-08-10,2022,37.86857,-122.58031,"8","Redwood Creek","Redwood Creek Mainstem",84,7.29,1.22995626822157,NA
"CO","YoY",1,344994,16792,74,2022-08-10,2022,37.86857,-122.58031,"8","Redwood Creek","Redwood Creek Mainstem",69,3.75,1.14152123686109,NA
"CO","YoY",1,344995,16792,74,2022-08-10,2022,37.86857,-122.58031,"8","Redwood Creek","Redwood Creek Mainstem",64,2.9,1.10626220703125,NA
"SH","YoY",1,344996,16792,74,2022-08-10,2022,37.86857,-122.58031,"8","Redwood Creek","Redwood Creek Mainstem",82,5.22,0.946736118164275,NA
"SH","YoY",1,344997,16792,74,2022-08-10,2022,37.86857,-122.58031,"8","Redwood Creek","Redwood Creek Mainstem",68,3.38,1.07495420313454,NA
"SH","YoY",1,344998,16792,74,2022-08-10,2022,37.86857,-122.58031,"8","Redwood Creek","Redwood Creek Mainstem",79,4.43,0.898509042895187,NA
"SH","YoY",1,344999,16792,74,2022-08-10,2022,37.86857,-122.58031,"8","Redwood Creek","Redwood Creek Mainstem",52,1.46,1.03834774692763,NA
"SH","YoY",1,345000,16792,74,2022-08-10,2022,37.86857,-122.58031,"8","Redwood Creek","Redwood Creek Mainstem",62,2.71,1.13708838239737,NA
"SH","YoY",1,345001,16792,74,2022-08-10,2022,37.86857,-122.58031,"8","Redwood Creek","Redwood Creek Mainstem",46,1.32,1.35612722939098,NA
"SH","YoY",1,345002,16792,74,2022-08-10,2022,37.86857,-122.58031,"8","Redwood Creek","Redwood Creek Mainstem",39,NA,NA,NA
"SH","YoY",1,345003,16792,74,2022-08-10,2022,37.86857,-122.58031,"8","Redwood Creek","Redwood Creek Mainstem",79,5.18,1.05062682668105,NA
"SH","YoY",1,345004,16792,74,2022-08-10,2022,37.86857,-122.58031,"8","Redwood Creek","Redwood Creek Mainstem",59,2.28,1.11014271176703,NA
"SH","YoY",1,345005,16792,74,2022-08-10,2022,37.86857,-122.58031,"8","Redwood Creek","Redwood Creek Mainstem",50,1.39,1.112,NA
"CO","YoY",1,345006,16792,74,2022-08-10,2022,37.86857,-122.58031,"8","Redwood Creek","Redwood Creek Mainstem",70,4.12,1.20116618075802,NA
"CO","YoY",1,345007,16792,74,2022-08-10,2022,37.86857,-122.58031,"8","Redwood Creek","Redwood Creek Mainstem",74,4.69,1.15738455767674,NA
"CO","YoY",1,345008,16792,74,2022-08-10,2022,37.86857,-122.58031,"8","Redwood Creek","Redwood Creek Mainstem",69,3.58,1.08977227412339,NA
"SH","1+",1,345012,16794,22,2022-08-15,2022,37.880695,-122.57684,"29","Redwood Creek","Redwood Creek Mainstem",86,7.68,1.2074408542644,"PacificWay"
"SH","YoY",1,345013,16794,22,2022-08-15,2022,37.880695,-122.57684,"29","Redwood Creek","Redwood Creek Mainstem",67,3.31,1.10053430774397,"PacificWay"
"SH","YoY",1,345016,16794,22,2022-08-15,2022,37.880695,-122.57684,"29","Redwood Creek","Redwood Creek Mainstem",64,3.19,1.21688842773438,"PacificWay"
"CO","YoY",1,345017,16794,22,2022-08-15,2022,37.880695,-122.57684,"29","Redwood Creek","Redwood Creek Mainstem",74,5,1.23388545594535,"PacificWay"
"CO","YoY",1,345018,16794,22,2022-08-15,2022,37.880695,-122.57684,"29","Redwood Creek","Redwood Creek Mainstem",74,4.59,1.13270684855783,"PacificWay"
"CO","YoY",1,345019,16794,22,2022-08-15,2022,37.880695,-122.57684,"29","Redwood Creek","Redwood Creek Mainstem",82,6.25,1.1335442027829,"PacificWay"
"CO","YoY",1,345020,16794,22,2022-08-15,2022,37.880695,-122.57684,"29","Redwood Creek","Redwood Creek Mainstem",75,5.23,1.2397037037037,"PacificWay"
"CO","YoY",1,345021,16794,22,2022-08-15,2022,37.880695,-122.57684,"29","Redwood Creek","Redwood Creek Mainstem",74,4.79,1.18206226679565,"PacificWay"
"CO","YoY",1,345022,16794,22,2022-08-15,2022,37.880695,-122.57684,"29","Redwood Creek","Redwood Creek Mainstem",74,4.09,1.0093183029633,"PacificWay"
"CO","YoY",1,345023,16794,22,2022-08-15,2022,37.880695,-122.57684,"29","Redwood Creek","Redwood Creek Mainstem",77,5.02,1.09959192435158,"PacificWay"
"CO","YoY",1,345024,16794,22,2022-08-15,2022,37.880695,-122.57684,"29","Redwood Creek","Redwood Creek Mainstem",66,3.22,1.1200155828255,"PacificWay"
"CO","YoY",1,345025,16794,22,2022-08-15,2022,37.880695,-122.57684,"29","Redwood Creek","Redwood Creek Mainstem",61,2.53,1.11463074001789,"PacificWay"
"CO","YoY",1,345026,16794,22,2022-08-15,2022,37.880695,-122.57684,"29","Redwood Creek","Redwood Creek Mainstem",74,4.63,1.1425779322054,"PacificWay"
"SH","YoY",1,345028,16794,22,2022-08-15,2022,37.880695,-122.57684,"29","Redwood Creek","Redwood Creek Mainstem",65,3.11,1.1324533454711,"PacificWay"
"CO","YoY",5,345035,16794,22,2022-08-15,2022,37.880695,-122.57684,"29","Redwood Creek","Redwood Creek Mainstem",NA,NA,NA,"PacificWay"
"CO","YoY",1,345037,16794,22,2022-08-15,2022,37.880695,-122.57684,"29","Redwood Creek","Redwood Creek Mainstem",76,5.66,1.2893643388249,"PacificWay"
"CO","YoY",1,345038,16794,22,2022-08-15,2022,37.880695,-122.57684,"29","Redwood Creek","Redwood Creek Mainstem",73,4.66,1.19789109473365,"PacificWay"
"CO","YoY",1,345039,16794,22,2022-08-15,2022,37.880695,-122.57684,"29","Redwood Creek","Redwood Creek Mainstem",68,3.36,1.06859352737635,"PacificWay"
"CO","YoY",1,345040,16794,22,2022-08-15,2022,37.880695,-122.57684,"29","Redwood Creek","Redwood Creek Mainstem",65,3.09,1.12517068730086,"PacificWay"
"CO","YoY",1,345041,16794,22,2022-08-15,2022,37.880695,-122.57684,"29","Redwood Creek","Redwood Creek Mainstem",69,3.58,1.08977227412339,"PacificWay"
"CO","YoY",1,345042,16794,22,2022-08-15,2022,37.880695,-122.57684,"29","Redwood Creek","Redwood Creek Mainstem",63,3.11,1.24376617195967,"PacificWay"
"CO","YoY",1,345043,16794,22,2022-08-15,2022,37.880695,-122.57684,"29","Redwood Creek","Redwood Creek Mainstem",81,6.02,1.13276920674167,"PacificWay"
"SH","YoY",1,345044,16794,22,2022-08-15,2022,37.880695,-122.57684,"29","Redwood Creek","Redwood Creek Mainstem",66,3.13,1.0887107994546,"PacificWay"
"CO","YoY",1,345049,16794,22,2022-08-15,2022,37.880695,-122.57684,"29","Redwood Creek","Redwood Creek Mainstem",85,6.46,1.05190311418685,"PacificWay"
"CO","YoY",1,345050,16794,22,2022-08-15,2022,37.880695,-122.57684,"29","Redwood Creek","Redwood Creek Mainstem",66,3.31,1.1513203661964,"PacificWay"
"CO","YoY",1,345051,16794,22,2022-08-15,2022,37.880695,-122.57684,"29","Redwood Creek","Redwood Creek Mainstem",69,3.51,1.06846387770198,"PacificWay"
"CO","YoY",1,345052,16794,22,2022-08-15,2022,37.880695,-122.57684,"29","Redwood Creek","Redwood Creek Mainstem",72,4.29,1.14936985596708,"PacificWay"
"CO","YoY",1,345053,16794,22,2022-08-15,2022,37.880695,-122.57684,"29","Redwood Creek","Redwood Creek Mainstem",66,3.21,1.11653727356207,"PacificWay"
"CO","YoY",1,345054,16794,22,2022-08-15,2022,37.880695,-122.57684,"29","Redwood Creek","Redwood Creek Mainstem",86,7.21,1.1335479894852,"PacificWay"
"SH","1+",1,345055,16794,22,2022-08-15,2022,37.880695,-122.57684,"29","Redwood Creek","Redwood Creek Mainstem",135,27.26,1.10796118477874,"PacificWay"
"SH","YoY",1,345062,16797,10,2022-08-11,2022,37.874915,-122.582915,"18","Redwood Creek","Redwood Creek Mainstem",42,1,1.34974624770543,"PacificWay"
"SH","1+",1,345071,16798,10,2022-08-11,2022,37.874915,-122.582915,"18","Redwood Creek","Redwood Creek Mainstem",88,8.2,1.20327761081893,"PacificWay"
"SH","YoY",1,345072,16798,10,2022-08-11,2022,37.874915,-122.582915,"18","Redwood Creek","Redwood Creek Mainstem",68,3.88,1.23397109708935,"PacificWay"
"SH","YoY",1,345073,16798,10,2022-08-11,2022,37.874915,-122.582915,"18","Redwood Creek","Redwood Creek Mainstem",72,5.05,1.35298782578875,"PacificWay"
"SH","YoY",1,345074,16798,10,2022-08-11,2022,37.874915,-122.582915,"18","Redwood Creek","Redwood Creek Mainstem",49,1.51,1.28347882259943,"PacificWay"
"CO","YoY",1,345075,16798,10,2022-08-11,2022,37.874915,-122.582915,"18","Redwood Creek","Redwood Creek Mainstem",74,4.76,1.17465895405998,"PacificWay"
"CO","YoY",1,345076,16798,10,2022-08-11,2022,37.874915,-122.582915,"18","Redwood Creek","Redwood Creek Mainstem",67,3.37,1.12048357011999,"PacificWay"
"SH","YoY",1,345077,16798,10,2022-08-11,2022,37.874915,-122.582915,"18","Redwood Creek","Redwood Creek Mainstem",71,3.88,1.084068385716,"PacificWay"
"SH","YoY",1,345078,16798,10,2022-08-11,2022,37.874915,-122.582915,"18","Redwood Creek","Redwood Creek Mainstem",61,3.15,1.38778135614875,"PacificWay"
"SH","YoY",1,345079,16798,10,2022-08-11,2022,37.874915,-122.582915,"18","Redwood Creek","Redwood Creek Mainstem",58,2.38,1.21981221042273,"PacificWay"
"CH","YoY",1,345080,16798,10,2022-08-11,2022,37.874915,-122.582915,"18","Redwood Creek","Redwood Creek Mainstem",66,2.55,0.886968862175474,"PacificWay"
"SH","YoY",1,345081,16798,10,2022-08-11,2022,37.874915,-122.582915,"18","Redwood Creek","Redwood Creek Mainstem",36,NA,NA,"PacificWay"
"SH","1+",1,345082,16798,10,2022-08-11,2022,37.874915,-122.582915,"18","Redwood Creek","Redwood Creek Mainstem",91,9.37,1.24341302942921,"PacificWay"
"SH","YoY",1,345083,16798,10,2022-08-11,2022,37.874915,-122.582915,"18","Redwood Creek","Redwood Creek Mainstem",65,3.21,1.16886663632226,"PacificWay"
"SH","YoY",1,345084,16798,10,2022-08-11,2022,37.874915,-122.582915,"18","Redwood Creek","Redwood Creek Mainstem",79,4.74,0.961384393526678,"PacificWay"
"SH","YoY",1,345085,16798,10,2022-08-11,2022,37.874915,-122.582915,"18","Redwood Creek","Redwood Creek Mainstem",65,3.74,1.36185707783341,"PacificWay"
"SH","1+",1,345086,16798,10,2022-08-11,2022,37.874915,-122.582915,"18","Redwood Creek","Redwood Creek Mainstem",105,14.41,1.24478997948386,"PacificWay"
"CO","YoY",1,345088,16798,10,2022-08-11,2022,37.874915,-122.582915,"18","Redwood Creek","Redwood Creek Mainstem",70,4.23,1.2332361516035,"PacificWay"
"CO","YoY",1,345089,16798,10,2022-08-11,2022,37.874915,-122.582915,"18","Redwood Creek","Redwood Creek Mainstem",84,7.44,1.25526401036605,"PacificWay"
"CO","YoY",1,345090,16798,10,2022-08-11,2022,37.874915,-122.582915,"18","Redwood Creek","Redwood Creek Mainstem",83,7.02,1.2277299064162,"PacificWay"
"CO","YoY",1,345091,16798,10,2022-08-11,2022,37.874915,-122.582915,"18","Redwood Creek","Redwood Creek Mainstem",81,6.29,1.18357447016696,"PacificWay"
"CO","YoY",1,345092,16798,10,2022-08-11,2022,37.874915,-122.582915,"18","Redwood Creek","Redwood Creek Mainstem",74,4.73,1.1672556413243,"PacificWay"
"CO","YoY",1,345093,16798,10,2022-08-11,2022,37.874915,-122.582915,"18","Redwood Creek","Redwood Creek Mainstem",72,4.41,1.1815200617284,"PacificWay"
"CO","YoY",1,345094,16798,10,2022-08-11,2022,37.874915,-122.582915,"18","Redwood Creek","Redwood Creek Mainstem",77,5.59,1.22444598747517,"PacificWay"
"CH","YoY",1,345095,16798,10,2022-08-11,2022,37.874915,-122.582915,"18","Redwood Creek","Redwood Creek Mainstem",71,4.08,1.1399481994127,"PacificWay"
"SH","YoY",23,345100,16798,10,2022-08-11,2022,37.874915,-122.582915,"18","Redwood Creek","Redwood Creek Mainstem",NA,NA,NA,"PacificWay"
"SH","YoY",1,345101,16798,10,2022-08-11,2022,37.874915,-122.582915,"18","Redwood Creek","Redwood Creek Mainstem",55,1.79,1.07588279489106,"PacificWay"
"SH","YoY",1,345102,16798,10,2022-08-11,2022,37.874915,-122.582915,"18","Redwood Creek","Redwood Creek Mainstem",51,1.38,1.04032385733994,"PacificWay"
"SH","YoY",1,345103,16798,10,2022-08-11,2022,37.874915,-122.582915,"18","Redwood Creek","Redwood Creek Mainstem",69,3.79,1.15369746338761,"PacificWay"
"SH","YoY",1,345104,16798,10,2022-08-11,2022,37.874915,-122.582915,"18","Redwood Creek","Redwood Creek Mainstem",56,2.01,1.14454263848396,"PacificWay"
"SH","YoY",1,345105,16798,10,2022-08-11,2022,37.874915,-122.582915,"18","Redwood Creek","Redwood Creek Mainstem",50,1.46,1.168,"PacificWay"
"SH","YoY",1,345106,16798,10,2022-08-11,2022,37.874915,-122.582915,"18","Redwood Creek","Redwood Creek Mainstem",59,2.09,1.01763081911977,"PacificWay"
"SH","YoY",1,345107,16798,10,2022-08-11,2022,37.874915,-122.582915,"18","Redwood Creek","Redwood Creek Mainstem",52,1.53,1.0881315430132,"PacificWay"
"SH","YoY",1,345108,16798,10,2022-08-11,2022,37.874915,-122.582915,"18","Redwood Creek","Redwood Creek Mainstem",45,0.94,1.03155006858711,"PacificWay"
"SH","YoY",1,345109,16798,10,2022-08-11,2022,37.874915,-122.582915,"18","Redwood Creek","Redwood Creek Mainstem",56,2.03,1.15593112244898,"PacificWay"
"SH","YoY",1,345110,16798,10,2022-08-11,2022,37.874915,-122.582915,"18","Redwood Creek","Redwood Creek Mainstem",77,5.25,1.14997163403303,"PacificWay"
"SH","1+",1,345111,16798,10,2022-08-11,2022,37.874915,-122.582915,"18","Redwood Creek","Redwood Creek Mainstem",97,10.7,1.17238046923706,"PacificWay"
"SH","YoY",26,345122,16798,10,2022-08-11,2022,37.874915,-122.582915,"18","Redwood Creek","Redwood Creek Mainstem",NA,NA,NA,"PacificWay"
"SH","YoY",1,345124,16798,10,2022-08-11,2022,37.874915,-122.582915,"18","Redwood Creek","Redwood Creek Mainstem",72,4.54,1.21634945130315,"PacificWay"
"SH","YoY",1,345125,16798,10,2022-08-11,2022,37.874915,-122.582915,"18","Redwood Creek","Redwood Creek Mainstem",53,1.65,1.10829745360264,"PacificWay"
"SH","YoY",1,345126,16798,10,2022-08-11,2022,37.874915,-122.582915,"18","Redwood Creek","Redwood Creek Mainstem",57,2.23,1.2041491849044,"PacificWay"
"SH","YoY",1,345127,16798,10,2022-08-11,2022,37.874915,-122.582915,"18","Redwood Creek","Redwood Creek Mainstem",57,2.22,1.19874941277478,"PacificWay"
"SH","YoY",1,345128,16798,10,2022-08-11,2022,37.874915,-122.582915,"18","Redwood Creek","Redwood Creek Mainstem",62,2.54,1.06575811486691,"PacificWay"
"SH","YoY",1,345129,16798,10,2022-08-11,2022,37.874915,-122.582915,"18","Redwood Creek","Redwood Creek Mainstem",51,1.7,1.28155837498398,"PacificWay"
"SH","YoY",1,345130,16798,10,2022-08-11,2022,37.874915,-122.582915,"18","Redwood Creek","Redwood Creek Mainstem",57,2.26,1.22034850129325,"PacificWay"
"SH","YoY",1,345131,16798,10,2022-08-11,2022,37.874915,-122.582915,"18","Redwood Creek","Redwood Creek Mainstem",46,1.19,1.22256924467823,"PacificWay"
"SH","YoY",1,345132,16798,10,2022-08-11,2022,37.874915,-122.582915,"18","Redwood Creek","Redwood Creek Mainstem",54,1.83,1.16217040085353,"PacificWay"
"SH","1+",1,345154,16800,22,2022-08-15,2022,37.880695,-122.57684,"29","Redwood Creek","Redwood Creek Mainstem",95,10.46,1.22000291587695,"PacificWay"
"CO","YoY",1,345155,16800,22,2022-08-15,2022,37.880695,-122.57684,"29","Redwood Creek","Redwood Creek Mainstem",68,3.59,1.14174129859556,"PacificWay"
"SH","YoY",1,345156,16800,22,2022-08-15,2022,37.880695,-122.57684,"29","Redwood Creek","Redwood Creek Mainstem",61,2.58,1.13665901551231,"PacificWay"
"CO","YoY",1,345158,16802,22,2022-08-23,2022,37.880695,-122.57684,"29","Redwood Creek","Redwood Creek Mainstem",80,5.92,1.15625,"PacificWay"
"CO","YoY",1,345159,16802,22,2022-08-23,2022,37.880695,-122.57684,"29","Redwood Creek","Redwood Creek Mainstem",81,6.38,1.20050955797539,"PacificWay"
"CO","YoY",1,345160,16802,22,2022-08-23,2022,37.880695,-122.57684,"29","Redwood Creek","Redwood Creek Mainstem",76,5.19,1.18229698206736,"PacificWay"
"CO","YoY",1,345161,16802,22,2022-08-23,2022,37.880695,-122.57684,"29","Redwood Creek","Redwood Creek Mainstem",72,4.18,1.1198988340192,"PacificWay"
"CO","YoY",1,345162,16802,22,2022-08-23,2022,37.880695,-122.57684,"29","Redwood Creek","Redwood Creek Mainstem",81,5.93,1.11583411893324,"PacificWay"
"CO","YoY",1,345163,16802,22,2022-08-23,2022,37.880695,-122.57684,"29","Redwood Creek","Redwood Creek Mainstem",72,4.35,1.16544495884774,"PacificWay"
"CO","YoY",1,345164,16802,22,2022-08-23,2022,37.880695,-122.57684,"29","Redwood Creek","Redwood Creek Mainstem",65,2.99,1.0887573964497,"PacificWay"
"SH","YoY",1,345165,16802,22,2022-08-23,2022,37.880695,-122.57684,"29","Redwood Creek","Redwood Creek Mainstem",75,4.85,1.14962962962963,"PacificWay"
"CO","YoY",1,345166,16802,22,2022-08-23,2022,37.880695,-122.57684,"29","Redwood Creek","Redwood Creek Mainstem",78,4.71,0.992515045769484,"PacificWay"
"CO","YoY",1,345167,16802,22,2022-08-23,2022,37.880695,-122.57684,"29","Redwood Creek","Redwood Creek Mainstem",85,6.88,1.12029309993894,"PacificWay"
"CO","YoY",1,345168,16802,22,2022-08-23,2022,37.880695,-122.57684,"29","Redwood Creek","Redwood Creek Mainstem",72,3.88,1.03952331961591,"PacificWay"
"SH","YoY",1,345169,16802,22,2022-08-23,2022,37.880695,-122.57684,"29","Redwood Creek","Redwood Creek Mainstem",73,4.42,1.13619713277312,"PacificWay"
"SH","YoY",1,345170,16802,22,2022-08-23,2022,37.880695,-122.57684,"29","Redwood Creek","Redwood Creek Mainstem",85,7.03,1.1447180948504,"PacificWay"
"SH","1+",1,345176,16802,22,2022-08-23,2022,37.880695,-122.57684,"29","Redwood Creek","Redwood Creek Mainstem",151,40.36,1.17225020048209,"PacificWay"
"CO","YoY",1,345180,16802,22,2022-08-23,2022,37.880695,-122.57684,"29","Redwood Creek","Redwood Creek Mainstem",69,3.7,1.12630095370294,"PacificWay"
"SH","1+",1,345181,16802,22,2022-08-23,2022,37.880695,-122.57684,"29","Redwood Creek","Redwood Creek Mainstem",88,7.96,1.16805972952667,"PacificWay"
"CO","YoY",1,345182,16802,22,2022-08-23,2022,37.880695,-122.57684,"29","Redwood Creek","Redwood Creek Mainstem",73,4.59,1.17989702249516,"PacificWay"
"CO","YoY",6,345183,16802,22,2022-08-23,2022,37.880695,-122.57684,"29","Redwood Creek","Redwood Creek Mainstem",NA,NA,NA,"PacificWay"
"SH","YoY",1,345184,16802,22,2022-08-23,2022,37.880695,-122.57684,"29","Redwood Creek","Redwood Creek Mainstem",80,6.5,1.26953125,"PacificWay"
"CO","YoY",1,345185,16802,22,2022-08-23,2022,37.880695,-122.57684,"29","Redwood Creek","Redwood Creek Mainstem",84,6.98,1.17765360112299,"PacificWay"
"CO","YoY",1,345186,16802,22,2022-08-23,2022,37.880695,-122.57684,"29","Redwood Creek","Redwood Creek Mainstem",78,5.28,1.11262833156324,"PacificWay"
"SH","YoY",1,345193,16803,10,2022-08-11,2022,37.874915,-122.582915,"18","Redwood Creek","Redwood Creek Mainstem",48,1.26,1.13932291666667,"PacificWay"
"CO","YoY",1,345200,16803,10,2022-08-11,2022,37.874915,-122.582915,"18","Redwood Creek","Redwood Creek Mainstem",88,8.49,1.24583255071375,"PacificWay"
"CO","YoY",1,345201,16803,10,2022-08-11,2022,37.874915,-122.582915,"18","Redwood Creek","Redwood Creek Mainstem",77,5.96,1.30549160739749,"PacificWay"
"CO","YoY",1,345202,16803,10,2022-08-11,2022,37.874915,-122.582915,"18","Redwood Creek","Redwood Creek Mainstem",79,5.74,1.16420810524117,"PacificWay"
"SH","YoY",1,345203,16803,10,2022-08-11,2022,37.874915,-122.582915,"18","Redwood Creek","Redwood Creek Mainstem",69,4.28,1.30285623833746,"PacificWay"
"SH","1+",1,345204,16803,10,2022-08-11,2022,37.874915,-122.582915,"18","Redwood Creek","Redwood Creek Mainstem",87,8.12,1.23309992513322,"PacificWay"
"SH","YoY",1,345205,16803,10,2022-08-11,2022,37.874915,-122.582915,"18","Redwood Creek","Redwood Creek Mainstem",82,7.2,1.3058429216059,"PacificWay"
"SH","YoY",1,345206,16803,10,2022-08-11,2022,37.874915,-122.582915,"18","Redwood Creek","Redwood Creek Mainstem",79,6.43,1.30415646632416,"PacificWay"
"SH","YoY",1,345207,16803,10,2022-08-11,2022,37.874915,-122.582915,"18","Redwood Creek","Redwood Creek Mainstem",82,6.04,1.09545711756939,"PacificWay"
"SH","YoY",1,345208,16803,10,2022-08-11,2022,37.874915,-122.582915,"18","Redwood Creek","Redwood Creek Mainstem",83,7.25,1.26795467542984,"PacificWay"
"SH","YoY",1,345209,16803,10,2022-08-11,2022,37.874915,-122.582915,"18","Redwood Creek","Redwood Creek Mainstem",62,1,0.419589809002719,"PacificWay"
"SH","YoY",1,345210,16803,10,2022-08-11,2022,37.874915,-122.582915,"18","Redwood Creek","Redwood Creek Mainstem",58,2.15,1.10193119849112,"PacificWay"
"SH","YoY",1,345211,16803,10,2022-08-11,2022,37.874915,-122.582915,"18","Redwood Creek","Redwood Creek Mainstem",79,6.07,1.23113993010695,"PacificWay"
"SH","YoY",1,345212,16803,10,2022-08-11,2022,37.874915,-122.582915,"18","Redwood Creek","Redwood Creek Mainstem",57,2.16,1.16635077999708,"PacificWay"
"SH","YoY",1,345215,16803,10,2022-08-11,2022,37.874915,-122.582915,"18","Redwood Creek","Redwood Creek Mainstem",NA,NA,NA,"PacificWay"
"SH","1+",1,345220,16803,10,2022-08-11,2022,37.874915,-122.582915,"18","Redwood Creek","Redwood Creek Mainstem",168,53.58,1.12999068675089,"PacificWay"
"SH","YoY",1,345225,16803,10,2022-08-11,2022,37.874915,-122.582915,"18","Redwood Creek","Redwood Creek Mainstem",48,1.23,1.11219618055556,"PacificWay"
"SH","YoY",1,345226,16803,10,2022-08-11,2022,37.874915,-122.582915,"18","Redwood Creek","Redwood Creek Mainstem",40,0.72,1.125,"PacificWay"
"SH","YoY",1,345227,16803,10,2022-08-11,2022,37.874915,-122.582915,"18","Redwood Creek","Redwood Creek Mainstem",62,2.76,1.1580678728475,"PacificWay"
"CO","YoY",1,345228,16803,10,2022-08-11,2022,37.874915,-122.582915,"18","Redwood Creek","Redwood Creek Mainstem",81,6.43,1.20991794009119,"PacificWay"
"SH","YoY",1,345229,16803,10,2022-08-11,2022,37.874915,-122.582915,"18","Redwood Creek","Redwood Creek Mainstem",84,6.79,1.14559712773998,"PacificWay"
"SH","YoY",1,345230,16803,10,2022-08-11,2022,37.874915,-122.582915,"18","Redwood Creek","Redwood Creek Mainstem",77,6.89,1.50920086828334,"PacificWay"
"CO","YoY",1,345231,16803,10,2022-08-11,2022,37.874915,-122.582915,"18","Redwood Creek","Redwood Creek Mainstem",75,5.11,1.21125925925926,"PacificWay"
"SH","YoY",1,345235,16803,10,2022-08-11,2022,37.874915,-122.582915,"18","Redwood Creek","Redwood Creek Mainstem",65,3.71,1.35093309057806,"PacificWay"
"CH","YoY",1,345236,16803,10,2022-08-11,2022,37.874915,-122.582915,"18","Redwood Creek","Redwood Creek Mainstem",61,2.53,1.11463074001789,"PacificWay"
"CO","YoY",1,345237,16803,10,2022-08-11,2022,37.874915,-122.582915,"18","Redwood Creek","Redwood Creek Mainstem",72,4.48,1.2002743484225,"PacificWay"
"SH","YoY",1,345238,16803,10,2022-08-11,2022,37.874915,-122.582915,"18","Redwood Creek","Redwood Creek Mainstem",60,2.34,1.08333333333333,"PacificWay"
"CO","YoY",1,345241,16805,30,2022-08-16,2022,37.883978,-122.571768,"36","Redwood Creek","Redwood Creek Mainstem",79,5.65,1.14595397118686,"KentCreekTrail"
"CO","YoY",1,345242,16805,30,2022-08-16,2022,37.883978,-122.571768,"36","Redwood Creek","Redwood Creek Mainstem",65,2.82,1.02685480200273,"KentCreekTrail"
"CO","YoY",1,345243,16805,30,2022-08-16,2022,37.883978,-122.571768,"36","Redwood Creek","Redwood Creek Mainstem",74,4.12,1.01672161569897,"KentCreekTrail"
"CO","YoY",1,345244,16805,30,2022-08-16,2022,37.883978,-122.571768,"36","Redwood Creek","Redwood Creek Mainstem",86,7.45,1.17128051618097,"KentCreekTrail"
"CO","YoY",1,345245,16805,30,2022-08-16,2022,37.883978,-122.571768,"36","Redwood Creek","Redwood Creek Mainstem",63,2.62,1.04780301303355,"KentCreekTrail"
"CO","YoY",1,345246,16805,30,2022-08-16,2022,37.883978,-122.571768,"36","Redwood Creek","Redwood Creek Mainstem",62,2.53,1.06156221677688,"KentCreekTrail"
"CO","YoY",1,345247,16805,30,2022-08-16,2022,37.883978,-122.571768,"36","Redwood Creek","Redwood Creek Mainstem",70,4.06,1.18367346938776,"KentCreekTrail"
"CO","YoY",1,345248,16805,30,2022-08-16,2022,37.883978,-122.571768,"36","Redwood Creek","Redwood Creek Mainstem",74,4.21,1.03893155390599,"KentCreekTrail"
"CO","YoY",1,345249,16805,30,2022-08-16,2022,37.883978,-122.571768,"36","Redwood Creek","Redwood Creek Mainstem",72,3.98,1.06631515775034,"KentCreekTrail"
"CO","YoY",1,345250,16805,30,2022-08-16,2022,37.883978,-122.571768,"36","Redwood Creek","Redwood Creek Mainstem",65,3.13,1.13973600364133,"KentCreekTrail"
"SH","1+",1,345251,16805,30,2022-08-16,2022,37.883978,-122.571768,"36","Redwood Creek","Redwood Creek Mainstem",136,30.18,1.19978246488907,"KentCreekTrail"
"SH","1+",1,345252,16805,30,2022-08-16,2022,37.883978,-122.571768,"36","Redwood Creek","Redwood Creek Mainstem",173,56.32,1.08773808997286,"KentCreekTrail"
"SH","YoY",1,345253,16805,30,2022-08-16,2022,37.883978,-122.571768,"36","Redwood Creek","Redwood Creek Mainstem",75,4.11,0.974222222222222,"KentCreekTrail"
"SH","YoY",1,345254,16805,30,2022-08-16,2022,37.883978,-122.571768,"36","Redwood Creek","Redwood Creek Mainstem",58,1.78,0.912296527122883,"KentCreekTrail"
"SH","YoY",1,345255,16805,30,2022-08-16,2022,37.883978,-122.571768,"36","Redwood Creek","Redwood Creek Mainstem",77,4.98,1.09083023571133,"KentCreekTrail"
"SH","YoY",1,345256,16805,30,2022-08-16,2022,37.883978,-122.571768,"36","Redwood Creek","Redwood Creek Mainstem",65,3.05,1.1106053709604,"KentCreekTrail"
"SH","YoY",1,345257,16805,30,2022-08-16,2022,37.883978,-122.571768,"36","Redwood Creek","Redwood Creek Mainstem",65,2.8,1.0195721438325,"KentCreekTrail"
"SH","YoY",1,345258,16805,30,2022-08-16,2022,37.883978,-122.571768,"36","Redwood Creek","Redwood Creek Mainstem",76,4.68,1.06611750984108,"KentCreekTrail"
"CH","YoY",1,345259,16805,30,2022-08-16,2022,37.883978,-122.571768,"36","Redwood Creek","Redwood Creek Mainstem",57,1.72,0.928760806293975,"KentCreekTrail"
"SH","1+",1,345260,16805,30,2022-08-16,2022,37.883978,-122.571768,"36","Redwood Creek","Redwood Creek Mainstem",151,37.11,1.0778544335949,"KentCreekTrail"
"SH","1+",1,345261,16805,30,2022-08-16,2022,37.883978,-122.571768,"36","Redwood Creek","Redwood Creek Mainstem",178,51.54,0.913869971587403,"KentCreekTrail"
"CO","YoY",20,345266,16805,30,2022-08-16,2022,37.883978,-122.571768,"36","Redwood Creek","Redwood Creek Mainstem",NA,NA,NA,"KentCreekTrail"
"CO","YoY",1,345269,16805,30,2022-08-16,2022,37.883978,-122.571768,"36","Redwood Creek","Redwood Creek Mainstem",75,4.51,1.06903703703704,"KentCreekTrail"
"CO","YoY",1,345270,16805,30,2022-08-16,2022,37.883978,-122.571768,"36","Redwood Creek","Redwood Creek Mainstem",70,3.3,0.962099125364431,"KentCreekTrail"
"CO","YoY",1,345271,16805,30,2022-08-16,2022,37.883978,-122.571768,"36","Redwood Creek","Redwood Creek Mainstem",84,6.42,1.08317136378361,"KentCreekTrail"
"CO","YoY",1,345272,16805,30,2022-08-16,2022,37.883978,-122.571768,"36","Redwood Creek","Redwood Creek Mainstem",69,3.58,1.08977227412339,"KentCreekTrail"
"CO","YoY",1,345273,16805,30,2022-08-16,2022,37.883978,-122.571768,"36","Redwood Creek","Redwood Creek Mainstem",83,6.48,1.13328914438418,"KentCreekTrail"
"CO","YoY",1,345274,16805,30,2022-08-16,2022,37.883978,-122.571768,"36","Redwood Creek","Redwood Creek Mainstem",74,4.41,1.0882869721438,"KentCreekTrail"
"CO","YoY",1,345275,16805,30,2022-08-16,2022,37.883978,-122.571768,"36","Redwood Creek","Redwood Creek Mainstem",80,5.83,1.138671875,"KentCreekTrail"
"CO","YoY",1,345276,16805,30,2022-08-16,2022,37.883978,-122.571768,"36","Redwood Creek","Redwood Creek Mainstem",80,5.52,1.078125,"KentCreekTrail"
"CO","YoY",1,345277,16805,30,2022-08-16,2022,37.883978,-122.571768,"36","Redwood Creek","Redwood Creek Mainstem",82,6.47,1.17344495872085,"KentCreekTrail"
"CO","YoY",1,345278,16805,30,2022-08-16,2022,37.883978,-122.571768,"36","Redwood Creek","Redwood Creek Mainstem",82,6.26,1.13535787350735,"KentCreekTrail"
"SH","1+",1,345279,16805,30,2022-08-16,2022,37.883978,-122.571768,"36","Redwood Creek","Redwood Creek Mainstem",114,15.58,1.05160562224274,"KentCreekTrail"
"CO","YoY",1,345283,16805,30,2022-08-16,2022,37.883978,-122.571768,"36","Redwood Creek","Redwood Creek Mainstem",77,5.41,1.18501838859403,"KentCreekTrail"
"CO","YoY",1,345284,16805,30,2022-08-16,2022,37.883978,-122.571768,"36","Redwood Creek","Redwood Creek Mainstem",66,3.13,1.0887107994546,"KentCreekTrail"
"CO","YoY",1,345285,16805,30,2022-08-16,2022,37.883978,-122.571768,"36","Redwood Creek","Redwood Creek Mainstem",67,3.21,1.06728553711727,"KentCreekTrail"
"CO","YoY",1,345286,16805,30,2022-08-16,2022,37.883978,-122.571768,"36","Redwood Creek","Redwood Creek Mainstem",65,2.56,0.932180245789713,"KentCreekTrail"
"CO","YoY",1,345287,16805,30,2022-08-16,2022,37.883978,-122.571768,"36","Redwood Creek","Redwood Creek Mainstem",63,2.53,1.0118097797614,"KentCreekTrail"
"SH","YoY",1,345288,16805,30,2022-08-16,2022,37.883978,-122.571768,"36","Redwood Creek","Redwood Creek Mainstem",66,3.12,1.08523249019117,"KentCreekTrail"
"CO","YoY",2,345290,16805,30,2022-08-16,2022,37.883978,-122.571768,"36","Redwood Creek","Redwood Creek Mainstem",NA,NA,NA,"KentCreekTrail"
"SH","1+",1,345297,16807,10,2022-08-11,2022,37.874915,-122.582915,"18","Redwood Creek","Redwood Creek Mainstem",87,7.35,1.11616803568093,"PacificWay"
"SH","1+",1,345298,16807,10,2022-08-11,2022,37.874915,-122.582915,"18","Redwood Creek","Redwood Creek Mainstem",134,26.34,1.0947157728843,"PacificWay"
"SH","1+",1,345299,16807,10,2022-08-11,2022,37.874915,-122.582915,"18","Redwood Creek","Redwood Creek Mainstem",89,8.59,1.21849329544987,"PacificWay"
"CO","YoY",1,345300,16807,10,2022-08-11,2022,37.874915,-122.582915,"18","Redwood Creek","Redwood Creek Mainstem",80,5.97,1.166015625,"PacificWay"
"CO","YoY",1,345301,16807,10,2022-08-11,2022,37.874915,-122.582915,"18","Redwood Creek","Redwood Creek Mainstem",73,4.89,1.25701447494583,"PacificWay"
"CO","YoY",1,345302,16807,10,2022-08-11,2022,37.874915,-122.582915,"18","Redwood Creek","Redwood Creek Mainstem",79,6.02,1.22099874452122,"PacificWay"
"CO","YoY",1,345303,16807,10,2022-08-11,2022,37.874915,-122.582915,"18","Redwood Creek","Redwood Creek Mainstem",67,3.53,1.17368160312272,"PacificWay"
"CO","YoY",1,345304,16807,10,2022-08-11,2022,37.874915,-122.582915,"18","Redwood Creek","Redwood Creek Mainstem",76,5.18,1.18001895320018,"PacificWay"
"CO","YoY",1,345305,16807,10,2022-08-11,2022,37.874915,-122.582915,"18","Redwood Creek","Redwood Creek Mainstem",70,4.3,1.2536443148688,"PacificWay"
"CO","YoY",1,345306,16807,10,2022-08-11,2022,37.874915,-122.582915,"18","Redwood Creek","Redwood Creek Mainstem",67,3.55,1.18033135724807,"PacificWay"
"SH","YoY",1,345307,16807,10,2022-08-11,2022,37.874915,-122.582915,"18","Redwood Creek","Redwood Creek Mainstem",62,2.46,1.03219093014669,"PacificWay"
"SH","YoY",1,345308,16807,10,2022-08-11,2022,37.874915,-122.582915,"18","Redwood Creek","Redwood Creek Mainstem",38,NA,NA,"PacificWay"
"SH","YoY",1,345309,16807,10,2022-08-11,2022,37.874915,-122.582915,"18","Redwood Creek","Redwood Creek Mainstem",52,1.62,1.15213928083751,"PacificWay"
"CO","YoY",1,345316,16807,10,2022-08-11,2022,37.874915,-122.582915,"18","Redwood Creek","Redwood Creek Mainstem",78,4.53,0.954584534466191,"PacificWay"
"CO","YoY",1,345317,16807,10,2022-08-11,2022,37.874915,-122.582915,"18","Redwood Creek","Redwood Creek Mainstem",79,5.27,1.06888096073536,"PacificWay"
"SH","YoY",1,345319,16807,10,2022-08-11,2022,37.874915,-122.582915,"18","Redwood Creek","Redwood Creek Mainstem",71,3.97,1.10921430187952,"PacificWay"
"SH","YoY",1,345320,16807,10,2022-08-11,2022,37.874915,-122.582915,"18","Redwood Creek","Redwood Creek Mainstem",57,2,1.07995442592323,"PacificWay"
"SH","YoY",1,345321,16807,10,2022-08-11,2022,37.874915,-122.582915,"18","Redwood Creek","Redwood Creek Mainstem",65,3.04,1.10696404187528,"PacificWay"
"SH","YoY",1,345322,16807,10,2022-08-11,2022,37.874915,-122.582915,"18","Redwood Creek","Redwood Creek Mainstem",65,3.11,1.1324533454711,"PacificWay"
"SH","YoY",1,345323,16807,10,2022-08-11,2022,37.874915,-122.582915,"18","Redwood Creek","Redwood Creek Mainstem",62,2.59,1.08673760531704,"PacificWay"
"SH","1+",1,345324,16807,10,2022-08-11,2022,37.874915,-122.582915,"18","Redwood Creek","Redwood Creek Mainstem",89,9.65,1.36885451700713,"PacificWay"
"SH","YoY",1,345327,16807,10,2022-08-11,2022,37.874915,-122.582915,"18","Redwood Creek","Redwood Creek Mainstem",66,3.12,1.08523249019117,"PacificWay"
"SH","YoY",1,345328,16807,10,2022-08-11,2022,37.874915,-122.582915,"18","Redwood Creek","Redwood Creek Mainstem",63,3.13,1.25176466824237,"PacificWay"
"SH","YoY",1,345329,16807,10,2022-08-11,2022,37.874915,-122.582915,"18","Redwood Creek","Redwood Creek Mainstem",65,3.53,1.28538916704597,"PacificWay"
"SH","YoY",1,345330,16807,10,2022-08-11,2022,37.874915,-122.582915,"18","Redwood Creek","Redwood Creek Mainstem",57,2.11,1.139351919349,"PacificWay"
"CO","YoY",1,345331,16807,10,2022-08-11,2022,37.874915,-122.582915,"18","Redwood Creek","Redwood Creek Mainstem",82,6.25,1.1335442027829,"PacificWay"
"SH","1+",1,345332,16807,10,2022-08-11,2022,37.874915,-122.582915,"18","Redwood Creek","Redwood Creek Mainstem",94,9.7,1.16785298055344,"PacificWay"
"SH","YoY",1,345334,16810,10,2022-08-11,2022,37.874915,-122.582915,"18","Redwood Creek","Redwood Creek Mainstem",51,1.31,0.987553806605303,"PacificWay"
"CO","YoY",1,345340,16811,31,2022-08-16,2022,37.884512,-122.571257,"37","Redwood Creek","Redwood Creek Mainstem",77,5.09,1.11492487947202,"KentCreekTrail"
"CO","YoY",1,345341,16811,31,2022-08-16,2022,37.884512,-122.571257,"37","Redwood Creek","Redwood Creek Mainstem",74,4.39,1.08335143032002,"KentCreekTrail"
"CO","YoY",1,345342,16811,31,2022-08-16,2022,37.884512,-122.571257,"37","Redwood Creek","Redwood Creek Mainstem",70,3.4,0.991253644314869,"KentCreekTrail"
"CO","YoY",1,345343,16811,31,2022-08-16,2022,37.884512,-122.571257,"37","Redwood Creek","Redwood Creek Mainstem",73,4.38,1.1259148057797,"KentCreekTrail"
"CO","YoY",1,345344,16811,31,2022-08-16,2022,37.884512,-122.571257,"37","Redwood Creek","Redwood Creek Mainstem",77,4.67,1.02292714874938,"KentCreekTrail"
"CO","YoY",1,345345,16811,31,2022-08-16,2022,37.884512,-122.571257,"37","Redwood Creek","Redwood Creek Mainstem",68,3.63,1.15446265011195,"KentCreekTrail"
"CO","YoY",1,345346,16811,31,2022-08-16,2022,37.884512,-122.571257,"37","Redwood Creek","Redwood Creek Mainstem",72,4.06,1.08774862825789,"KentCreekTrail"
"CO","YoY",1,345347,16811,31,2022-08-16,2022,37.884512,-122.571257,"37","Redwood Creek","Redwood Creek Mainstem",67,3.34,1.11050893893198,"KentCreekTrail"
"CO","YoY",1,345348,16811,31,2022-08-16,2022,37.884512,-122.571257,"37","Redwood Creek","Redwood Creek Mainstem",68,3.41,1.08449521677183,"KentCreekTrail"
"SH","YoY",1,345349,16811,31,2022-08-16,2022,37.884512,-122.571257,"37","Redwood Creek","Redwood Creek Mainstem",57,2.11,1.139351919349,"KentCreekTrail"
"SH","YoY",1,345350,16811,31,2022-08-16,2022,37.884512,-122.571257,"37","Redwood Creek","Redwood Creek Mainstem",63,2.64,1.05580150931625,"KentCreekTrail"
"SH","YoY",1,345351,16811,31,2022-08-16,2022,37.884512,-122.571257,"37","Redwood Creek","Redwood Creek Mainstem",74,4.83,1.19193335044321,"KentCreekTrail"
"CO","YoY",1,345352,16811,31,2022-08-16,2022,37.884512,-122.571257,"37","Redwood Creek","Redwood Creek Mainstem",70,3.44,1.00291545189504,"KentCreekTrail"
"SH","YoY",1,345353,16811,31,2022-08-16,2022,37.884512,-122.571257,"37","Redwood Creek","Redwood Creek Mainstem",64,3.01,1.14822387695312,"KentCreekTrail"
"SH","YoY",1,345354,16811,31,2022-08-16,2022,37.884512,-122.571257,"37","Redwood Creek","Redwood Creek Mainstem",71,3.42,0.955544814213589,"KentCreekTrail"
"SH","YoY",1,345355,16811,31,2022-08-16,2022,37.884512,-122.571257,"37","Redwood Creek","Redwood Creek Mainstem",66,3.36,1.16871191251357,"KentCreekTrail"
"CO","YoY",1,345362,16811,31,2022-08-16,2022,37.884512,-122.571257,"37","Redwood Creek","Redwood Creek Mainstem",67,3.26,1.08390992243062,"KentCreekTrail"
"CO","YoY",1,345363,16811,31,2022-08-16,2022,37.884512,-122.571257,"37","Redwood Creek","Redwood Creek Mainstem",64,2.7,1.02996826171875,"KentCreekTrail"
"CO","YoY",10,345364,16811,31,2022-08-16,2022,37.884512,-122.571257,"37","Redwood Creek","Redwood Creek Mainstem",NA,NA,NA,"KentCreekTrail"
"CO","YoY",1,345366,16811,31,2022-08-16,2022,37.884512,-122.571257,"37","Redwood Creek","Redwood Creek Mainstem",68,3.35,1.06541318949725,"KentCreekTrail"
"CO","YoY",1,345367,16811,31,2022-08-16,2022,37.884512,-122.571257,"37","Redwood Creek","Redwood Creek Mainstem",72,3.71,0.99397719478738,"KentCreekTrail"
"CO","YoY",1,345368,16811,31,2022-08-16,2022,37.884512,-122.571257,"37","Redwood Creek","Redwood Creek Mainstem",66,2.82,0.980883212288171,"KentCreekTrail"
"CO","YoY",1,345369,16811,31,2022-08-16,2022,37.884512,-122.571257,"37","Redwood Creek","Redwood Creek Mainstem",72,4.02,1.07703189300412,"KentCreekTrail"
"CO","YoY",1,345370,16811,31,2022-08-16,2022,37.884512,-122.571257,"37","Redwood Creek","Redwood Creek Mainstem",63,2.63,1.0518022611749,"KentCreekTrail"
"CO","YoY",1,345371,16811,31,2022-08-16,2022,37.884512,-122.571257,"37","Redwood Creek","Redwood Creek Mainstem",77,4.79,1.04921221467013,"KentCreekTrail"
"CO","YoY",1,345372,16811,31,2022-08-16,2022,37.884512,-122.571257,"37","Redwood Creek","Redwood Creek Mainstem",71,3.78,1.05612847886765,"KentCreekTrail"
"CO","YoY",1,345373,16811,31,2022-08-16,2022,37.884512,-122.571257,"37","Redwood Creek","Redwood Creek Mainstem",83,6.23,1.08956656936936,"KentCreekTrail"
"SH","YoY",1,345374,16811,31,2022-08-16,2022,37.884512,-122.571257,"37","Redwood Creek","Redwood Creek Mainstem",66,3.16,1.0991457272449,"KentCreekTrail"
"SH","YoY",1,345375,16811,31,2022-08-16,2022,37.884512,-122.571257,"37","Redwood Creek","Redwood Creek Mainstem",74,4.57,1.12777130673405,"KentCreekTrail"
"SH","1+",1,345376,16811,31,2022-08-16,2022,37.884512,-122.571257,"37","Redwood Creek","Redwood Creek Mainstem",93,8.91,1.10771709576718,"KentCreekTrail"
"SH","1+",1,345377,16811,31,2022-08-16,2022,37.884512,-122.571257,"37","Redwood Creek","Redwood Creek Mainstem",138,28.66,1.0905332882813,"KentCreekTrail"
"CO","YoY",1,345383,16811,31,2022-08-16,2022,37.884512,-122.571257,"37","Redwood Creek","Redwood Creek Mainstem",68,3.39,1.07813454101364,"KentCreekTrail"
"CO","YoY",1,345384,16811,31,2022-08-16,2022,37.884512,-122.571257,"37","Redwood Creek","Redwood Creek Mainstem",73,4.21,1.08221491605765,"KentCreekTrail"
"CO","YoY",1,345385,16811,31,2022-08-16,2022,37.884512,-122.571257,"37","Redwood Creek","Redwood Creek Mainstem",67,3.3,1.0972094306813,"KentCreekTrail"
"CO","YoY",1,345386,16811,31,2022-08-16,2022,37.884512,-122.571257,"37","Redwood Creek","Redwood Creek Mainstem",60,2.3,1.06481481481481,"KentCreekTrail"
"SH","YoY",1,345387,16811,31,2022-08-16,2022,37.884512,-122.571257,"37","Redwood Creek","Redwood Creek Mainstem",65,2.77,1.00864815657715,"KentCreekTrail"
"CO","YoY",1,345388,16811,31,2022-08-16,2022,37.884512,-122.571257,"37","Redwood Creek","Redwood Creek Mainstem",79,5.63,1.14189749695257,"KentCreekTrail"
"CO","YoY",1,345389,16811,31,2022-08-16,2022,37.884512,-122.571257,"37","Redwood Creek","Redwood Creek Mainstem",81,6.16,1.1591126766659,"KentCreekTrail"
"CO","YoY",5,345391,16811,31,2022-08-16,2022,37.884512,-122.571257,"37","Redwood Creek","Redwood Creek Mainstem",NA,NA,NA,"KentCreekTrail"
"SH","YoY",1,345397,16812,11,2022-08-11,2022,37.875583,-122.582088,"19","Redwood Creek","Redwood Creek Mainstem",72,4.17,1.11721965020576,"PacificWay"
"SH","YoY",1,345398,16812,11,2022-08-11,2022,37.875583,-122.582088,"19","Redwood Creek","Redwood Creek Mainstem",56,1.85,1.05343476676385,"PacificWay"
"SH","YoY",1,345399,16812,11,2022-08-11,2022,37.875583,-122.582088,"19","Redwood Creek","Redwood Creek Mainstem",57,2.16,1.16635077999708,"PacificWay"
"SH","YoY",1,345400,16812,11,2022-08-11,2022,37.875583,-122.582088,"19","Redwood Creek","Redwood Creek Mainstem",70,3.7,1.07871720116618,"PacificWay"
"SH","YoY",1,345401,16812,11,2022-08-11,2022,37.875583,-122.582088,"19","Redwood Creek","Redwood Creek Mainstem",80,5.91,1.154296875,"PacificWay"
"SH","1+",1,345402,16812,11,2022-08-11,2022,37.875583,-122.582088,"19","Redwood Creek","Redwood Creek Mainstem",157,43.48,1.12354527631643,"PacificWay"
"CO","YoY",1,345403,16812,11,2022-08-11,2022,37.875583,-122.582088,"19","Redwood Creek","Redwood Creek Mainstem",78,5.48,1.15477334412246,"PacificWay"
"CO","YoY",1,345404,16812,11,2022-08-11,2022,37.875583,-122.582088,"19","Redwood Creek","Redwood Creek Mainstem",81,5.88,1.10642573681745,"PacificWay"
"CO","YoY",1,345405,16812,11,2022-08-11,2022,37.875583,-122.582088,"19","Redwood Creek","Redwood Creek Mainstem",75,4.84,1.14725925925926,"PacificWay"
"CO","YoY",1,345406,16812,11,2022-08-11,2022,37.875583,-122.582088,"19","Redwood Creek","Redwood Creek Mainstem",77,5.24,1.14778121187296,"PacificWay"
"CO","YoY",1,345407,16812,11,2022-08-11,2022,37.875583,-122.582088,"19","Redwood Creek","Redwood Creek Mainstem",73,4.51,1.15933236850832,"PacificWay"
"CO","YoY",1,345408,16812,11,2022-08-11,2022,37.875583,-122.582088,"19","Redwood Creek","Redwood Creek Mainstem",72,4.3,1.15204903978052,"PacificWay"
"CO","YoY",1,345409,16812,11,2022-08-11,2022,37.875583,-122.582088,"19","Redwood Creek","Redwood Creek Mainstem",70,3.93,1.14577259475219,"PacificWay"
"CO","YoY",1,345410,16812,11,2022-08-11,2022,37.875583,-122.582088,"19","Redwood Creek","Redwood Creek Mainstem",86,7.49,1.17756927063026,"PacificWay"
"SH","YoY",1,345411,16812,11,2022-08-11,2022,37.875583,-122.582088,"19","Redwood Creek","Redwood Creek Mainstem",74,4.77,1.17712672497187,"PacificWay"
"CO","YoY",1,345412,16812,11,2022-08-11,2022,37.875583,-122.582088,"19","Redwood Creek","Redwood Creek Mainstem",84,7.08,1.19452542921931,"PacificWay"
"CO","YoY",1,345413,16812,11,2022-08-11,2022,37.875583,-122.582088,"19","Redwood Creek","Redwood Creek Mainstem",71,3.9,1.08965636708567,"PacificWay"
"SH","YoY",1,345414,16812,11,2022-08-11,2022,37.875583,-122.582088,"19","Redwood Creek","Redwood Creek Mainstem",62,2.59,1.08673760531704,"PacificWay"
"SH","YoY",1,345415,16812,11,2022-08-11,2022,37.875583,-122.582088,"19","Redwood Creek","Redwood Creek Mainstem",55,1.81,1.08790383170548,"PacificWay"
"SH","1+",1,345416,16812,11,2022-08-11,2022,37.875583,-122.582088,"19","Redwood Creek","Redwood Creek Mainstem",87,8.28,1.25739746060382,"PacificWay"
"SH","YoY",1,345417,16812,11,2022-08-11,2022,37.875583,-122.582088,"19","Redwood Creek","Redwood Creek Mainstem",65,2.9,1.05598543468366,"PacificWay"
"SH","YoY",1,345418,16812,11,2022-08-11,2022,37.875583,-122.582088,"19","Redwood Creek","Redwood Creek Mainstem",61,2.55,1.12344205021566,"PacificWay"
"SH","YoY",1,345419,16812,11,2022-08-11,2022,37.875583,-122.582088,"19","Redwood Creek","Redwood Creek Mainstem",41,0.64,0.928599410919749,"PacificWay"
"SH","YoY",1,345420,16812,11,2022-08-11,2022,37.875583,-122.582088,"19","Redwood Creek","Redwood Creek Mainstem",71,3.6,1.00583664654062,"PacificWay"
"SH","YoY",1,345421,16812,11,2022-08-11,2022,37.875583,-122.582088,"19","Redwood Creek","Redwood Creek Mainstem",67,3.44,1.14375770955869,"PacificWay"
"SH","YoY",1,345422,16812,11,2022-08-11,2022,37.875583,-122.582088,"19","Redwood Creek","Redwood Creek Mainstem",57,2.57,1.38774143731135,"PacificWay"
"SH","YoY",1,345423,16812,11,2022-08-11,2022,37.875583,-122.582088,"19","Redwood Creek","Redwood Creek Mainstem",60,2.37,1.09722222222222,"PacificWay"
"SH","YoY",5,345431,16812,11,2022-08-11,2022,37.875583,-122.582088,"19","Redwood Creek","Redwood Creek Mainstem",NA,NA,NA,"PacificWay"
"CO","YoY",1,345432,16812,11,2022-08-11,2022,37.875583,-122.582088,"19","Redwood Creek","Redwood Creek Mainstem",71,4.2,1.17347608763072,"PacificWay"
"CO","YoY",1,345433,16812,11,2022-08-11,2022,37.875583,-122.582088,"19","Redwood Creek","Redwood Creek Mainstem",67,3.7,1.23020451318812,"PacificWay"
"SH","YoY",1,345434,16812,11,2022-08-11,2022,37.875583,-122.582088,"19","Redwood Creek","Redwood Creek Mainstem",78,5.84,1.23063436672904,"PacificWay"
"SH","YoY",1,345435,16812,11,2022-08-11,2022,37.875583,-122.582088,"19","Redwood Creek","Redwood Creek Mainstem",67,3.58,1.19030598843608,"PacificWay"
"SH","YoY",1,345436,16812,11,2022-08-11,2022,37.875583,-122.582088,"19","Redwood Creek","Redwood Creek Mainstem",66,3.27,1.13740712914267,"PacificWay"
"SH","YoY",1,345437,16812,11,2022-08-11,2022,37.875583,-122.582088,"19","Redwood Creek","Redwood Creek Mainstem",70,3.94,1.14868804664723,"PacificWay"
"CO","YoY",1,345438,16812,11,2022-08-11,2022,37.875583,-122.582088,"19","Redwood Creek","Redwood Creek Mainstem",79,5.69,1.15406691965544,"PacificWay"
"CO","YoY",1,345439,16812,11,2022-08-11,2022,37.875583,-122.582088,"19","Redwood Creek","Redwood Creek Mainstem",78,4.85,1.02201655456093,"PacificWay"
"CO","YoY",1,345440,16812,11,2022-08-11,2022,37.875583,-122.582088,"19","Redwood Creek","Redwood Creek Mainstem",71,3.91,1.09245035777051,"PacificWay"
"SH","YoY",1,345441,16812,11,2022-08-11,2022,37.875583,-122.582088,"19","Redwood Creek","Redwood Creek Mainstem",55,1.94,1.16604057099925,"PacificWay"
"SH","1+",1,345442,16812,11,2022-08-11,2022,37.875583,-122.582088,"19","Redwood Creek","Redwood Creek Mainstem",92,9.59,1.23155872441851,"PacificWay"
"SH","YoY",1,345443,16812,11,2022-08-11,2022,37.875583,-122.582088,"19","Redwood Creek","Redwood Creek Mainstem",56,2.07,1.17870809037901,"PacificWay"
"SH","YoY",1,345444,16812,11,2022-08-11,2022,37.875583,-122.582088,"19","Redwood Creek","Redwood Creek Mainstem",53,1.71,1.14859917918819,"PacificWay"
"SH","YoY",1,345445,16812,11,2022-08-11,2022,37.875583,-122.582088,"19","Redwood Creek","Redwood Creek Mainstem",72,4.16,1.11454046639232,"PacificWay"
"CH","YoY",1,345453,16813,60,2022-08-25,2022,37.899186,-122.576559,"63","Redwood Creek","Redwood Creek Mainstem",61,2.4,1.05735722373238,"Dipsea"
"CH","YoY",1,345454,16813,60,2022-08-25,2022,37.899186,-122.576559,"63","Redwood Creek","Redwood Creek Mainstem",47,1.19,1.14618148194523,"Dipsea"
"CO","YoY",1,345462,16814,60,2022-08-25,2022,37.899186,-122.576559,"63","Redwood Creek","Redwood Creek Mainstem",64,3,1.1444091796875,"Dipsea"
"CO","YoY",1,345463,16814,60,2022-08-25,2022,37.899186,-122.576559,"63","Redwood Creek","Redwood Creek Mainstem",59,2.32,1.12961889969276,"Dipsea"
"CO","YoY",1,345464,16814,60,2022-08-25,2022,37.899186,-122.576559,"63","Redwood Creek","Redwood Creek Mainstem",53,1.76,1.18218395050948,"Dipsea"
"CO","YoY",1,345465,16814,60,2022-08-25,2022,37.899186,-122.576559,"63","Redwood Creek","Redwood Creek Mainstem",60,2.4,1.11111111111111,"Dipsea"
"CO","YoY",1,345466,16814,60,2022-08-25,2022,37.899186,-122.576559,"63","Redwood Creek","Redwood Creek Mainstem",59,2.29,1.11501175874846,"Dipsea"
"CO","YoY",1,345467,16814,60,2022-08-25,2022,37.899186,-122.576559,"63","Redwood Creek","Redwood Creek Mainstem",61,2.5,1.10141377472123,"Dipsea"
"CO","YoY",1,345468,16814,60,2022-08-25,2022,37.899186,-122.576559,"63","Redwood Creek","Redwood Creek Mainstem",56,1.97,1.12176567055394,"Dipsea"
"CO","YoY",1,345469,16814,60,2022-08-25,2022,37.899186,-122.576559,"63","Redwood Creek","Redwood Creek Mainstem",72,4.18,1.1198988340192,"Dipsea"
"CO","YoY",1,345470,16814,60,2022-08-25,2022,37.899186,-122.576559,"63","Redwood Creek","Redwood Creek Mainstem",77,5.28,1.15654290051322,"Dipsea"
"CO","YoY",1,345471,16814,60,2022-08-25,2022,37.899186,-122.576559,"63","Redwood Creek","Redwood Creek Mainstem",60,2.39,1.10648148148148,"Dipsea"
"SH","YoY",1,345473,16814,60,2022-08-25,2022,37.899186,-122.576559,"63","Redwood Creek","Redwood Creek Mainstem",76,5.21,1.18685303980172,"Dipsea"
"SH","YoY",1,345474,16814,60,2022-08-25,2022,37.899186,-122.576559,"63","Redwood Creek","Redwood Creek Mainstem",85,5.86,0.954203134541014,"Dipsea"
"SH","1+",1,345475,16814,60,2022-08-25,2022,37.899186,-122.576559,"63","Redwood Creek","Redwood Creek Mainstem",87,NA,NA,"Dipsea"
"SH","1+",1,345476,16814,60,2022-08-25,2022,37.899186,-122.576559,"63","Redwood Creek","Redwood Creek Mainstem",131,23.3,1.03643491299952,"Dipsea"
"CO","YoY",20,345482,16814,60,2022-08-25,2022,37.899186,-122.576559,"63","Redwood Creek","Redwood Creek Mainstem",NA,NA,NA,"Dipsea"
"SH","1+",1,345484,16814,60,2022-08-25,2022,37.899186,-122.576559,"63","Redwood Creek","Redwood Creek Mainstem",201,NA,NA,"Dipsea"
"CO","YoY",1,345485,16814,60,2022-08-25,2022,37.899186,-122.576559,"63","Redwood Creek","Redwood Creek Mainstem",54,1.7,1.07961184778743,"Dipsea"
"CO","YoY",1,345486,16814,60,2022-08-25,2022,37.899186,-122.576559,"63","Redwood Creek","Redwood Creek Mainstem",73,4.17,1.07193258906423,"Dipsea"
"CO","YoY",1,345487,16814,60,2022-08-25,2022,37.899186,-122.576559,"63","Redwood Creek","Redwood Creek Mainstem",68,3.49,1.1099379198046,"Dipsea"
"CO","YoY",1,345488,16814,60,2022-08-25,2022,37.899186,-122.576559,"63","Redwood Creek","Redwood Creek Mainstem",59,2.25,1.09553557082272,"Dipsea"
"CO","YoY",1,345489,16814,60,2022-08-25,2022,37.899186,-122.576559,"63","Redwood Creek","Redwood Creek Mainstem",68,3.53,1.12265927132099,"Dipsea"
"CO","YoY",1,345490,16814,60,2022-08-25,2022,37.899186,-122.576559,"63","Redwood Creek","Redwood Creek Mainstem",69,3.83,1.16587368991413,"Dipsea"
"CO","YoY",1,345491,16814,60,2022-08-25,2022,37.899186,-122.576559,"63","Redwood Creek","Redwood Creek Mainstem",58,2.23,1.14293328959777,"Dipsea"
"CO","YoY",1,345492,16814,60,2022-08-25,2022,37.899186,-122.576559,"63","Redwood Creek","Redwood Creek Mainstem",53,1.73,1.16203308771671,"Dipsea"
"CO","YoY",1,345493,16814,60,2022-08-25,2022,37.899186,-122.576559,"63","Redwood Creek","Redwood Creek Mainstem",63,2.87,1.14778421656729,"Dipsea"
"CO","YoY",1,345494,16814,60,2022-08-25,2022,37.899186,-122.576559,"63","Redwood Creek","Redwood Creek Mainstem",67,3.33,1.10718406186931,"Dipsea"
"CO","YoY",2,345500,16814,60,2022-08-25,2022,37.899186,-122.576559,"63","Redwood Creek","Redwood Creek Mainstem",NA,NA,NA,"Dipsea"
"CO","YoY",1,345503,16814,60,2022-08-25,2022,37.899186,-122.576559,"63","Redwood Creek","Redwood Creek Mainstem",69,3.7,1.12630095370294,"Dipsea"
"CO","YoY",1,345504,16814,60,2022-08-25,2022,37.899186,-122.576559,"63","Redwood Creek","Redwood Creek Mainstem",68,3.6,1.14492163647466,"Dipsea"
"CO","YoY",1,345505,16814,60,2022-08-25,2022,37.899186,-122.576559,"63","Redwood Creek","Redwood Creek Mainstem",73,4.49,1.15419120501161,"Dipsea"
"CO","YoY",1,345506,16814,60,2022-08-25,2022,37.899186,-122.576559,"63","Redwood Creek","Redwood Creek Mainstem",57,2.05,1.10695328657131,"Dipsea"
"CO","YoY",1,345508,16814,60,2022-08-25,2022,37.899186,-122.576559,"63","Redwood Creek","Redwood Creek Mainstem",72,4.47,1.19759516460905,"Dipsea"
"SH","1+",1,345509,16814,60,2022-08-25,2022,37.899186,-122.576559,"63","Redwood Creek","Redwood Creek Mainstem",116,16.95,1.08591475665259,"Dipsea"
"CO","YoY",1,345511,16814,60,2022-08-25,2022,37.899186,-122.576559,"63","Redwood Creek","Redwood Creek Mainstem",55,1.92,1.15401953418482,"Dipsea"
"CO","YoY",1,345512,16814,60,2022-08-25,2022,37.899186,-122.576559,"63","Redwood Creek","Redwood Creek Mainstem",75,4.68,1.10933333333333,"Dipsea"
"CO","YoY",1,345518,16817,31,2022-08-23,2022,37.884512,-122.571257,"37","Redwood Creek","Redwood Creek Mainstem",79,5.52,1.11958688866398,"KentCreekTrail"
"CO","YoY",1,345519,16817,31,2022-08-23,2022,37.884512,-122.571257,"37","Redwood Creek","Redwood Creek Mainstem",66,2.86,0.994796449341904,"KentCreekTrail"
"CO","YoY",1,345520,16817,31,2022-08-23,2022,37.884512,-122.571257,"37","Redwood Creek","Redwood Creek Mainstem",70,3.63,1.05830903790087,"KentCreekTrail"
"CO","YoY",1,345522,16817,31,2022-08-23,2022,37.884512,-122.571257,"37","Redwood Creek","Redwood Creek Mainstem",82,5.87,1.0646247152537,"KentCreekTrail"
"CO","YoY",1,345523,16817,31,2022-08-23,2022,37.884512,-122.571257,"37","Redwood Creek","Redwood Creek Mainstem",83,6.11,1.06857973336225,"KentCreekTrail"
"SH","1+",1,345524,16817,31,2022-08-23,2022,37.884512,-122.571257,"37","Redwood Creek","Redwood Creek Mainstem",137,27.58,1.07258707769801,"KentCreekTrail"
"SH","1+",1,345525,16817,31,2022-08-23,2022,37.884512,-122.571257,"37","Redwood Creek","Redwood Creek Mainstem",132,26.32,1.14436374766953,"KentCreekTrail"
"SH","YoY",1,345526,16817,31,2022-08-23,2022,37.884512,-122.571257,"37","Redwood Creek","Redwood Creek Mainstem",76,5.03,1.14584852019245,"KentCreekTrail"
"SH","1+",1,345527,16817,31,2022-08-23,2022,37.884512,-122.571257,"37","Redwood Creek","Redwood Creek Mainstem",173,51.41,0.992908650665921,"KentCreekTrail"
"CO","YoY",1,345528,16817,31,2022-08-23,2022,37.884512,-122.571257,"37","Redwood Creek","Redwood Creek Mainstem",60,2.56,1.18518518518519,"KentCreekTrail"
"CO","YoY",1,345529,16817,31,2022-08-23,2022,37.884512,-122.571257,"37","Redwood Creek","Redwood Creek Mainstem",72,4.8,1.28600823045267,"KentCreekTrail"
"CO","YoY",1,345530,16817,31,2022-08-23,2022,37.884512,-122.571257,"37","Redwood Creek","Redwood Creek Mainstem",65,3.21,1.16886663632226,"KentCreekTrail"
"SH","YoY",1,345531,16817,31,2022-08-23,2022,37.884512,-122.571257,"37","Redwood Creek","Redwood Creek Mainstem",68,3.28,1.04315082434358,"KentCreekTrail"
"SH","1+",1,345532,16817,31,2022-08-23,2022,37.884512,-122.571257,"37","Redwood Creek","Redwood Creek Mainstem",126,23.5,1.17477914152139,"KentCreekTrail"
"SH","YoY",1,345533,16817,31,2022-08-23,2022,37.884512,-122.571257,"37","Redwood Creek","Redwood Creek Mainstem",73,4.41,1.13362655102476,"KentCreekTrail"
"CO","YoY",1,345534,16817,31,2022-08-23,2022,37.884512,-122.571257,"37","Redwood Creek","Redwood Creek Mainstem",57,1.84,0.993558071849368,"KentCreekTrail"
"SH","YoY",1,345539,16817,31,2022-08-23,2022,37.884512,-122.571257,"37","Redwood Creek","Redwood Creek Mainstem",60,2.31,1.06944444444444,"KentCreekTrail"
"CO","YoY",1,345540,16817,31,2022-08-23,2022,37.884512,-122.571257,"37","Redwood Creek","Redwood Creek Mainstem",65,3.12,1.13609467455621,"KentCreekTrail"
"SH","1+",1,345541,16817,31,2022-08-23,2022,37.884512,-122.571257,"37","Redwood Creek","Redwood Creek Mainstem",200,80.61,1.007625,"KentCreekTrail"
"CO","YoY",1,345545,16817,31,2022-08-23,2022,37.884512,-122.571257,"37","Redwood Creek","Redwood Creek Mainstem",68,3.43,1.09085589253002,"KentCreekTrail"
"CO","YoY",1,345546,16817,31,2022-08-23,2022,37.884512,-122.571257,"37","Redwood Creek","Redwood Creek Mainstem",68,3.45,1.09721656828821,"KentCreekTrail"
"CO","YoY",1,345547,16817,31,2022-08-23,2022,37.884512,-122.571257,"37","Redwood Creek","Redwood Creek Mainstem",85,6.77,1.10238143700387,"KentCreekTrail"
"SH","YoY",1,345548,16817,31,2022-08-23,2022,37.884512,-122.571257,"37","Redwood Creek","Redwood Creek Mainstem",75,4.91,1.16385185185185,"KentCreekTrail"
"CO","YoY",1,345549,16817,31,2022-08-23,2022,37.884512,-122.571257,"37","Redwood Creek","Redwood Creek Mainstem",82,6.09,1.10452547119165,"KentCreekTrail"
"CO","YoY",1,345550,16817,31,2022-08-23,2022,37.884512,-122.571257,"37","Redwood Creek","Redwood Creek Mainstem",63,2.84,1.13578647214324,"KentCreekTrail"
"SH","1+",1,345551,16817,31,2022-08-23,2022,37.884512,-122.571257,"37","Redwood Creek","Redwood Creek Mainstem",95,9.39,1.09520338241726,"KentCreekTrail"
"SH","YoY",1,345552,16817,31,2022-08-23,2022,37.884512,-122.571257,"37","Redwood Creek","Redwood Creek Mainstem",68,3.63,1.15446265011195,"KentCreekTrail"
"CO","YoY",1,345553,16817,31,2022-08-23,2022,37.884512,-122.571257,"37","Redwood Creek","Redwood Creek Mainstem",75,4.61,1.09274074074074,"KentCreekTrail"
"CO","YoY",1,345554,16817,31,2022-08-23,2022,37.884512,-122.571257,"37","Redwood Creek","Redwood Creek Mainstem",63,3.35,1.33974812735206,"KentCreekTrail"
"SH","YoY",1,345555,16817,31,2022-08-23,2022,37.884512,-122.571257,"37","Redwood Creek","Redwood Creek Mainstem",82,6.32,1.14623989785406,"KentCreekTrail"
"SH","YoY",1,345556,16817,31,2022-08-23,2022,37.884512,-122.571257,"37","Redwood Creek","Redwood Creek Mainstem",66,3.22,1.1200155828255,"KentCreekTrail"
"CO","YoY",1,345558,16817,31,2022-08-23,2022,37.884512,-122.571257,"37","Redwood Creek","Redwood Creek Mainstem",74,4.03,0.994511677491955,"KentCreekTrail"
"CO","YoY",1,345559,16817,31,2022-08-23,2022,37.884512,-122.571257,"37","Redwood Creek","Redwood Creek Mainstem",63,2.81,1.12378872771919,"KentCreekTrail"
"CO","YoY",1,345560,16817,31,2022-08-23,2022,37.884512,-122.571257,"37","Redwood Creek","Redwood Creek Mainstem",65,3.41,1.24169321802458,"KentCreekTrail"
"CO","YoY",1,345561,16817,31,2022-08-23,2022,37.884512,-122.571257,"37","Redwood Creek","Redwood Creek Mainstem",73,4.58,1.17732644074681,"KentCreekTrail"
"CO","YoY",1,345562,16817,31,2022-08-23,2022,37.884512,-122.571257,"37","Redwood Creek","Redwood Creek Mainstem",75,4.62,1.09511111111111,"KentCreekTrail"
"CO","YoY",1,345563,16817,31,2022-08-23,2022,37.884512,-122.571257,"37","Redwood Creek","Redwood Creek Mainstem",68,3.43,1.09085589253002,"KentCreekTrail"
"CO","YoY",1,345564,16817,31,2022-08-23,2022,37.884512,-122.571257,"37","Redwood Creek","Redwood Creek Mainstem",65,2.93,1.06690942193901,"KentCreekTrail"
"CO","YoY",1,345565,16817,31,2022-08-23,2022,37.884512,-122.571257,"37","Redwood Creek","Redwood Creek Mainstem",72,4.3,1.15204903978052,"KentCreekTrail"
"CO","YoY",1,345566,16817,31,2022-08-23,2022,37.884512,-122.571257,"37","Redwood Creek","Redwood Creek Mainstem",77,4.97,1.08863981355127,"KentCreekTrail"
"CO","YoY",1,345567,16817,31,2022-08-23,2022,37.884512,-122.571257,"37","Redwood Creek","Redwood Creek Mainstem",73,4.31,1.10792073354121,"KentCreekTrail"
"CO","YoY",1,345568,16818,60,2022-08-25,2022,37.899186,-122.576559,"63","Redwood Creek","Redwood Creek Mainstem",77,4.8,1.0514026368302,"Dipsea"
"CO","YoY",1,345569,16818,60,2022-08-25,2022,37.899186,-122.576559,"63","Redwood Creek","Redwood Creek Mainstem",62,2.41,1.01121143969655,"Dipsea"
"CO","YoY",1,345570,16818,60,2022-08-25,2022,37.899186,-122.576559,"63","Redwood Creek","Redwood Creek Mainstem",64,2.46,0.93841552734375,"Dipsea"
"CO","YoY",1,345571,16818,60,2022-08-25,2022,37.899186,-122.576559,"63","Redwood Creek","Redwood Creek Mainstem",67,3.15,1.04733627474124,"Dipsea"
"SH","1+",1,345572,16818,60,2022-08-25,2022,37.899186,-122.576559,"63","Redwood Creek","Redwood Creek Mainstem",137,28.85,1.12197741811412,"Dipsea"
"SH","YoY",1,345573,16818,60,2022-08-25,2022,37.899186,-122.576559,"63","Redwood Creek","Redwood Creek Mainstem",73,4.47,1.1490500415149,"Dipsea"
"CO","YoY",1,345578,16818,60,2022-08-25,2022,37.899186,-122.576559,"63","Redwood Creek","Redwood Creek Mainstem",69,3.39,1.03193519812243,"Dipsea"
"CO","YoY",1,345579,16818,60,2022-08-25,2022,37.899186,-122.576559,"63","Redwood Creek","Redwood Creek Mainstem",58,1.87,0.958423879617861,"Dipsea"
"CO","YoY",1,345580,16818,60,2022-08-25,2022,37.899186,-122.576559,"63","Redwood Creek","Redwood Creek Mainstem",65,2.74,0.997724169321803,"Dipsea"
"CO","YoY",1,345581,16818,60,2022-08-25,2022,37.899186,-122.576559,"63","Redwood Creek","Redwood Creek Mainstem",69,3.53,1.07455199096524,"Dipsea"
"CO","YoY",1,345582,16818,60,2022-08-25,2022,37.899186,-122.576559,"63","Redwood Creek","Redwood Creek Mainstem",54,1.5,0.952598689224204,"Dipsea"
"SH","1+",1,345587,16819,60,2022-08-25,2022,37.899186,-122.576559,"63","Redwood Creek","Redwood Creek Mainstem",157,37.04,0.957132406503229,"Dipsea"
"SH","1+",1,345588,16819,60,2022-08-25,2022,37.899186,-122.576559,"63","Redwood Creek","Redwood Creek Mainstem",143,29.48,1.00813656488751,"Dipsea"
"SH","YoY",1,345589,16819,60,2022-08-25,2022,37.899186,-122.576559,"63","Redwood Creek","Redwood Creek Mainstem",82,6.45,1.16981761727195,"Dipsea"
"CO","YoY",1,345590,16819,60,2022-08-25,2022,37.899186,-122.576559,"63","Redwood Creek","Redwood Creek Mainstem",73,4.51,1.15933236850832,"Dipsea"
"CO","YoY",1,345591,16819,60,2022-08-25,2022,37.899186,-122.576559,"63","Redwood Creek","Redwood Creek Mainstem",64,3.25,1.23977661132812,"Dipsea"
"CO","YoY",1,345592,16819,60,2022-08-25,2022,37.899186,-122.576559,"63","Redwood Creek","Redwood Creek Mainstem",61,2.63,1.15868729100674,"Dipsea"
"CO","YoY",1,345593,16819,60,2022-08-25,2022,37.899186,-122.576559,"63","Redwood Creek","Redwood Creek Mainstem",58,2.03,1.04042806183115,"Dipsea"
"CO","YoY",1,345594,16819,60,2022-08-25,2022,37.899186,-122.576559,"63","Redwood Creek","Redwood Creek Mainstem",55,1.89,1.13598797896319,"Dipsea"
"CO","YoY",1,345595,16819,60,2022-08-25,2022,37.899186,-122.576559,"63","Redwood Creek","Redwood Creek Mainstem",62,2.99,1.25457352891813,"Dipsea"
"CO","YoY",1,345596,16819,60,2022-08-25,2022,37.899186,-122.576559,"63","Redwood Creek","Redwood Creek Mainstem",62,2.78,1.16645966902756,"Dipsea"
"CO","YoY",1,345597,16819,60,2022-08-25,2022,37.899186,-122.576559,"63","Redwood Creek","Redwood Creek Mainstem",62,2.88,1.20841864992783,"Dipsea"
"CO","YoY",1,345598,16819,60,2022-08-25,2022,37.899186,-122.576559,"63","Redwood Creek","Redwood Creek Mainstem",67,3.63,1.20693037374943,"Dipsea"
"CO","YoY",1,345599,16819,60,2022-08-25,2022,37.899186,-122.576559,"63","Redwood Creek","Redwood Creek Mainstem",61,2.94,1.29526259907217,"Dipsea"
"CO","YoY",1,345606,16819,60,2022-08-25,2022,37.899186,-122.576559,"63","Redwood Creek","Redwood Creek Mainstem",NA,NA,NA,"Dipsea"
"CO","YoY",1,345608,16819,60,2022-08-25,2022,37.899186,-122.576559,"63","Redwood Creek","Redwood Creek Mainstem",58,2.23,1.14293328959777,"Dipsea"
"SH","1+",1,345609,16819,60,2022-08-25,2022,37.899186,-122.576559,"63","Redwood Creek","Redwood Creek Mainstem",109,14.63,1.12970443132934,"Dipsea"
"CO","YoY",1,345612,16819,60,2022-08-25,2022,37.899186,-122.576559,"63","Redwood Creek","Redwood Creek Mainstem",65,3.34,1.21620391442877,"Dipsea"
"CO","YoY",1,345613,16819,60,2022-08-25,2022,37.899186,-122.576559,"63","Redwood Creek","Redwood Creek Mainstem",68,4.12,1.31029920618767,"Dipsea"
"CH","YoY",1,345619,16820,60,2022-08-25,2022,37.899186,-122.576559,"63","Redwood Creek","Redwood Creek Mainstem",53,1.95,1.30980608153039,"Dipsea"
"CO","YoY",1,345622,16820,60,2022-08-25,2022,37.899186,-122.576559,"63","Redwood Creek","Redwood Creek Mainstem",63,2.78,1.11179098329514,"Dipsea"
"CO","YoY",1,345662,16823,47,2022-08-18,2022,37.891506,-122.570365,"51","Redwood Creek","Redwood Creek Mainstem",67,3.27,1.08723479949329,"Dipsea"
"CO","YoY",1,345663,16823,47,2022-08-18,2022,37.891506,-122.570365,"51","Redwood Creek","Redwood Creek Mainstem",65,2.71,0.986800182066454,"Dipsea"
"CO","YoY",1,345664,16823,47,2022-08-18,2022,37.891506,-122.570365,"51","Redwood Creek","Redwood Creek Mainstem",57,1.83,0.988158299719752,"Dipsea"
"CO","YoY",1,345665,16823,47,2022-08-18,2022,37.891506,-122.570365,"51","Redwood Creek","Redwood Creek Mainstem",70,3.28,0.956268221574344,"Dipsea"
"CO","YoY",1,345666,16823,47,2022-08-18,2022,37.891506,-122.570365,"51","Redwood Creek","Redwood Creek Mainstem",58,1.91,0.978924925171184,"Dipsea"
"CO","YoY",1,345667,16823,47,2022-08-18,2022,37.891506,-122.570365,"51","Redwood Creek","Redwood Creek Mainstem",57,1.77,0.955759666942055,"Dipsea"
"CO","YoY",1,345668,16823,47,2022-08-18,2022,37.891506,-122.570365,"51","Redwood Creek","Redwood Creek Mainstem",57,1.91,1.03135647675668,"Dipsea"
"CO","YoY",1,345669,16823,47,2022-08-18,2022,37.891506,-122.570365,"51","Redwood Creek","Redwood Creek Mainstem",56,1.72,0.979409620991254,"Dipsea"
"CO","YoY",1,345670,16823,47,2022-08-18,2022,37.891506,-122.570365,"51","Redwood Creek","Redwood Creek Mainstem",58,1.95,0.999425970724507,"Dipsea"
"CO","YoY",1,345671,16823,47,2022-08-18,2022,37.891506,-122.570365,"51","Redwood Creek","Redwood Creek Mainstem",87,7.02,1.06605436877281,"Dipsea"
"SH","YoY",1,345672,16823,47,2022-08-18,2022,37.891506,-122.570365,"51","Redwood Creek","Redwood Creek Mainstem",78,4.95,1.04308906084054,"Dipsea"
"SH","YoY",1,345673,16823,47,2022-08-18,2022,37.891506,-122.570365,"51","Redwood Creek","Redwood Creek Mainstem",68,3.16,1.00498676979442,"Dipsea"
"SH","YoY",1,345674,16823,47,2022-08-18,2022,37.891506,-122.570365,"51","Redwood Creek","Redwood Creek Mainstem",75,4.46,1.05718518518519,"Dipsea"
"SH","YoY",1,345675,16823,47,2022-08-18,2022,37.891506,-122.570365,"51","Redwood Creek","Redwood Creek Mainstem",76,4.92,1.12079020265345,"Dipsea"
"SH","YoY",1,345676,16823,47,2022-08-18,2022,37.891506,-122.570365,"51","Redwood Creek","Redwood Creek Mainstem",73,4.17,1.07193258906423,"Dipsea"
"CO","YoY",69,345678,16823,47,2022-08-18,2022,37.891506,-122.570365,"51","Redwood Creek","Redwood Creek Mainstem",NA,NA,NA,"Dipsea"
"CO","YoY",1,345679,16823,47,2022-08-18,2022,37.891506,-122.570365,"51","Redwood Creek","Redwood Creek Mainstem",57,1.76,0.950359894812439,"Dipsea"
"CO","YoY",1,345685,16823,47,2022-08-18,2022,37.891506,-122.570365,"51","Redwood Creek","Redwood Creek Mainstem",82,5.48,0.993891557000044,"Dipsea"
"CO","YoY",1,345686,16823,47,2022-08-18,2022,37.891506,-122.570365,"51","Redwood Creek","Redwood Creek Mainstem",60,2.05,0.949074074074074,"Dipsea"
"CO","YoY",1,345687,16823,47,2022-08-18,2022,37.891506,-122.570365,"51","Redwood Creek","Redwood Creek Mainstem",63,2.65,1.0598007574576,"Dipsea"
"CO","YoY",1,345688,16823,47,2022-08-18,2022,37.891506,-122.570365,"51","Redwood Creek","Redwood Creek Mainstem",62,2.39,1.0028196435165,"Dipsea"
"CO","YoY",1,345689,16823,47,2022-08-18,2022,37.891506,-122.570365,"51","Redwood Creek","Redwood Creek Mainstem",63,2.68,1.07179850188165,"Dipsea"
"CO","YoY",1,345690,16823,47,2022-08-18,2022,37.891506,-122.570365,"51","Redwood Creek","Redwood Creek Mainstem",68,3.34,1.06223285161816,"Dipsea"
"CO","YoY",1,345691,16823,47,2022-08-18,2022,37.891506,-122.570365,"51","Redwood Creek","Redwood Creek Mainstem",61,2.47,1.08819680942458,"Dipsea"
"CO","YoY",1,345692,16823,47,2022-08-18,2022,37.891506,-122.570365,"51","Redwood Creek","Redwood Creek Mainstem",60,2.23,1.03240740740741,"Dipsea"
"CO","YoY",1,345693,16823,47,2022-08-18,2022,37.891506,-122.570365,"51","Redwood Creek","Redwood Creek Mainstem",58,1.99,1.01992701627783,"Dipsea"
"CO","YoY",1,345694,16823,47,2022-08-18,2022,37.891506,-122.570365,"51","Redwood Creek","Redwood Creek Mainstem",61,2.32,1.0221119829413,"Dipsea"
"CH","YoY",1,345695,16823,47,2022-08-18,2022,37.891506,-122.570365,"51","Redwood Creek","Redwood Creek Mainstem",59,1.97,0.959202255342562,"Dipsea"
"SH","YoY",1,345696,16823,47,2022-08-18,2022,37.891506,-122.570365,"51","Redwood Creek","Redwood Creek Mainstem",68,3.65,1.16082332587014,"Dipsea"
"SH","1+",1,345697,16823,47,2022-08-18,2022,37.891506,-122.570365,"51","Redwood Creek","Redwood Creek Mainstem",225,NA,NA,"Dipsea"
"CH","YoY",1,345698,16823,47,2022-08-18,2022,37.891506,-122.570365,"51","Redwood Creek","Redwood Creek Mainstem",70,2.75,0.801749271137026,"Dipsea"
"CH","YoY",1,345699,16823,47,2022-08-18,2022,37.891506,-122.570365,"51","Redwood Creek","Redwood Creek Mainstem",57,1.69,0.912561489905126,"Dipsea"
"CO","YoY",1,345700,16823,47,2022-08-18,2022,37.891506,-122.570365,"51","Redwood Creek","Redwood Creek Mainstem",52,1.26,0.896108329540282,"Dipsea"
"CO","YoY",1,345701,16823,47,2022-08-18,2022,37.891506,-122.570365,"51","Redwood Creek","Redwood Creek Mainstem",61,2.28,1.00448936254576,"Dipsea"
"CH","YoY",1,345702,16823,47,2022-08-18,2022,37.891506,-122.570365,"51","Redwood Creek","Redwood Creek Mainstem",64,2.37,0.904083251953125,"Dipsea"
"CO","YoY",1,345703,16823,47,2022-08-18,2022,37.891506,-122.570365,"51","Redwood Creek","Redwood Creek Mainstem",64,2.59,0.988006591796875,"Dipsea"
"CO","YoY",53,345705,16823,47,2022-08-18,2022,37.891506,-122.570365,"51","Redwood Creek","Redwood Creek Mainstem",NA,NA,NA,"Dipsea"
"SH","YoY",1,345706,16823,47,2022-08-18,2022,37.891506,-122.570365,"51","Redwood Creek","Redwood Creek Mainstem",NA,NA,NA,"Dipsea"
"CO","YoY",1,345707,16823,47,2022-08-18,2022,37.891506,-122.570365,"51","Redwood Creek","Redwood Creek Mainstem",63,2.53,1.0118097797614,"Dipsea"
"CO","YoY",1,345708,16823,47,2022-08-18,2022,37.891506,-122.570365,"51","Redwood Creek","Redwood Creek Mainstem",55,1.49,0.895567242674681,"Dipsea"
"CO","YoY",1,345709,16823,47,2022-08-18,2022,37.891506,-122.570365,"51","Redwood Creek","Redwood Creek Mainstem",76,4.85,1.10484400058318,"Dipsea"
"CO","YoY",1,345710,16823,47,2022-08-18,2022,37.891506,-122.570365,"51","Redwood Creek","Redwood Creek Mainstem",71,3.6,1.00583664654062,"Dipsea"
"CO","YoY",1,345711,16823,47,2022-08-18,2022,37.891506,-122.570365,"51","Redwood Creek","Redwood Creek Mainstem",65,3.02,1.09968138370505,"Dipsea"
"CO","YoY",1,345712,16823,47,2022-08-18,2022,37.891506,-122.570365,"51","Redwood Creek","Redwood Creek Mainstem",63,2.71,1.08379624630569,"Dipsea"
"CO","YoY",1,345713,16823,47,2022-08-18,2022,37.891506,-122.570365,"51","Redwood Creek","Redwood Creek Mainstem",75,4.32,1.024,"Dipsea"
"CO","YoY",23,345718,16823,47,2022-08-18,2022,37.891506,-122.570365,"51","Redwood Creek","Redwood Creek Mainstem",NA,NA,NA,"Dipsea"
"CO","YoY",1,345811,16832,48,2022-08-18,2022,37.891777,-122.571389,"52","Redwood Creek","Redwood Creek Mainstem",68,3.13,0.995445756157134,"Dipsea"
"CO","YoY",1,345812,16832,48,2022-08-18,2022,37.891777,-122.571389,"52","Redwood Creek","Redwood Creek Mainstem",63,2.28,0.911828576227669,"Dipsea"
"CO","YoY",1,345813,16832,48,2022-08-18,2022,37.891777,-122.571389,"52","Redwood Creek","Redwood Creek Mainstem",60,2.72,1.25925925925926,"Dipsea"
"CO","YoY",1,345814,16832,48,2022-08-18,2022,37.891777,-122.571389,"52","Redwood Creek","Redwood Creek Mainstem",55,2.17,1.30428249436514,"Dipsea"
"CO","YoY",1,345815,16832,48,2022-08-18,2022,37.891777,-122.571389,"52","Redwood Creek","Redwood Creek Mainstem",62,NA,NA,"Dipsea"
"CO","YoY",1,345816,16832,48,2022-08-18,2022,37.891777,-122.571389,"52","Redwood Creek","Redwood Creek Mainstem",59,2,0.973809396286865,"Dipsea"
"CO","YoY",1,345817,16832,48,2022-08-18,2022,37.891777,-122.571389,"52","Redwood Creek","Redwood Creek Mainstem",61,NA,NA,"Dipsea"
"SH","YoY",1,345819,16832,48,2022-08-18,2022,37.891777,-122.571389,"52","Redwood Creek","Redwood Creek Mainstem",74,4.57,1.12777130673405,"Dipsea"
"SH","YoY",1,345820,16832,48,2022-08-18,2022,37.891777,-122.571389,"52","Redwood Creek","Redwood Creek Mainstem",65,2.54,0.924897587619481,"Dipsea"
"SH","YoY",1,345821,16832,48,2022-08-18,2022,37.891777,-122.571389,"52","Redwood Creek","Redwood Creek Mainstem",65,2.57,0.935821574874829,"Dipsea"
"CH","YoY",1,345822,16832,48,2022-08-18,2022,37.891777,-122.571389,"52","Redwood Creek","Redwood Creek Mainstem",57,2.02,1.09075397018246,"Dipsea"
"CH","YoY",1,345823,16832,48,2022-08-18,2022,37.891777,-122.571389,"52","Redwood Creek","Redwood Creek Mainstem",65,2.71,0.986800182066454,"Dipsea"
"CO","YoY",1,345829,16832,48,2022-08-18,2022,37.891777,-122.571389,"52","Redwood Creek","Redwood Creek Mainstem",62,2.38,0.998623745426471,"Dipsea"
"SH","YoY",1,345830,16832,48,2022-08-18,2022,37.891777,-122.571389,"52","Redwood Creek","Redwood Creek Mainstem",65,3.1,1.12881201638598,"Dipsea"
"SH","YoY",1,345831,16832,48,2022-08-18,2022,37.891777,-122.571389,"52","Redwood Creek","Redwood Creek Mainstem",73,4.25,1.09249724305107,"Dipsea"
"CO","YoY",1,345843,16838,48,2022-08-18,2022,37.891777,-122.571389,"52","Redwood Creek","Redwood Creek Mainstem",63,2.56,1.02380752418545,"Dipsea"
"CO","YoY",1,345844,16838,48,2022-08-18,2022,37.891777,-122.571389,"52","Redwood Creek","Redwood Creek Mainstem",54,1.65,1.04785855814662,"Dipsea"
"CO","YoY",1,345845,16838,48,2022-08-18,2022,37.891777,-122.571389,"52","Redwood Creek","Redwood Creek Mainstem",60,2.18,1.00925925925926,"Dipsea"
"CO","YoY",1,345846,16838,48,2022-08-18,2022,37.891777,-122.571389,"52","Redwood Creek","Redwood Creek Mainstem",60,2.22,1.02777777777778,"Dipsea"
"CO","YoY",1,345847,16838,48,2022-08-18,2022,37.891777,-122.571389,"52","Redwood Creek","Redwood Creek Mainstem",61,2.38,1.04854591353461,"Dipsea"
"SH","YoY",1,345848,16838,48,2022-08-18,2022,37.891777,-122.571389,"52","Redwood Creek","Redwood Creek Mainstem",73,4.51,1.15933236850832,"Dipsea"
"CO","YoY",1,345858,16838,48,2022-08-18,2022,37.891777,-122.571389,"52","Redwood Creek","Redwood Creek Mainstem",NA,NA,NA,"Dipsea"
"CO","YoY",1,345892,16840,48,2022-08-18,2022,37.891777,-122.571389,"52","Redwood Creek","Redwood Creek Mainstem",60,2.38,1.10185185185185,"Dipsea"
"CO","YoY",1,345893,16840,48,2022-08-18,2022,37.891777,-122.571389,"52","Redwood Creek","Redwood Creek Mainstem",65,2.88,1.04870277651343,"Dipsea"
"CO","YoY",1,345894,16840,48,2022-08-18,2022,37.891777,-122.571389,"52","Redwood Creek","Redwood Creek Mainstem",58,2.05,1.05067858460782,"Dipsea"
"CO","YoY",1,345895,16840,48,2022-08-18,2022,37.891777,-122.571389,"52","Redwood Creek","Redwood Creek Mainstem",62,2.36,0.990231949246417,"Dipsea"
"CO","YoY",1,345896,16840,48,2022-08-18,2022,37.891777,-122.571389,"52","Redwood Creek","Redwood Creek Mainstem",62,2.39,1.0028196435165,"Dipsea"
"CO","YoY",1,345897,16840,48,2022-08-18,2022,37.891777,-122.571389,"52","Redwood Creek","Redwood Creek Mainstem",87,7.4,1.12376101551549,"Dipsea"
"CO","YoY",1,345898,16840,48,2022-08-18,2022,37.891777,-122.571389,"52","Redwood Creek","Redwood Creek Mainstem",63,2.77,1.10779173515379,"Dipsea"
"CO","YoY",1,345899,16840,48,2022-08-18,2022,37.891777,-122.571389,"52","Redwood Creek","Redwood Creek Mainstem",60,2.25,1.04166666666667,"Dipsea"
"CO","YoY",1,345900,16840,48,2022-08-18,2022,37.891777,-122.571389,"52","Redwood Creek","Redwood Creek Mainstem",58,2.09,1.07117963016114,"Dipsea"
"CO","YoY",1,345901,16840,48,2022-08-18,2022,37.891777,-122.571389,"52","Redwood Creek","Redwood Creek Mainstem",55,1.76,1.05785123966942,"Dipsea"
"CO","YoY",1,345902,16840,48,2022-08-18,2022,37.891777,-122.571389,"52","Redwood Creek","Redwood Creek Mainstem",60,2.33,1.0787037037037,"Dipsea"
"CH","YoY",1,345903,16840,48,2022-08-18,2022,37.891777,-122.571389,"52","Redwood Creek","Redwood Creek Mainstem",64,2.85,1.08718872070312,"Dipsea"
"SH","YoY",1,345904,16840,48,2022-08-18,2022,37.891777,-122.571389,"52","Redwood Creek","Redwood Creek Mainstem",67,3.43,1.14043283249602,"Dipsea"
"SH","YoY",1,345905,16840,48,2022-08-18,2022,37.891777,-122.571389,"52","Redwood Creek","Redwood Creek Mainstem",70,3.52,1.02623906705539,"Dipsea"
"SH","1+",1,345906,16840,48,2022-08-18,2022,37.891777,-122.571389,"52","Redwood Creek","Redwood Creek Mainstem",115,15.15,0.996137092134462,"Dipsea"
"SH","1+",1,345907,16840,48,2022-08-18,2022,37.891777,-122.571389,"52","Redwood Creek","Redwood Creek Mainstem",135,26.66,1.0835746583346,"Dipsea"
"SH","1+",1,345908,16840,48,2022-08-18,2022,37.891777,-122.571389,"52","Redwood Creek","Redwood Creek Mainstem",189,NA,NA,"Dipsea"
"CO","YoY",1,345909,16840,48,2022-08-18,2022,37.891777,-122.571389,"52","Redwood Creek","Redwood Creek Mainstem",53,1.68,1.12844831639541,"Dipsea"
"CO","YoY",1,345910,16840,48,2022-08-18,2022,37.891777,-122.571389,"52","Redwood Creek","Redwood Creek Mainstem",76,5.05,1.15040457792681,"Dipsea"
"CO","YoY",1,345911,16840,48,2022-08-18,2022,37.891777,-122.571389,"52","Redwood Creek","Redwood Creek Mainstem",59,2.11,1.02736891308264,"Dipsea"
"CO","YoY",1,345912,16840,48,2022-08-18,2022,37.891777,-122.571389,"52","Redwood Creek","Redwood Creek Mainstem",56,1.83,1.04204628279883,"Dipsea"
"CO","YoY",1,345913,16840,48,2022-08-18,2022,37.891777,-122.571389,"52","Redwood Creek","Redwood Creek Mainstem",54,1.6,1.01610526850582,"Dipsea"
"CO","YoY",1,345914,16840,48,2022-08-18,2022,37.891777,-122.571389,"52","Redwood Creek","Redwood Creek Mainstem",66,3.23,1.12349389208893,"Dipsea"
"CO","YoY",1,345915,16840,48,2022-08-18,2022,37.891777,-122.571389,"52","Redwood Creek","Redwood Creek Mainstem",55,1.71,1.02779864763336,"Dipsea"
"CO","YoY",1,345916,16840,48,2022-08-18,2022,37.891777,-122.571389,"52","Redwood Creek","Redwood Creek Mainstem",64,2.87,1.09481811523438,"Dipsea"
"CO","YoY",30,345917,16840,48,2022-08-18,2022,37.891777,-122.571389,"52","Redwood Creek","Redwood Creek Mainstem",NA,NA,NA,"Dipsea"
"CO","YoY",1,345918,16840,48,2022-08-18,2022,37.891777,-122.571389,"52","Redwood Creek","Redwood Creek Mainstem",66,3.17,1.10262403650833,"Dipsea"
"CO","YoY",1,345919,16840,48,2022-08-18,2022,37.891777,-122.571389,"52","Redwood Creek","Redwood Creek Mainstem",64,2.96,1.129150390625,"Dipsea"
"SH","YoY",1,345920,16840,48,2022-08-18,2022,37.891777,-122.571389,"52","Redwood Creek","Redwood Creek Mainstem",56,1.74,0.990798104956268,"Dipsea"
"SH","YoY",1,345921,16840,48,2022-08-18,2022,37.891777,-122.571389,"52","Redwood Creek","Redwood Creek Mainstem",64,2.71,1.03378295898438,"Dipsea"
"SH","YoY",1,345922,16840,48,2022-08-18,2022,37.891777,-122.571389,"52","Redwood Creek","Redwood Creek Mainstem",76,4.96,1.12990231812218,"Dipsea"
"SH","1+",1,345923,16840,48,2022-08-18,2022,37.891777,-122.571389,"52","Redwood Creek","Redwood Creek Mainstem",122,18.43,1.01495279340562,"Dipsea"
"CO","YoY",1,345924,16840,48,2022-08-18,2022,37.891777,-122.571389,"52","Redwood Creek","Redwood Creek Mainstem",69,3.51,1.06846387770198,"Dipsea"
"CO","YoY",1,345925,16840,48,2022-08-18,2022,37.891777,-122.571389,"52","Redwood Creek","Redwood Creek Mainstem",67,3.08,1.02406213530255,"Dipsea"
"CO","YoY",1,345926,16840,48,2022-08-18,2022,37.891777,-122.571389,"52","Redwood Creek","Redwood Creek Mainstem",61,2.34,1.03092329313907,"Dipsea"
"CO","YoY",1,345927,16840,48,2022-08-18,2022,37.891777,-122.571389,"52","Redwood Creek","Redwood Creek Mainstem",69,3.52,1.07150793433361,"Dipsea"
"CO","YoY",1,345928,16840,48,2022-08-18,2022,37.891777,-122.571389,"52","Redwood Creek","Redwood Creek Mainstem",61,2.39,1.0529515686335,"Dipsea"
"CO","YoY",1,345929,16840,48,2022-08-18,2022,37.891777,-122.571389,"52","Redwood Creek","Redwood Creek Mainstem",68,3.2,1.01770812131081,"Dipsea"
"CO","YoY",1,345930,16840,48,2022-08-18,2022,37.891777,-122.571389,"52","Redwood Creek","Redwood Creek Mainstem",64,2.9,1.10626220703125,"Dipsea"
"CO","YoY",1,345931,16840,48,2022-08-18,2022,37.891777,-122.571389,"52","Redwood Creek","Redwood Creek Mainstem",65,2.93,1.06690942193901,"Dipsea"
"CO","YoY",1,345932,16840,48,2022-08-18,2022,37.891777,-122.571389,"52","Redwood Creek","Redwood Creek Mainstem",58,2.9,1.48632580261593,"Dipsea"
"CO","YoY",1,345933,16840,48,2022-08-18,2022,37.891777,-122.571389,"52","Redwood Creek","Redwood Creek Mainstem",59,2.38,1.15883318158137,"Dipsea"
"SH","1+",1,345934,16840,48,2022-08-18,2022,37.891777,-122.571389,"52","Redwood Creek","Redwood Creek Mainstem",194,NA,NA,"Dipsea"
"CO","YoY",1,345935,16840,48,2022-08-18,2022,37.891777,-122.571389,"52","Redwood Creek","Redwood Creek Mainstem",61,2.45,1.07938549922681,"Dipsea"
"CO","YoY",15,345936,16840,48,2022-08-18,2022,37.891777,-122.571389,"52","Redwood Creek","Redwood Creek Mainstem",NA,NA,NA,"Dipsea"
"CO","YoY",9,345937,16840,48,2022-08-18,2022,37.891777,-122.571389,"52","Redwood Creek","Redwood Creek Mainstem",NA,NA,NA,"Dipsea"
