"SpeciesCode","LifeStage","Count","EventID","LocationID","SnorkelSurveysID","BasinWideUnitSnorkel","StartDate","FieldSeason","Latitude","Longitude","StreamNumber","Watershed","StreamName","HabitatDescriptionSnorkel","Pass","Visibility","TimeElapsed_s","RiverReach"
"CO","YoY",0,14174,12,4711,34,"2020-07-21",2020,37.86504,-122.57661,"2","Redwood Creek","Redwood Creek Mainstem","Scour Pool",1,".7",900,"PacificWay"
"SH","1+",20,14174,12,4711,34,"2020-07-21",2020,37.86504,-122.57661,"2","Redwood Creek","Redwood Creek Mainstem","Scour Pool",1,".7",900,"PacificWay"
"SH","YoY",1,14174,12,4711,34,"2020-07-21",2020,37.86504,-122.57661,"2","Redwood Creek","Redwood Creek Mainstem","Scour Pool",1,".7",900,"PacificWay"
"CO","YoY",0,14175,23,4712,39,"2020-07-21",2020,37.86553,-122.57749,"3","Redwood Creek","Redwood Creek Mainstem","Scour Pool",1,".8",300,"PacificWay"
"SH","YoY",1,14175,23,4712,39,"2020-07-21",2020,37.86553,-122.57749,"3","Redwood Creek","Redwood Creek Mainstem","Scour Pool",1,".8",300,"PacificWay"
"SH","1+",3,14175,23,4712,39,"2020-07-21",2020,37.86553,-122.57749,"3","Redwood Creek","Redwood Creek Mainstem","Scour Pool",1,".8",300,"PacificWay"
"CO","YoY",0,14176,45,4713,47,"2020-07-21",2020,37.866513,-122.579249,"5","Redwood Creek","Redwood Creek Mainstem","Scour Pool",1,".7",300,NA
"SH","YoY",1,14176,45,4713,47,"2020-07-21",2020,37.866513,-122.579249,"5","Redwood Creek","Redwood Creek Mainstem","Scour Pool",1,".7",300,NA
"SH","1+",3,14176,45,4713,47,"2020-07-21",2020,37.866513,-122.579249,"5","Redwood Creek","Redwood Creek Mainstem","Scour Pool",1,".7",300,NA
"CO","YoY",0,14177,45,4714,57,"2020-07-21",2020,37.866513,-122.579249,"5","Redwood Creek","Redwood Creek Mainstem","Mid-Channel Pool",1,".7",300,NA
"SH","1+",10,14177,45,4714,57,"2020-07-21",2020,37.866513,-122.579249,"5","Redwood Creek","Redwood Creek Mainstem","Mid-Channel Pool",1,".7",300,NA
"SH","YoY",1,14177,45,4714,57,"2020-07-21",2020,37.866513,-122.579249,"5","Redwood Creek","Redwood Creek Mainstem","Mid-Channel Pool",1,".7",300,NA
"CO","YoY",0,14178,56,4715,71,"2020-07-21",2020,37.8671,-122.579695,"6","Redwood Creek","Redwood Creek Mainstem","Scour Pool",1,".8",420,"Dipsea"
"SH","YoY",1,14178,56,4715,71,"2020-07-21",2020,37.8671,-122.579695,"6","Redwood Creek","Redwood Creek Mainstem","Scour Pool",1,".8",420,"Dipsea"
"SH","1+",18,14178,56,4715,71,"2020-07-21",2020,37.8671,-122.579695,"6","Redwood Creek","Redwood Creek Mainstem","Scour Pool",1,".8",420,"Dipsea"
"CO","YoY",0,14179,74,4716,77,"2020-07-21",2020,37.86857,-122.58031,"8","Redwood Creek","Redwood Creek Mainstem","Scour Pool",1,".8",300,NA
"SH","YoY",1,14179,74,4716,77,"2020-07-21",2020,37.86857,-122.58031,"8","Redwood Creek","Redwood Creek Mainstem","Scour Pool",1,".8",300,NA
"SH","1+",11,14179,74,4716,77,"2020-07-21",2020,37.86857,-122.58031,"8","Redwood Creek","Redwood Creek Mainstem","Scour Pool",1,".8",300,NA
"CO","YoY",0,14180,74,4717,85,"2020-07-21",2020,37.86857,-122.58031,"8","Redwood Creek","Redwood Creek Mainstem","Scour Pool",1,".9",180,NA
"SH","YoY",1,14180,74,4717,85,"2020-07-21",2020,37.86857,-122.58031,"8","Redwood Creek","Redwood Creek Mainstem","Scour Pool",1,".9",180,NA
"SH","1+",8,14180,74,4717,85,"2020-07-21",2020,37.86857,-122.58031,"8","Redwood Creek","Redwood Creek Mainstem","Scour Pool",1,".9",180,NA
"CO","YoY",0,14181,75,4718,93,"2020-07-21",2020,37.86919,-122.58114,"9","Redwood Creek","Redwood Creek Mainstem","Mid-Channel Pool",1,".9",360,NA
"SH","YoY",1,14181,75,4718,93,"2020-07-21",2020,37.86919,-122.58114,"9","Redwood Creek","Redwood Creek Mainstem","Mid-Channel Pool",1,".9",360,NA
"SH","1+",15,14181,75,4718,93,"2020-07-21",2020,37.86919,-122.58114,"9","Redwood Creek","Redwood Creek Mainstem","Mid-Channel Pool",1,".9",360,NA
"CO","YoY",0,14182,2,4719,102,"2020-07-21",2020,37.86978,-122.58167,"10","Redwood Creek","Redwood Creek Mainstem","Flatwater",1,"1",60,"PacificWay"
"SH","YoY",1,14182,2,4719,102,"2020-07-21",2020,37.86978,-122.58167,"10","Redwood Creek","Redwood Creek Mainstem","Flatwater",1,"1",60,"PacificWay"
"SH","1+",1,14182,2,4719,102,"2020-07-21",2020,37.86978,-122.58167,"10","Redwood Creek","Redwood Creek Mainstem","Flatwater",1,"1",60,"PacificWay"
"CO","YoY",0,14183,2,4720,109,"2020-07-21",2020,37.86978,-122.58167,"10","Redwood Creek","Redwood Creek Mainstem","Mid-Channel Pool",1,".9",120,"PacificWay"
"SH","1+",0,14183,2,4720,109,"2020-07-21",2020,37.86978,-122.58167,"10","Redwood Creek","Redwood Creek Mainstem","Mid-Channel Pool",1,".9",120,"PacificWay"
"SH","YoY",1,14183,2,4720,109,"2020-07-21",2020,37.86978,-122.58167,"10","Redwood Creek","Redwood Creek Mainstem","Mid-Channel Pool",1,".9",120,"PacificWay"
"CO","YoY",0,14184,3,4721,116,"2020-07-21",2020,37.87048,-122.58219,"11","Redwood Creek","Redwood Creek Mainstem","Mid-Channel Pool",1,"1",420,"PacificWay"
"SH","YoY",1,14184,3,4721,116,"2020-07-21",2020,37.87048,-122.58219,"11","Redwood Creek","Redwood Creek Mainstem","Mid-Channel Pool",1,"1",420,"PacificWay"
"SH","1+",2,14184,3,4721,116,"2020-07-21",2020,37.87048,-122.58219,"11","Redwood Creek","Redwood Creek Mainstem","Mid-Channel Pool",1,"1",420,"PacificWay"
"CO","YoY",0,14185,4,4722,123,"2020-07-21",2020,37.870986,-122.582781,"12","Redwood Creek","Redwood Creek Mainstem","Mid-Channel Pool",1,".8",180,"PacificWay"
"SH","YoY",1,14185,4,4722,123,"2020-07-21",2020,37.870986,-122.582781,"12","Redwood Creek","Redwood Creek Mainstem","Mid-Channel Pool",1,".8",180,"PacificWay"
"SH","1+",17,14185,4,4722,123,"2020-07-21",2020,37.870986,-122.582781,"12","Redwood Creek","Redwood Creek Mainstem","Mid-Channel Pool",1,".8",180,"PacificWay"
"CO","YoY",0,14186,5,4723,137,"2020-07-21",2020,37.87193,-122.582798,"13","Redwood Creek","Redwood Creek Mainstem","Scour Pool",1,".8",240,"PacificWay"
"SH","YoY",1,14186,5,4723,137,"2020-07-21",2020,37.87193,-122.582798,"13","Redwood Creek","Redwood Creek Mainstem","Scour Pool",1,".8",240,"PacificWay"
"SH","1+",5,14186,5,4723,137,"2020-07-21",2020,37.87193,-122.582798,"13","Redwood Creek","Redwood Creek Mainstem","Scour Pool",1,".8",240,"PacificWay"
"CO","YoY",0,14187,6,4724,148,"2020-07-22",2020,37.872729,-122.582945,"14","Redwood Creek","Redwood Creek Mainstem","Mid-Channel Pool",1,".8",600,"PacificWay"
"SH","YoY",1,14187,6,4724,148,"2020-07-22",2020,37.872729,-122.582945,"14","Redwood Creek","Redwood Creek Mainstem","Mid-Channel Pool",1,".8",600,"PacificWay"
"SH","1+",4,14187,6,4724,148,"2020-07-22",2020,37.872729,-122.582945,"14","Redwood Creek","Redwood Creek Mainstem","Mid-Channel Pool",1,".8",600,"PacificWay"
"CO","YoY",0,14188,6,4725,156,"2020-07-22",2020,37.872729,-122.582945,"14","Redwood Creek","Redwood Creek Mainstem","Mid-Channel Pool",1,".9",360,"PacificWay"
"SH","YoY",1,14188,6,4725,156,"2020-07-22",2020,37.872729,-122.582945,"14","Redwood Creek","Redwood Creek Mainstem","Mid-Channel Pool",1,".9",360,"PacificWay"
"SH","1+",8,14188,6,4725,156,"2020-07-22",2020,37.872729,-122.582945,"14","Redwood Creek","Redwood Creek Mainstem","Mid-Channel Pool",1,".9",360,"PacificWay"
"SH","1+",7,14189,8,4726,169,"2020-07-22",2020,37.873734,-122.583204,"16","Redwood Creek","Redwood Creek Mainstem","Mid-Channel Pool",1,".9",300,"PacificWay"
"SH","YoY",1,14189,8,4726,169,"2020-07-22",2020,37.873734,-122.583204,"16","Redwood Creek","Redwood Creek Mainstem","Mid-Channel Pool",1,".9",300,"PacificWay"
"CO","YoY",0,14189,8,4726,169,"2020-07-22",2020,37.873734,-122.583204,"16","Redwood Creek","Redwood Creek Mainstem","Mid-Channel Pool",1,".9",300,"PacificWay"
"SH","YoY",1,14190,9,4727,177,"2020-07-22",2020,37.874368,-122.583367,"17","Redwood Creek","Redwood Creek Mainstem","Scour Pool",1,".9",300,"PacificWay"
"SH","1+",9,14190,9,4727,177,"2020-07-22",2020,37.874368,-122.583367,"17","Redwood Creek","Redwood Creek Mainstem","Scour Pool",1,".9",300,"PacificWay"
"CO","YoY",0,14190,9,4727,177,"2020-07-22",2020,37.874368,-122.583367,"17","Redwood Creek","Redwood Creek Mainstem","Scour Pool",1,".9",300,"PacificWay"
"CO","YoY",0,14191,11,4728,186,"2020-07-22",2020,37.875583,-122.582088,"19","Redwood Creek","Redwood Creek Mainstem","Mid-Channel Pool",1,".9",300,"PacificWay"
"SH","YoY",1,14191,11,4728,186,"2020-07-22",2020,37.875583,-122.582088,"19","Redwood Creek","Redwood Creek Mainstem","Mid-Channel Pool",1,".9",300,"PacificWay"
"SH","1+",13,14191,11,4728,186,"2020-07-22",2020,37.875583,-122.582088,"19","Redwood Creek","Redwood Creek Mainstem","Mid-Channel Pool",1,".9",300,"PacificWay"
"SH","1+",1,14192,11,4729,188,"2020-07-22",2020,37.875583,-122.582088,"19","Redwood Creek","Redwood Creek Mainstem","Flatwater",1,"1",120,"PacificWay"
"CO","YoY",0,14192,11,4729,188,"2020-07-22",2020,37.875583,-122.582088,"19","Redwood Creek","Redwood Creek Mainstem","Flatwater",1,"1",120,"PacificWay"
"SH","YoY",1,14192,11,4729,188,"2020-07-22",2020,37.875583,-122.582088,"19","Redwood Creek","Redwood Creek Mainstem","Flatwater",1,"1",120,"PacificWay"
"SH","1+",7,14193,13,4730,196,"2020-07-22",2020,37.876118,-122.58216,"20","Redwood Creek","Redwood Creek Mainstem","Scour Pool",1,".9",720,"PacificWay"
"CO","YoY",0,14193,13,4730,196,"2020-07-22",2020,37.876118,-122.58216,"20","Redwood Creek","Redwood Creek Mainstem","Scour Pool",1,".9",720,"PacificWay"
"SH","YoY",1,14193,13,4730,196,"2020-07-22",2020,37.876118,-122.58216,"20","Redwood Creek","Redwood Creek Mainstem","Scour Pool",1,".9",720,"PacificWay"
"CO","YoY",0,14194,13,4731,204,"2020-07-22",2020,37.876118,-122.58216,"20","Redwood Creek","Redwood Creek Mainstem","Mid-Channel Pool",1,"1",60,"PacificWay"
"SH","YoY",1,14194,13,4731,204,"2020-07-22",2020,37.876118,-122.58216,"20","Redwood Creek","Redwood Creek Mainstem","Mid-Channel Pool",1,"1",60,"PacificWay"
"SH","1+",1,14194,13,4731,204,"2020-07-22",2020,37.876118,-122.58216,"20","Redwood Creek","Redwood Creek Mainstem","Mid-Channel Pool",1,"1",60,"PacificWay"
"SH","1+",3,14195,14,4732,214,"2020-07-22",2020,37.876735,-122.581516,"21","Redwood Creek","Redwood Creek Mainstem","Scour Pool",1,".9",120,"PacificWay"
"CO","YoY",0,14195,14,4732,214,"2020-07-22",2020,37.876735,-122.581516,"21","Redwood Creek","Redwood Creek Mainstem","Scour Pool",1,".9",120,"PacificWay"
"SH","YoY",1,14195,14,4732,214,"2020-07-22",2020,37.876735,-122.581516,"21","Redwood Creek","Redwood Creek Mainstem","Scour Pool",1,".9",120,"PacificWay"
"SH","1+",0,14196,15,4733,222,"2020-07-22",2020,37.877118,-122.58097,"22","Redwood Creek","Redwood Creek Mainstem","Mid-Channel Pool",1,"1",120,"PacificWay"
"CO","YoY",0,14196,15,4733,222,"2020-07-22",2020,37.877118,-122.58097,"22","Redwood Creek","Redwood Creek Mainstem","Mid-Channel Pool",1,"1",120,"PacificWay"
"SH","YoY",1,14196,15,4733,222,"2020-07-22",2020,37.877118,-122.58097,"22","Redwood Creek","Redwood Creek Mainstem","Mid-Channel Pool",1,"1",120,"PacificWay"
"CO","YoY",0,14197,16,4734,232,"2020-07-22",2020,37.87735,-122.580176,"23","Redwood Creek","Redwood Creek Mainstem","Mid-Channel Pool",1,".9",180,"PacificWay"
"SH","YoY",1,14197,16,4734,232,"2020-07-22",2020,37.87735,-122.580176,"23","Redwood Creek","Redwood Creek Mainstem","Mid-Channel Pool",1,".9",180,"PacificWay"
"SH","1+",12,14197,16,4734,232,"2020-07-22",2020,37.87735,-122.580176,"23","Redwood Creek","Redwood Creek Mainstem","Mid-Channel Pool",1,".9",180,"PacificWay"
"CO","YoY",0,14198,45,4735,57,"2020-07-22",2020,37.866513,-122.579249,"5","Redwood Creek","Redwood Creek Mainstem","Mid-Channel Pool",3,".6",360,NA
"SH","1+",15,14198,45,4735,57,"2020-07-22",2020,37.866513,-122.579249,"5","Redwood Creek","Redwood Creek Mainstem","Mid-Channel Pool",4,".6",180,NA
"SH","YoY",1,14198,45,4735,57,"2020-07-22",2020,37.866513,-122.579249,"5","Redwood Creek","Redwood Creek Mainstem","Mid-Channel Pool",4,".6",180,NA
"CO","YoY",0,14198,45,4735,57,"2020-07-22",2020,37.866513,-122.579249,"5","Redwood Creek","Redwood Creek Mainstem","Mid-Channel Pool",4,".6",180,NA
"SH","YoY",1,14198,45,4735,57,"2020-07-22",2020,37.866513,-122.579249,"5","Redwood Creek","Redwood Creek Mainstem","Mid-Channel Pool",3,".6",360,NA
"SH","1+",17,14198,45,4735,57,"2020-07-22",2020,37.866513,-122.579249,"5","Redwood Creek","Redwood Creek Mainstem","Mid-Channel Pool",2,".8",360,NA
"SH","YoY",1,14198,45,4735,57,"2020-07-22",2020,37.866513,-122.579249,"5","Redwood Creek","Redwood Creek Mainstem","Mid-Channel Pool",2,".8",360,NA
"CO","YoY",0,14198,45,4735,57,"2020-07-22",2020,37.866513,-122.579249,"5","Redwood Creek","Redwood Creek Mainstem","Mid-Channel Pool",2,".8",360,NA
"SH","1+",15,14198,45,4735,57,"2020-07-22",2020,37.866513,-122.579249,"5","Redwood Creek","Redwood Creek Mainstem","Mid-Channel Pool",3,".6",360,NA
"CO","YoY",0,14199,2,4736,109,"2020-07-23",2020,37.86978,-122.58167,"10","Redwood Creek","Redwood Creek Mainstem","Mid-Channel Pool",3,".9",NA,"PacificWay"
"SH","1+",3,14199,2,4736,109,"2020-07-23",2020,37.86978,-122.58167,"10","Redwood Creek","Redwood Creek Mainstem","Mid-Channel Pool",4,".9",NA,"PacificWay"
"SH","YoY",1,14199,2,4736,109,"2020-07-23",2020,37.86978,-122.58167,"10","Redwood Creek","Redwood Creek Mainstem","Mid-Channel Pool",4,".9",NA,"PacificWay"
"CO","YoY",0,14199,2,4736,109,"2020-07-23",2020,37.86978,-122.58167,"10","Redwood Creek","Redwood Creek Mainstem","Mid-Channel Pool",4,".9",NA,"PacificWay"
"SH","1+",2,14199,2,4736,109,"2020-07-23",2020,37.86978,-122.58167,"10","Redwood Creek","Redwood Creek Mainstem","Mid-Channel Pool",2,".9",NA,"PacificWay"
"SH","YoY",1,14199,2,4736,109,"2020-07-23",2020,37.86978,-122.58167,"10","Redwood Creek","Redwood Creek Mainstem","Mid-Channel Pool",2,".9",NA,"PacificWay"
"CO","YoY",0,14199,2,4736,109,"2020-07-23",2020,37.86978,-122.58167,"10","Redwood Creek","Redwood Creek Mainstem","Mid-Channel Pool",2,".9",NA,"PacificWay"
"SH","1+",3,14199,2,4736,109,"2020-07-23",2020,37.86978,-122.58167,"10","Redwood Creek","Redwood Creek Mainstem","Mid-Channel Pool",3,".9",NA,"PacificWay"
"SH","YoY",1,14199,2,4736,109,"2020-07-23",2020,37.86978,-122.58167,"10","Redwood Creek","Redwood Creek Mainstem","Mid-Channel Pool",3,".9",NA,"PacificWay"
"CO","YoY",0,14200,6,4737,148,"2020-07-23",2020,37.872729,-122.582945,"14","Redwood Creek","Redwood Creek Mainstem","Mid-Channel Pool",3,".5",NA,"PacificWay"
"SH","1+",4,14200,6,4737,148,"2020-07-23",2020,37.872729,-122.582945,"14","Redwood Creek","Redwood Creek Mainstem","Mid-Channel Pool",4,".6",NA,"PacificWay"
"SH","YoY",1,14200,6,4737,148,"2020-07-23",2020,37.872729,-122.582945,"14","Redwood Creek","Redwood Creek Mainstem","Mid-Channel Pool",4,".6",NA,"PacificWay"
"CO","YoY",0,14200,6,4737,148,"2020-07-23",2020,37.872729,-122.582945,"14","Redwood Creek","Redwood Creek Mainstem","Mid-Channel Pool",4,".6",NA,"PacificWay"
"SH","YoY",1,14200,6,4737,148,"2020-07-23",2020,37.872729,-122.582945,"14","Redwood Creek","Redwood Creek Mainstem","Mid-Channel Pool",3,".5",NA,"PacificWay"
"SH","1+",3,14200,6,4737,148,"2020-07-23",2020,37.872729,-122.582945,"14","Redwood Creek","Redwood Creek Mainstem","Mid-Channel Pool",2,".6",NA,"PacificWay"
"SH","YoY",1,14200,6,4737,148,"2020-07-23",2020,37.872729,-122.582945,"14","Redwood Creek","Redwood Creek Mainstem","Mid-Channel Pool",2,".6",NA,"PacificWay"
"CO","YoY",0,14200,6,4737,148,"2020-07-23",2020,37.872729,-122.582945,"14","Redwood Creek","Redwood Creek Mainstem","Mid-Channel Pool",2,".6",NA,"PacificWay"
"SH","1+",3,14200,6,4737,148,"2020-07-23",2020,37.872729,-122.582945,"14","Redwood Creek","Redwood Creek Mainstem","Mid-Channel Pool",3,".5",NA,"PacificWay"
"SH","1+",7,14201,13,4738,196,"2020-07-23",2020,37.876118,-122.58216,"20","Redwood Creek","Redwood Creek Mainstem","Scour Pool",3,".8",NA,"PacificWay"
"CO","YoY",0,14201,13,4738,196,"2020-07-23",2020,37.876118,-122.58216,"20","Redwood Creek","Redwood Creek Mainstem","Scour Pool",2,".9",NA,"PacificWay"
"SH","YoY",1,14201,13,4738,196,"2020-07-23",2020,37.876118,-122.58216,"20","Redwood Creek","Redwood Creek Mainstem","Scour Pool",4,".8",NA,"PacificWay"
"SH","1+",8,14201,13,4738,196,"2020-07-23",2020,37.876118,-122.58216,"20","Redwood Creek","Redwood Creek Mainstem","Scour Pool",4,".8",NA,"PacificWay"
"CO","YoY",0,14201,13,4738,196,"2020-07-23",2020,37.876118,-122.58216,"20","Redwood Creek","Redwood Creek Mainstem","Scour Pool",4,".8",NA,"PacificWay"
"CO","YoY",0,14201,13,4738,196,"2020-07-23",2020,37.876118,-122.58216,"20","Redwood Creek","Redwood Creek Mainstem","Scour Pool",3,".8",NA,"PacificWay"
"SH","YoY",1,14201,13,4738,196,"2020-07-23",2020,37.876118,-122.58216,"20","Redwood Creek","Redwood Creek Mainstem","Scour Pool",2,".9",NA,"PacificWay"
"SH","YoY",1,14201,13,4738,196,"2020-07-23",2020,37.876118,-122.58216,"20","Redwood Creek","Redwood Creek Mainstem","Scour Pool",3,".8",NA,"PacificWay"
"SH","1+",10,14201,13,4738,196,"2020-07-23",2020,37.876118,-122.58216,"20","Redwood Creek","Redwood Creek Mainstem","Scour Pool",2,".9",NA,"PacificWay"
"CO","YoY",0,14202,17,4739,240,"2020-07-27",2020,37.877861,-122.579412,"24","Redwood Creek","Redwood Creek Mainstem","Mid-Channel Pool",1,".9",120,"PacificWay"
"SH","YoY",1,14202,17,4739,240,"2020-07-27",2020,37.877861,-122.579412,"24","Redwood Creek","Redwood Creek Mainstem","Mid-Channel Pool",1,".9",120,"PacificWay"
"SH","1+",4,14202,17,4739,240,"2020-07-27",2020,37.877861,-122.579412,"24","Redwood Creek","Redwood Creek Mainstem","Mid-Channel Pool",1,".9",120,"PacificWay"
"CO","YoY",0,14203,18,4740,254,"2020-07-27",2020,37.878293,-122.578674,"25","Redwood Creek","Redwood Creek Mainstem","Mid-Channel Pool",1,".9",NA,"PacificWay"
"SH","YoY",1,14203,18,4740,254,"2020-07-27",2020,37.878293,-122.578674,"25","Redwood Creek","Redwood Creek Mainstem","Mid-Channel Pool",1,".9",NA,"PacificWay"
"SH","1+",8,14203,18,4740,254,"2020-07-27",2020,37.878293,-122.578674,"25","Redwood Creek","Redwood Creek Mainstem","Mid-Channel Pool",1,".9",NA,"PacificWay"
"CO","YoY",0,14204,19,4741,265,"2020-07-27",2020,37.878983,-122.578175,"26","Redwood Creek","Redwood Creek Mainstem","Scour Pool",1,".9",480,"PacificWay"
"SH","YoY",1,14204,19,4741,265,"2020-07-27",2020,37.878983,-122.578175,"26","Redwood Creek","Redwood Creek Mainstem","Scour Pool",1,".9",480,"PacificWay"
"SH","1+",12,14204,19,4741,265,"2020-07-27",2020,37.878983,-122.578175,"26","Redwood Creek","Redwood Creek Mainstem","Scour Pool",1,".9",480,"PacificWay"
"CO","YoY",0,14205,20,4742,272,"2020-07-27",2020,37.879457,-122.577714,"27","Redwood Creek","Redwood Creek Mainstem","Mid-Channel Pool",1,".9",720,"PacificWay"
"SH","YoY",1,14205,20,4742,272,"2020-07-27",2020,37.879457,-122.577714,"27","Redwood Creek","Redwood Creek Mainstem","Mid-Channel Pool",1,".9",720,"PacificWay"
"SH","1+",12,14205,20,4742,272,"2020-07-27",2020,37.879457,-122.577714,"27","Redwood Creek","Redwood Creek Mainstem","Mid-Channel Pool",1,".9",720,"PacificWay"
"CO","YoY",0,14206,20,4743,276,"2020-07-27",2020,37.879457,-122.577714,"27","Redwood Creek","Redwood Creek Mainstem","Flatwater",1,".9",180,"PacificWay"
"SH","1+",0,14206,20,4743,276,"2020-07-27",2020,37.879457,-122.577714,"27","Redwood Creek","Redwood Creek Mainstem","Flatwater",1,".9",180,"PacificWay"
"SH","YoY",1,14206,20,4743,276,"2020-07-27",2020,37.879457,-122.577714,"27","Redwood Creek","Redwood Creek Mainstem","Flatwater",1,".9",180,"PacificWay"
"CO","YoY",1,14207,21,4744,284,"2020-07-27",2020,37.880083,-122.577204,"28","Redwood Creek","Redwood Creek Mainstem","Mid-Channel Pool",1,".9",240,"PacificWay"
"SH","YoY",1,14207,21,4744,284,"2020-07-27",2020,37.880083,-122.577204,"28","Redwood Creek","Redwood Creek Mainstem","Mid-Channel Pool",1,".9",240,"PacificWay"
"SH","1+",8,14207,21,4744,284,"2020-07-27",2020,37.880083,-122.577204,"28","Redwood Creek","Redwood Creek Mainstem","Mid-Channel Pool",1,".9",240,"PacificWay"
"CO","YoY",0,14208,21,4745,292,"2020-07-27",2020,37.880083,-122.577204,"28","Redwood Creek","Redwood Creek Mainstem","Mid-Channel Pool",1,"1",300,"PacificWay"
"SH","YoY",1,14208,21,4745,292,"2020-07-27",2020,37.880083,-122.577204,"28","Redwood Creek","Redwood Creek Mainstem","Mid-Channel Pool",1,"1",300,"PacificWay"
"SH","1+",4,14208,21,4745,292,"2020-07-27",2020,37.880083,-122.577204,"28","Redwood Creek","Redwood Creek Mainstem","Mid-Channel Pool",1,"1",300,"PacificWay"
"CO","YoY",0,14209,22,4746,305,"2020-07-27",2020,37.880695,-122.57684,"29","Redwood Creek","Redwood Creek Mainstem","Mid-Channel Pool",1,".9",180,"PacificWay"
"SH","YoY",1,14209,22,4746,305,"2020-07-27",2020,37.880695,-122.57684,"29","Redwood Creek","Redwood Creek Mainstem","Mid-Channel Pool",1,".9",180,"PacificWay"
"SH","1+",5,14209,22,4746,305,"2020-07-27",2020,37.880695,-122.57684,"29","Redwood Creek","Redwood Creek Mainstem","Mid-Channel Pool",1,".9",180,"PacificWay"
"CO","YoY",0,14210,24,4747,314,"2020-07-27",2020,37.881138,-122.576186,"30","Redwood Creek","Redwood Creek Mainstem","Mid-Channel Pool",1,".9",360,"KentCreekTrail"
"SH","YoY",1,14210,24,4747,314,"2020-07-27",2020,37.881138,-122.576186,"30","Redwood Creek","Redwood Creek Mainstem","Mid-Channel Pool",1,".9",360,"KentCreekTrail"
"SH","1+",4,14210,24,4747,314,"2020-07-27",2020,37.881138,-122.576186,"30","Redwood Creek","Redwood Creek Mainstem","Mid-Channel Pool",1,".9",360,"KentCreekTrail"
"SH","1+",2,14211,25,4748,322,"2020-07-27",2020,37.881622,-122.575398,"31","Redwood Creek","Redwood Creek Mainstem","Mid-Channel Pool",1,"1",300,"KentCreekTrail"
"CO","YoY",0,14211,25,4748,322,"2020-07-27",2020,37.881622,-122.575398,"31","Redwood Creek","Redwood Creek Mainstem","Mid-Channel Pool",1,"1",300,"KentCreekTrail"
"SH","YoY",1,14211,25,4748,322,"2020-07-27",2020,37.881622,-122.575398,"31","Redwood Creek","Redwood Creek Mainstem","Mid-Channel Pool",1,"1",300,"KentCreekTrail"
"SH","1+",8,14212,26,4749,340,"2020-07-28",2020,37.88215,-122.574451,"32","Redwood Creek","Redwood Creek Mainstem","Scour Pool",1,".9",240,"KentCreekTrail"
"SH","YoY",1,14212,26,4749,340,"2020-07-28",2020,37.88215,-122.574451,"32","Redwood Creek","Redwood Creek Mainstem","Scour Pool",1,".9",240,"KentCreekTrail"
"CO","YoY",0,14212,26,4749,340,"2020-07-28",2020,37.88215,-122.574451,"32","Redwood Creek","Redwood Creek Mainstem","Scour Pool",1,".9",240,"KentCreekTrail"
"CO","YoY",0,14213,27,4750,352,"2020-07-28",2020,37.882868,-122.574335,"33","Redwood Creek","Redwood Creek Mainstem","Scour Pool",1,".9",300,"KentCreekTrail"
"SH","YoY",1,14213,27,4750,352,"2020-07-28",2020,37.882868,-122.574335,"33","Redwood Creek","Redwood Creek Mainstem","Scour Pool",1,".9",300,"KentCreekTrail"
"SH","1+",2,14213,27,4750,352,"2020-07-28",2020,37.882868,-122.574335,"33","Redwood Creek","Redwood Creek Mainstem","Scour Pool",1,".9",300,"KentCreekTrail"
"SH","1+",6,14214,28,4751,359,"2020-07-28",2020,37.883045,-122.573115,"34","Redwood Creek","Redwood Creek Mainstem","Scour Pool",1,".9",300,"KentCreekTrail"
"CO","YoY",0,14214,28,4751,359,"2020-07-28",2020,37.883045,-122.573115,"34","Redwood Creek","Redwood Creek Mainstem","Scour Pool",1,".9",300,"KentCreekTrail"
"SH","YoY",1,14214,28,4751,359,"2020-07-28",2020,37.883045,-122.573115,"34","Redwood Creek","Redwood Creek Mainstem","Scour Pool",1,".9",300,"KentCreekTrail"
"SH","1+",0,14215,28,4752,360,"2020-07-28",2020,37.883045,-122.573115,"34","Redwood Creek","Redwood Creek Mainstem","Flatwater",1,".9",360,"KentCreekTrail"
"CO","YoY",0,14215,28,4752,360,"2020-07-28",2020,37.883045,-122.573115,"34","Redwood Creek","Redwood Creek Mainstem","Flatwater",1,".9",360,"KentCreekTrail"
"SH","YoY",1,14215,28,4752,360,"2020-07-28",2020,37.883045,-122.573115,"34","Redwood Creek","Redwood Creek Mainstem","Flatwater",1,".9",360,"KentCreekTrail"
"CO","YoY",0,14216,29,4753,370,"2020-07-28",2020,37.883427,-122.572546,"35","Redwood Creek","Redwood Creek Mainstem","Mid-Channel Pool",1,"1",240,"KentCreekTrail"
"SH","YoY",1,14216,29,4753,370,"2020-07-28",2020,37.883427,-122.572546,"35","Redwood Creek","Redwood Creek Mainstem","Mid-Channel Pool",1,"1",240,"KentCreekTrail"
"SH","1+",1,14216,29,4753,370,"2020-07-28",2020,37.883427,-122.572546,"35","Redwood Creek","Redwood Creek Mainstem","Mid-Channel Pool",1,"1",240,"KentCreekTrail"
"SH","YoY",1,14217,30,4754,376,"2020-07-28",2020,37.883978,-122.571768,"36","Redwood Creek","Redwood Creek Mainstem","Mid-Channel Pool",1,"1",180,"KentCreekTrail"
"SH","1+",5,14217,30,4754,376,"2020-07-28",2020,37.883978,-122.571768,"36","Redwood Creek","Redwood Creek Mainstem","Mid-Channel Pool",1,"1",180,"KentCreekTrail"
"CO","YoY",0,14217,30,4754,376,"2020-07-28",2020,37.883978,-122.571768,"36","Redwood Creek","Redwood Creek Mainstem","Mid-Channel Pool",1,"1",180,"KentCreekTrail"
"CO","YoY",0,14218,31,4755,385,"2020-07-28",2020,37.884512,-122.571257,"37","Redwood Creek","Redwood Creek Mainstem","Mid-Channel Pool",1,"1",120,"KentCreekTrail"
"SH","YoY",1,14218,31,4755,385,"2020-07-28",2020,37.884512,-122.571257,"37","Redwood Creek","Redwood Creek Mainstem","Mid-Channel Pool",1,"1",120,"KentCreekTrail"
"SH","1+",0,14218,31,4755,385,"2020-07-28",2020,37.884512,-122.571257,"37","Redwood Creek","Redwood Creek Mainstem","Mid-Channel Pool",1,"1",120,"KentCreekTrail"
"CO","YoY",0,14219,32,4756,397,"2020-07-28",2020,37.884695,-122.570482,"38","Redwood Creek","Redwood Creek Mainstem","Scour Pool",1,"1",540,"KentCreekTrail"
"SH","YoY",1,14219,32,4756,397,"2020-07-28",2020,37.884695,-122.570482,"38","Redwood Creek","Redwood Creek Mainstem","Scour Pool",1,"1",540,"KentCreekTrail"
"SH","1+",5,14219,32,4756,397,"2020-07-28",2020,37.884695,-122.570482,"38","Redwood Creek","Redwood Creek Mainstem","Scour Pool",1,"1",540,"KentCreekTrail"
"CO","YoY",0,14220,33,4757,403,"2020-07-28",2020,37.885065,-122.569617,"39","Redwood Creek","Redwood Creek Mainstem","Mid-Channel Pool",1,"1",360,"KentCreekTrail"
"SH","YoY",1,14220,33,4757,403,"2020-07-28",2020,37.885065,-122.569617,"39","Redwood Creek","Redwood Creek Mainstem","Mid-Channel Pool",1,"1",360,"KentCreekTrail"
"SH","1+",17,14220,33,4757,403,"2020-07-28",2020,37.885065,-122.569617,"39","Redwood Creek","Redwood Creek Mainstem","Mid-Channel Pool",1,"1",360,"KentCreekTrail"
"CO","YoY",0,14221,35,4758,415,"2020-07-28",2020,37.884713,-122.568948,"40","Redwood Creek","Redwood Creek Mainstem","Mid-Channel Pool",1,"1",180,"KentCreekTrail"
"SH","YoY",1,14221,35,4758,415,"2020-07-28",2020,37.884713,-122.568948,"40","Redwood Creek","Redwood Creek Mainstem","Mid-Channel Pool",1,"1",180,"KentCreekTrail"
"SH","1+",1,14221,35,4758,415,"2020-07-28",2020,37.884713,-122.568948,"40","Redwood Creek","Redwood Creek Mainstem","Mid-Channel Pool",1,"1",180,"KentCreekTrail"
"CO","YoY",0,14222,35,4759,422,"2020-07-28",2020,37.884713,-122.568948,"40","Redwood Creek","Redwood Creek Mainstem","Scour Pool",1,"1",180,"KentCreekTrail"
"SH","YoY",1,14222,35,4759,422,"2020-07-28",2020,37.884713,-122.568948,"40","Redwood Creek","Redwood Creek Mainstem","Scour Pool",1,"1",180,"KentCreekTrail"
"SH","1+",2,14222,35,4759,422,"2020-07-28",2020,37.884713,-122.568948,"40","Redwood Creek","Redwood Creek Mainstem","Scour Pool",1,"1",180,"KentCreekTrail"
"CO","YoY",0,14223,35,4760,423,"2020-07-28",2020,37.884713,-122.568948,"40","Redwood Creek","Redwood Creek Mainstem","Flatwater",1,"1",120,"KentCreekTrail"
"SH","1+",0,14223,35,4760,423,"2020-07-28",2020,37.884713,-122.568948,"40","Redwood Creek","Redwood Creek Mainstem","Flatwater",1,"1",120,"KentCreekTrail"
"SH","YoY",1,14223,35,4760,423,"2020-07-28",2020,37.884713,-122.568948,"40","Redwood Creek","Redwood Creek Mainstem","Flatwater",1,"1",120,"KentCreekTrail"
"CO","YoY",0,14224,36,4761,431,"2020-07-28",2020,37.885311,-122.568115,"41","Redwood Creek","Redwood Creek Mainstem","Mid-Channel Pool",1,"1",180,"KentCreekTrail"
"SH","YoY",1,14224,36,4761,431,"2020-07-28",2020,37.885311,-122.568115,"41","Redwood Creek","Redwood Creek Mainstem","Mid-Channel Pool",1,"1",180,"KentCreekTrail"
"SH","1+",15,14224,36,4761,431,"2020-07-28",2020,37.885311,-122.568115,"41","Redwood Creek","Redwood Creek Mainstem","Mid-Channel Pool",1,"1",180,"KentCreekTrail"
"CO","YoY",0,14225,37,4762,443,"2020-07-28",2020,37.885949,-122.567633,"42","Redwood Creek","Redwood Creek Mainstem","Mid-Channel Pool",1,"1",420,"KentCreekTrail"
"SH","YoY",1,14225,37,4762,443,"2020-07-28",2020,37.885949,-122.567633,"42","Redwood Creek","Redwood Creek Mainstem","Mid-Channel Pool",1,"1",420,"KentCreekTrail"
"SH","1+",9,14225,37,4762,443,"2020-07-28",2020,37.885949,-122.567633,"42","Redwood Creek","Redwood Creek Mainstem","Mid-Channel Pool",1,"1",420,"KentCreekTrail"
"CO","YoY",0,14226,39,4763,455,"2020-07-28",2020,37.887009,-122.566678,"44","Redwood Creek","Redwood Creek Mainstem","Scour Pool",1,"1",180,"KentCreekTrail"
"SH","YoY",1,14226,39,4763,455,"2020-07-28",2020,37.887009,-122.566678,"44","Redwood Creek","Redwood Creek Mainstem","Scour Pool",1,"1",180,"KentCreekTrail"
"SH","1+",0,14226,39,4763,455,"2020-07-28",2020,37.887009,-122.566678,"44","Redwood Creek","Redwood Creek Mainstem","Scour Pool",1,"1",180,"KentCreekTrail"
"CO","YoY",0,14227,39,4764,468,"2020-07-28",2020,37.887009,-122.566678,"44","Redwood Creek","Redwood Creek Mainstem","Scour Pool",1,"1",300,"KentCreekTrail"
"SH","YoY",1,14227,39,4764,468,"2020-07-28",2020,37.887009,-122.566678,"44","Redwood Creek","Redwood Creek Mainstem","Scour Pool",1,"1",300,"KentCreekTrail"
"SH","1+",3,14227,39,4764,468,"2020-07-28",2020,37.887009,-122.566678,"44","Redwood Creek","Redwood Creek Mainstem","Scour Pool",1,"1",300,"KentCreekTrail"
"CO","YoY",0,14228,41,4765,482,"2020-07-28",2020,37.888516,-122.567389,"46","Redwood Creek","Redwood Creek Mainstem","Mid-Channel Pool",1,"1",300,"KentCreekTrail"
"SH","YoY",1,14228,41,4765,482,"2020-07-28",2020,37.888516,-122.567389,"46","Redwood Creek","Redwood Creek Mainstem","Mid-Channel Pool",1,"1",300,"KentCreekTrail"
"SH","1+",1,14228,41,4765,482,"2020-07-28",2020,37.888516,-122.567389,"46","Redwood Creek","Redwood Creek Mainstem","Mid-Channel Pool",1,"1",300,"KentCreekTrail"
"CO","YoY",0,14229,17,4766,240,"2020-07-29",2020,37.877861,-122.579412,"24","Redwood Creek","Redwood Creek Mainstem","Mid-Channel Pool",2,"1",120,"PacificWay"
"SH","YoY",1,14229,17,4766,240,"2020-07-29",2020,37.877861,-122.579412,"24","Redwood Creek","Redwood Creek Mainstem","Mid-Channel Pool",2,"1",120,"PacificWay"
"SH","1+",4,14229,17,4766,240,"2020-07-29",2020,37.877861,-122.579412,"24","Redwood Creek","Redwood Creek Mainstem","Mid-Channel Pool",2,"1",120,"PacificWay"
"CO","YoY",0,14229,17,4766,240,"2020-07-29",2020,37.877861,-122.579412,"24","Redwood Creek","Redwood Creek Mainstem","Mid-Channel Pool",3,".9",180,"PacificWay"
"SH","YoY",1,14229,17,4766,240,"2020-07-29",2020,37.877861,-122.579412,"24","Redwood Creek","Redwood Creek Mainstem","Mid-Channel Pool",3,".9",180,"PacificWay"
"SH","1+",3,14229,17,4766,240,"2020-07-29",2020,37.877861,-122.579412,"24","Redwood Creek","Redwood Creek Mainstem","Mid-Channel Pool",3,".9",180,"PacificWay"
"CO","YoY",0,14229,17,4766,240,"2020-07-29",2020,37.877861,-122.579412,"24","Redwood Creek","Redwood Creek Mainstem","Mid-Channel Pool",4,".9",120,"PacificWay"
"SH","YoY",1,14229,17,4766,240,"2020-07-29",2020,37.877861,-122.579412,"24","Redwood Creek","Redwood Creek Mainstem","Mid-Channel Pool",4,".9",120,"PacificWay"
"SH","1+",4,14229,17,4766,240,"2020-07-29",2020,37.877861,-122.579412,"24","Redwood Creek","Redwood Creek Mainstem","Mid-Channel Pool",4,".9",120,"PacificWay"
"SH","1+",3,14230,22,4767,305,"2020-07-29",2020,37.880695,-122.57684,"29","Redwood Creek","Redwood Creek Mainstem","Mid-Channel Pool",3,".8",120,"PacificWay"
"SH","YoY",1,14230,22,4767,305,"2020-07-29",2020,37.880695,-122.57684,"29","Redwood Creek","Redwood Creek Mainstem","Mid-Channel Pool",4,".8",120,"PacificWay"
"SH","1+",3,14230,22,4767,305,"2020-07-29",2020,37.880695,-122.57684,"29","Redwood Creek","Redwood Creek Mainstem","Mid-Channel Pool",4,".8",120,"PacificWay"
"CO","YoY",0,14230,22,4767,305,"2020-07-29",2020,37.880695,-122.57684,"29","Redwood Creek","Redwood Creek Mainstem","Mid-Channel Pool",4,".8",120,"PacificWay"
"CO","YoY",0,14230,22,4767,305,"2020-07-29",2020,37.880695,-122.57684,"29","Redwood Creek","Redwood Creek Mainstem","Mid-Channel Pool",3,".8",120,"PacificWay"
"SH","1+",4,14230,22,4767,305,"2020-07-29",2020,37.880695,-122.57684,"29","Redwood Creek","Redwood Creek Mainstem","Mid-Channel Pool",2,"1",120,"PacificWay"
"SH","YoY",1,14230,22,4767,305,"2020-07-29",2020,37.880695,-122.57684,"29","Redwood Creek","Redwood Creek Mainstem","Mid-Channel Pool",2,"1",120,"PacificWay"
"CO","YoY",0,14230,22,4767,305,"2020-07-29",2020,37.880695,-122.57684,"29","Redwood Creek","Redwood Creek Mainstem","Mid-Channel Pool",2,"1",120,"PacificWay"
"SH","YoY",1,14230,22,4767,305,"2020-07-29",2020,37.880695,-122.57684,"29","Redwood Creek","Redwood Creek Mainstem","Mid-Channel Pool",3,".8",120,"PacificWay"
"CO","YoY",0,14231,25,4768,322,"2020-07-29",2020,37.881622,-122.575398,"31","Redwood Creek","Redwood Creek Mainstem","Mid-Channel Pool",3,".9",180,"KentCreekTrail"
"CO","YoY",0,14231,25,4768,322,"2020-07-29",2020,37.881622,-122.575398,"31","Redwood Creek","Redwood Creek Mainstem","Mid-Channel Pool",2,"1",180,"KentCreekTrail"
"SH","1+",4,14231,25,4768,322,"2020-07-29",2020,37.881622,-122.575398,"31","Redwood Creek","Redwood Creek Mainstem","Mid-Channel Pool",4,".8",180,"KentCreekTrail"
"SH","YoY",1,14231,25,4768,322,"2020-07-29",2020,37.881622,-122.575398,"31","Redwood Creek","Redwood Creek Mainstem","Mid-Channel Pool",4,".8",180,"KentCreekTrail"
"CO","YoY",0,14231,25,4768,322,"2020-07-29",2020,37.881622,-122.575398,"31","Redwood Creek","Redwood Creek Mainstem","Mid-Channel Pool",4,".8",180,"KentCreekTrail"
"SH","YoY",1,14231,25,4768,322,"2020-07-29",2020,37.881622,-122.575398,"31","Redwood Creek","Redwood Creek Mainstem","Mid-Channel Pool",3,".9",180,"KentCreekTrail"
"SH","1+",3,14231,25,4768,322,"2020-07-29",2020,37.881622,-122.575398,"31","Redwood Creek","Redwood Creek Mainstem","Mid-Channel Pool",2,"1",180,"KentCreekTrail"
"SH","YoY",1,14231,25,4768,322,"2020-07-29",2020,37.881622,-122.575398,"31","Redwood Creek","Redwood Creek Mainstem","Mid-Channel Pool",2,"1",180,"KentCreekTrail"
"SH","1+",5,14231,25,4768,322,"2020-07-29",2020,37.881622,-122.575398,"31","Redwood Creek","Redwood Creek Mainstem","Mid-Channel Pool",3,".9",180,"KentCreekTrail"
"SH","YoY",1,14232,31,4769,385,"2020-07-29",2020,37.884512,-122.571257,"37","Redwood Creek","Redwood Creek Mainstem","Mid-Channel Pool",3,".9",120,"KentCreekTrail"
"SH","YoY",1,14232,31,4769,385,"2020-07-29",2020,37.884512,-122.571257,"37","Redwood Creek","Redwood Creek Mainstem","Mid-Channel Pool",4,".9",60,"KentCreekTrail"
"SH","1+",0,14232,31,4769,385,"2020-07-29",2020,37.884512,-122.571257,"37","Redwood Creek","Redwood Creek Mainstem","Mid-Channel Pool",4,".9",60,"KentCreekTrail"
"SH","1+",0,14232,31,4769,385,"2020-07-29",2020,37.884512,-122.571257,"37","Redwood Creek","Redwood Creek Mainstem","Mid-Channel Pool",3,".9",120,"KentCreekTrail"
"SH","1+",0,14232,31,4769,385,"2020-07-29",2020,37.884512,-122.571257,"37","Redwood Creek","Redwood Creek Mainstem","Mid-Channel Pool",2,"1",60,"KentCreekTrail"
"SH","YoY",1,14232,31,4769,385,"2020-07-29",2020,37.884512,-122.571257,"37","Redwood Creek","Redwood Creek Mainstem","Mid-Channel Pool",2,"1",60,"KentCreekTrail"
"CO","YoY",0,14232,31,4769,385,"2020-07-29",2020,37.884512,-122.571257,"37","Redwood Creek","Redwood Creek Mainstem","Mid-Channel Pool",2,"1",60,"KentCreekTrail"
"CO","YoY",0,14232,31,4769,385,"2020-07-29",2020,37.884512,-122.571257,"37","Redwood Creek","Redwood Creek Mainstem","Mid-Channel Pool",4,".9",60,"KentCreekTrail"
"CO","YoY",0,14232,31,4769,385,"2020-07-29",2020,37.884512,-122.571257,"37","Redwood Creek","Redwood Creek Mainstem","Mid-Channel Pool",3,".9",120,"KentCreekTrail"
"SH","YoY",1,14233,36,4770,431,"2020-07-29",2020,37.885311,-122.568115,"41","Redwood Creek","Redwood Creek Mainstem","Mid-Channel Pool",3,".8",300,"KentCreekTrail"
"SH","1+",15,14233,36,4770,431,"2020-07-29",2020,37.885311,-122.568115,"41","Redwood Creek","Redwood Creek Mainstem","Mid-Channel Pool",4,".8",240,"KentCreekTrail"
"SH","YoY",1,14233,36,4770,431,"2020-07-29",2020,37.885311,-122.568115,"41","Redwood Creek","Redwood Creek Mainstem","Mid-Channel Pool",4,".8",240,"KentCreekTrail"
"SH","1+",14,14233,36,4770,431,"2020-07-29",2020,37.885311,-122.568115,"41","Redwood Creek","Redwood Creek Mainstem","Mid-Channel Pool",3,".8",300,"KentCreekTrail"
"CO","YoY",0,14233,36,4770,431,"2020-07-29",2020,37.885311,-122.568115,"41","Redwood Creek","Redwood Creek Mainstem","Mid-Channel Pool",3,".8",300,"KentCreekTrail"
"SH","1+",17,14233,36,4770,431,"2020-07-29",2020,37.885311,-122.568115,"41","Redwood Creek","Redwood Creek Mainstem","Mid-Channel Pool",2,"1",180,"KentCreekTrail"
"SH","YoY",1,14233,36,4770,431,"2020-07-29",2020,37.885311,-122.568115,"41","Redwood Creek","Redwood Creek Mainstem","Mid-Channel Pool",2,"1",180,"KentCreekTrail"
"CO","YoY",0,14233,36,4770,431,"2020-07-29",2020,37.885311,-122.568115,"41","Redwood Creek","Redwood Creek Mainstem","Mid-Channel Pool",2,"1",180,"KentCreekTrail"
"CO","YoY",0,14233,36,4770,431,"2020-07-29",2020,37.885311,-122.568115,"41","Redwood Creek","Redwood Creek Mainstem","Mid-Channel Pool",4,".8",240,"KentCreekTrail"
"CO","YoY",1,14234,21,4771,284,"2020-07-29",2020,37.880083,-122.577204,"28","Redwood Creek","Redwood Creek Mainstem","Mid-Channel Pool",2,"1",NA,"PacificWay"
"SH","YoY",1,14234,21,4771,284,"2020-07-29",2020,37.880083,-122.577204,"28","Redwood Creek","Redwood Creek Mainstem","Mid-Channel Pool",2,"1",NA,"PacificWay"
"SH","1+",1,14234,21,4771,284,"2020-07-29",2020,37.880083,-122.577204,"28","Redwood Creek","Redwood Creek Mainstem","Mid-Channel Pool",2,"1",NA,"PacificWay"
"CO","YoY",0,14235,42,4772,491,"2020-08-03",2020,37.889411,-122.567447,"47","Redwood Creek","Redwood Creek Mainstem","Scour Pool",1,"1",180,"KentCreekTrail"
"SH","YoY",1,14235,42,4772,491,"2020-08-03",2020,37.889411,-122.567447,"47","Redwood Creek","Redwood Creek Mainstem","Scour Pool",1,"1",180,"KentCreekTrail"
"SH","1+",13,14235,42,4772,491,"2020-08-03",2020,37.889411,-122.567447,"47","Redwood Creek","Redwood Creek Mainstem","Scour Pool",1,"1",180,"KentCreekTrail"
"CO","YoY",0,14236,42,4773,502,"2020-08-03",2020,37.889411,-122.567447,"47","Redwood Creek","Redwood Creek Mainstem","Flatwater",1,"1",120,"KentCreekTrail"
"SH","1+",0,14236,42,4773,502,"2020-08-03",2020,37.889411,-122.567447,"47","Redwood Creek","Redwood Creek Mainstem","Flatwater",1,"1",120,"KentCreekTrail"
"SH","YoY",1,14236,42,4773,502,"2020-08-03",2020,37.889411,-122.567447,"47","Redwood Creek","Redwood Creek Mainstem","Flatwater",1,"1",120,"KentCreekTrail"
"CO","YoY",0,14237,43,4774,509,"2020-08-03",2020,37.89,-122.567983,"48","Redwood Creek","Redwood Creek Mainstem","Mid-Channel Pool",1,"1",120,"KentCreekTrail"
"SH","YoY",1,14237,43,4774,509,"2020-08-03",2020,37.89,-122.567983,"48","Redwood Creek","Redwood Creek Mainstem","Mid-Channel Pool",1,"1",120,"KentCreekTrail"
"SH","1+",1,14237,43,4774,509,"2020-08-03",2020,37.89,-122.567983,"48","Redwood Creek","Redwood Creek Mainstem","Mid-Channel Pool",1,"1",120,"KentCreekTrail"
"CO","YoY",0,14238,43,4775,515,"2020-08-03",2020,37.89,-122.567983,"48","Redwood Creek","Redwood Creek Mainstem","Scour Pool",1,"1",300,"KentCreekTrail"
"SH","YoY",1,14238,43,4775,515,"2020-08-03",2020,37.89,-122.567983,"48","Redwood Creek","Redwood Creek Mainstem","Scour Pool",1,"1",300,"KentCreekTrail"
"SH","1+",14,14238,43,4775,515,"2020-08-03",2020,37.89,-122.567983,"48","Redwood Creek","Redwood Creek Mainstem","Scour Pool",1,"1",300,"KentCreekTrail"
"CO","YoY",0,14239,44,4776,537,"2020-08-03",2020,37.890641,-122.568603,"49","Redwood Creek","Redwood Creek Mainstem","Mid-Channel Pool",1,"1",180,"KentCreekTrail"
"SH","YoY",1,14239,44,4776,537,"2020-08-03",2020,37.890641,-122.568603,"49","Redwood Creek","Redwood Creek Mainstem","Mid-Channel Pool",1,"1",180,"KentCreekTrail"
"SH","1+",10,14239,44,4776,537,"2020-08-03",2020,37.890641,-122.568603,"49","Redwood Creek","Redwood Creek Mainstem","Mid-Channel Pool",1,"1",180,"KentCreekTrail"
"CO","YoY",0,14240,46,4777,546,"2020-08-03",2020,37.890993,-122.569527,"50","Redwood Creek","Redwood Creek Mainstem","Scour Pool",1,"1",120,"Dipsea"
"SH","YoY",1,14240,46,4777,546,"2020-08-03",2020,37.890993,-122.569527,"50","Redwood Creek","Redwood Creek Mainstem","Scour Pool",1,"1",120,"Dipsea"
"SH","1+",4,14240,46,4777,546,"2020-08-03",2020,37.890993,-122.569527,"50","Redwood Creek","Redwood Creek Mainstem","Scour Pool",1,"1",120,"Dipsea"
"SH","1+",8,14241,47,4778,560,"2020-08-03",2020,37.891506,-122.570365,"51","Redwood Creek","Redwood Creek Mainstem","Mid-Channel Pool",1,"1",360,"Dipsea"
"CO","YoY",0,14241,47,4778,560,"2020-08-03",2020,37.891506,-122.570365,"51","Redwood Creek","Redwood Creek Mainstem","Mid-Channel Pool",1,"1",360,"Dipsea"
"SH","YoY",1,14241,47,4778,560,"2020-08-03",2020,37.891506,-122.570365,"51","Redwood Creek","Redwood Creek Mainstem","Mid-Channel Pool",1,"1",360,"Dipsea"
"SH","1+",0,14242,48,4779,564,"2020-08-03",2020,37.891777,-122.571389,"52","Redwood Creek","Redwood Creek Mainstem","Flatwater",1,"1",120,"Dipsea"
"CO","YoY",1,14242,48,4779,564,"2020-08-03",2020,37.891777,-122.571389,"52","Redwood Creek","Redwood Creek Mainstem","Flatwater",1,"1",120,"Dipsea"
"SH","YoY",1,14242,48,4779,564,"2020-08-03",2020,37.891777,-122.571389,"52","Redwood Creek","Redwood Creek Mainstem","Flatwater",1,"1",120,"Dipsea"
"CO","YoY",5,14243,48,4780,570,"2020-08-03",2020,37.891777,-122.571389,"52","Redwood Creek","Redwood Creek Mainstem","Scour Pool",1,"1",180,"Dipsea"
"SH","YoY",1,14243,48,4780,570,"2020-08-03",2020,37.891777,-122.571389,"52","Redwood Creek","Redwood Creek Mainstem","Scour Pool",1,"1",180,"Dipsea"
"SH","1+",1,14243,48,4780,570,"2020-08-03",2020,37.891777,-122.571389,"52","Redwood Creek","Redwood Creek Mainstem","Scour Pool",1,"1",180,"Dipsea"
"SH","1+",1,14244,50,4781,590,"2020-08-03",2020,37.892846,-122.573028,"54","Redwood Creek","Redwood Creek Mainstem","Flatwater",1,"1",360,"Dipsea"
"CO","YoY",0,14244,50,4781,590,"2020-08-03",2020,37.892846,-122.573028,"54","Redwood Creek","Redwood Creek Mainstem","Flatwater",1,"1",360,"Dipsea"
"SH","YoY",1,14244,50,4781,590,"2020-08-03",2020,37.892846,-122.573028,"54","Redwood Creek","Redwood Creek Mainstem","Flatwater",1,"1",360,"Dipsea"
"SH","1+",1,14245,50,4782,593,"2020-08-03",2020,37.892846,-122.573028,"54","Redwood Creek","Redwood Creek Mainstem","Mid-Channel Pool",1,"1",480,"Dipsea"
"CO","YoY",12,14245,50,4782,593,"2020-08-03",2020,37.892846,-122.573028,"54","Redwood Creek","Redwood Creek Mainstem","Mid-Channel Pool",1,"1",480,"Dipsea"
"SH","YoY",1,14245,50,4782,593,"2020-08-03",2020,37.892846,-122.573028,"54","Redwood Creek","Redwood Creek Mainstem","Mid-Channel Pool",1,"1",480,"Dipsea"
"CO","YoY",1,14246,52,4783,604,"2020-08-03",2020,37.893881,-122.574634,"56","Redwood Creek","Redwood Creek Mainstem","Mid-Channel Pool",1,"1",120,"Dipsea"
"SH","YoY",1,14246,52,4783,604,"2020-08-03",2020,37.893881,-122.574634,"56","Redwood Creek","Redwood Creek Mainstem","Mid-Channel Pool",1,"1",120,"Dipsea"
"SH","1+",0,14246,52,4783,604,"2020-08-03",2020,37.893881,-122.574634,"56","Redwood Creek","Redwood Creek Mainstem","Mid-Channel Pool",1,"1",120,"Dipsea"
"SH","YoY",1,14247,54,4784,627,"2020-08-03",2020,37.895254,-122.575108,"58","Redwood Creek","Redwood Creek Mainstem","Mid-Channel Pool",1,"1",180,"Dipsea"
"SH","1+",4,14247,54,4784,627,"2020-08-03",2020,37.895254,-122.575108,"58","Redwood Creek","Redwood Creek Mainstem","Mid-Channel Pool",1,"1",180,"Dipsea"
"CO","YoY",3,14247,54,4784,627,"2020-08-03",2020,37.895254,-122.575108,"58","Redwood Creek","Redwood Creek Mainstem","Mid-Channel Pool",1,"1",180,"Dipsea"
"CO","YoY",0,14248,54,4785,629,"2020-08-03",2020,37.895254,-122.575108,"58","Redwood Creek","Redwood Creek Mainstem","Flatwater",1,"1",60,"Dipsea"
"SH","YoY",1,14248,54,4785,629,"2020-08-03",2020,37.895254,-122.575108,"58","Redwood Creek","Redwood Creek Mainstem","Flatwater",1,"1",60,"Dipsea"
"SH","1+",1,14248,54,4785,629,"2020-08-03",2020,37.895254,-122.575108,"58","Redwood Creek","Redwood Creek Mainstem","Flatwater",1,"1",60,"Dipsea"
"CO","YoY",1,14249,57,4786,645,"2020-08-04",2020,37.896938,-122.575001,"60","Redwood Creek","Redwood Creek Mainstem","Scour Pool",1,"1",420,"Dipsea"
"SH","YoY",1,14249,57,4786,645,"2020-08-04",2020,37.896938,-122.575001,"60","Redwood Creek","Redwood Creek Mainstem","Scour Pool",1,"1",420,"Dipsea"
"SH","1+",8,14249,57,4786,645,"2020-08-04",2020,37.896938,-122.575001,"60","Redwood Creek","Redwood Creek Mainstem","Scour Pool",1,"1",420,"Dipsea"
"CO","YoY",0,14250,58,4787,663,"2020-08-04",2020,37.897776,-122.57541,"61","Redwood Creek","Redwood Creek Mainstem","Flatwater",1,"1",300,"Dipsea"
"SH","YoY",1,14250,58,4787,663,"2020-08-04",2020,37.897776,-122.57541,"61","Redwood Creek","Redwood Creek Mainstem","Flatwater",1,"1",300,"Dipsea"
"SH","1+",0,14250,58,4787,663,"2020-08-04",2020,37.897776,-122.57541,"61","Redwood Creek","Redwood Creek Mainstem","Flatwater",1,"1",300,"Dipsea"
"CO","YoY",1,14251,59,4788,669,"2020-08-04",2020,37.898441,-122.576095,"62","Redwood Creek","Redwood Creek Mainstem","Scour Pool",1,"1",300,"Dipsea"
"SH","YoY",1,14251,59,4788,669,"2020-08-04",2020,37.898441,-122.576095,"62","Redwood Creek","Redwood Creek Mainstem","Scour Pool",1,"1",300,"Dipsea"
"SH","1+",4,14251,59,4788,669,"2020-08-04",2020,37.898441,-122.576095,"62","Redwood Creek","Redwood Creek Mainstem","Scour Pool",1,"1",300,"Dipsea"
"CO","YoY",0,14252,61,4789,685,"2020-08-04",2020,37.899801,-122.577489,"64","Redwood Creek","Redwood Creek Mainstem","Flatwater",1,"1",120,"Dipsea"
"SH","YoY",0,14252,61,4789,685,"2020-08-04",2020,37.899801,-122.577489,"64","Redwood Creek","Redwood Creek Mainstem","Flatwater",1,"1",120,"Dipsea"
"SH","1+",0,14252,61,4789,685,"2020-08-04",2020,37.899801,-122.577489,"64","Redwood Creek","Redwood Creek Mainstem","Flatwater",1,"1",120,"Dipsea"
"CO","YoY",0,14253,61,4790,686,"2020-08-04",2020,37.899801,-122.577489,"64","Redwood Creek","Redwood Creek Mainstem","Scour Pool",1,"1",120,"Dipsea"
"SH","1+",0,14253,61,4790,686,"2020-08-04",2020,37.899801,-122.577489,"64","Redwood Creek","Redwood Creek Mainstem","Scour Pool",1,"1",120,"Dipsea"
"SH","YoY",1,14253,61,4790,686,"2020-08-04",2020,37.899801,-122.577489,"64","Redwood Creek","Redwood Creek Mainstem","Scour Pool",1,"1",120,"Dipsea"
"CO","YoY",0,14254,62,4791,700,"2020-08-04",2020,37.900299,-122.57827,"65","Redwood Creek","Redwood Creek Mainstem","Scour Pool",1,"1",360,"Dipsea"
"SH","YoY",1,14254,62,4791,700,"2020-08-04",2020,37.900299,-122.57827,"65","Redwood Creek","Redwood Creek Mainstem","Scour Pool",1,"1",360,"Dipsea"
"SH","1+",0,14254,62,4791,700,"2020-08-04",2020,37.900299,-122.57827,"65","Redwood Creek","Redwood Creek Mainstem","Scour Pool",1,"1",360,"Dipsea"
"CO","YoY",0,14255,63,4792,713,"2020-08-04",2020,37.900941,-122.579293,"66","Redwood Creek","Redwood Creek Mainstem","Mid-Channel Pool",1,"1",120,"Dipsea"
"SH","YoY",6,14255,63,4792,713,"2020-08-04",2020,37.900941,-122.579293,"66","Redwood Creek","Redwood Creek Mainstem","Mid-Channel Pool",1,"1",120,"Dipsea"
"SH","1+",0,14255,63,4792,713,"2020-08-04",2020,37.900941,-122.579293,"66","Redwood Creek","Redwood Creek Mainstem","Mid-Channel Pool",1,"1",120,"Dipsea"
"CO","YoY",0,14256,65,4793,733,"2020-08-04",2020,37.901088,-122.581296,"68","Redwood Creek","Redwood Creek Mainstem","Scour Pool",1,"1",180,"Dipsea"
"SH","YoY",1,14256,65,4793,733,"2020-08-04",2020,37.901088,-122.581296,"68","Redwood Creek","Redwood Creek Mainstem","Scour Pool",1,"1",180,"Dipsea"
"SH","1+",2,14256,65,4793,733,"2020-08-04",2020,37.901088,-122.581296,"68","Redwood Creek","Redwood Creek Mainstem","Scour Pool",1,"1",180,"Dipsea"
"CO","YoY",0,14257,65,4794,738,"2020-08-04",2020,37.901088,-122.581296,"68","Redwood Creek","Redwood Creek Mainstem","Flatwater",1,"1",60,"Dipsea"
"SH","YoY",1,14257,65,4794,738,"2020-08-04",2020,37.901088,-122.581296,"68","Redwood Creek","Redwood Creek Mainstem","Flatwater",1,"1",60,"Dipsea"
"SH","1+",0,14257,65,4794,738,"2020-08-04",2020,37.901088,-122.581296,"68","Redwood Creek","Redwood Creek Mainstem","Flatwater",1,"1",60,"Dipsea"
"CO","YoY",0,14258,66,4795,747,"2020-08-04",2020,37.901375,-122.581908,"69","Redwood Creek","Redwood Creek Mainstem","Scour Pool",1,"1",240,"Foot4"
"SH","YoY",1,14258,66,4795,747,"2020-08-04",2020,37.901375,-122.581908,"69","Redwood Creek","Redwood Creek Mainstem","Scour Pool",1,"1",240,"Foot4"
"SH","1+",2,14258,66,4795,747,"2020-08-04",2020,37.901375,-122.581908,"69","Redwood Creek","Redwood Creek Mainstem","Scour Pool",1,"1",240,"Foot4"
"CO","YoY",0,14259,69,4796,766,"2020-08-04",2020,37.902344,-122.583606,"71","Redwood Creek","Redwood Creek Mainstem","Flatwater",1,"1",120,"Foot4"
"SH","1+",0,14259,69,4796,766,"2020-08-04",2020,37.902344,-122.583606,"71","Redwood Creek","Redwood Creek Mainstem","Flatwater",1,"1",120,"Foot4"
"SH","YoY",1,14259,69,4796,766,"2020-08-04",2020,37.902344,-122.583606,"71","Redwood Creek","Redwood Creek Mainstem","Flatwater",1,"1",120,"Foot4"
"CO","YoY",0,14260,69,4797,773,"2020-08-04",2020,37.902344,-122.583606,"71","Redwood Creek","Redwood Creek Mainstem","Scour Pool",1,"1",240,"Foot4"
"SH","YoY",1,14260,69,4797,773,"2020-08-04",2020,37.902344,-122.583606,"71","Redwood Creek","Redwood Creek Mainstem","Scour Pool",1,"1",240,"Foot4"
"SH","1+",0,14260,69,4797,773,"2020-08-04",2020,37.902344,-122.583606,"71","Redwood Creek","Redwood Creek Mainstem","Scour Pool",1,"1",240,"Foot4"
"CO","YoY",0,14261,70,4798,788,"2020-08-04",2020,37.902869,-122.584561,"72","Redwood Creek","Redwood Creek Mainstem","Plunge Pool",1,"1",240,"Foot4"
"SH","YoY",1,14261,70,4798,788,"2020-08-04",2020,37.902869,-122.584561,"72","Redwood Creek","Redwood Creek Mainstem","Plunge Pool",1,"1",240,"Foot4"
"SH","1+",9,14261,70,4798,788,"2020-08-04",2020,37.902869,-122.584561,"72","Redwood Creek","Redwood Creek Mainstem","Plunge Pool",1,"1",240,"Foot4"
"CO","YoY",0,14270,39,4807,468,"2020-08-05",2020,37.887009,-122.566678,"44","Redwood Creek","Redwood Creek Mainstem","Scour Pool",4,".6",180,"KentCreekTrail"
"CO","YoY",0,14270,39,4807,468,"2020-08-05",2020,37.887009,-122.566678,"44","Redwood Creek","Redwood Creek Mainstem","Scour Pool",3,".6",300,"KentCreekTrail"
"SH","1+",1,14270,39,4807,468,"2020-08-05",2020,37.887009,-122.566678,"44","Redwood Creek","Redwood Creek Mainstem","Scour Pool",4,".6",180,"KentCreekTrail"
"SH","YoY",1,14270,39,4807,468,"2020-08-05",2020,37.887009,-122.566678,"44","Redwood Creek","Redwood Creek Mainstem","Scour Pool",4,".6",180,"KentCreekTrail"
"CO","YoY",0,14270,39,4807,468,"2020-08-05",2020,37.887009,-122.566678,"44","Redwood Creek","Redwood Creek Mainstem","Scour Pool",2,".9",240,"KentCreekTrail"
"SH","1+",0,14270,39,4807,468,"2020-08-05",2020,37.887009,-122.566678,"44","Redwood Creek","Redwood Creek Mainstem","Scour Pool",3,".6",300,"KentCreekTrail"
"SH","1+",1,14270,39,4807,468,"2020-08-05",2020,37.887009,-122.566678,"44","Redwood Creek","Redwood Creek Mainstem","Scour Pool",2,".9",240,"KentCreekTrail"
"SH","YoY",1,14270,39,4807,468,"2020-08-05",2020,37.887009,-122.566678,"44","Redwood Creek","Redwood Creek Mainstem","Scour Pool",2,".9",240,"KentCreekTrail"
"SH","YoY",1,14270,39,4807,468,"2020-08-05",2020,37.887009,-122.566678,"44","Redwood Creek","Redwood Creek Mainstem","Scour Pool",3,".6",300,"KentCreekTrail"
"CO","YoY",10,14271,50,4808,593,"2020-08-05",2020,37.892846,-122.573028,"54","Redwood Creek","Redwood Creek Mainstem","Mid-Channel Pool",3,".6",720,"Dipsea"
"SH","1+",1,14271,50,4808,593,"2020-08-05",2020,37.892846,-122.573028,"54","Redwood Creek","Redwood Creek Mainstem","Mid-Channel Pool",4,".6",480,"Dipsea"
"SH","YoY",1,14271,50,4808,593,"2020-08-05",2020,37.892846,-122.573028,"54","Redwood Creek","Redwood Creek Mainstem","Mid-Channel Pool",4,".6",480,"Dipsea"
"CO","YoY",11,14271,50,4808,593,"2020-08-05",2020,37.892846,-122.573028,"54","Redwood Creek","Redwood Creek Mainstem","Mid-Channel Pool",4,".6",480,"Dipsea"
"SH","YoY",1,14271,50,4808,593,"2020-08-05",2020,37.892846,-122.573028,"54","Redwood Creek","Redwood Creek Mainstem","Mid-Channel Pool",3,".6",720,"Dipsea"
"SH","1+",1,14271,50,4808,593,"2020-08-05",2020,37.892846,-122.573028,"54","Redwood Creek","Redwood Creek Mainstem","Mid-Channel Pool",2,"1",480,"Dipsea"
"SH","YoY",1,14271,50,4808,593,"2020-08-05",2020,37.892846,-122.573028,"54","Redwood Creek","Redwood Creek Mainstem","Mid-Channel Pool",2,"1",480,"Dipsea"
"CO","YoY",13,14271,50,4808,593,"2020-08-05",2020,37.892846,-122.573028,"54","Redwood Creek","Redwood Creek Mainstem","Mid-Channel Pool",2,"1",480,"Dipsea"
"SH","1+",1,14271,50,4808,593,"2020-08-05",2020,37.892846,-122.573028,"54","Redwood Creek","Redwood Creek Mainstem","Mid-Channel Pool",3,".6",720,"Dipsea"
"CO","YoY",1,14272,48,4809,564,"2020-08-05",2020,37.891777,-122.571389,"52","Redwood Creek","Redwood Creek Mainstem","Flatwater",3,".8",180,"Dipsea"
"SH","YoY",1,14272,48,4809,564,"2020-08-05",2020,37.891777,-122.571389,"52","Redwood Creek","Redwood Creek Mainstem","Flatwater",4,".8",120,"Dipsea"
"CO","YoY",1,14272,48,4809,564,"2020-08-05",2020,37.891777,-122.571389,"52","Redwood Creek","Redwood Creek Mainstem","Flatwater",4,".8",120,"Dipsea"
"SH","1+",0,14272,48,4809,564,"2020-08-05",2020,37.891777,-122.571389,"52","Redwood Creek","Redwood Creek Mainstem","Flatwater",4,".8",120,"Dipsea"
"SH","1+",0,14272,48,4809,564,"2020-08-05",2020,37.891777,-122.571389,"52","Redwood Creek","Redwood Creek Mainstem","Flatwater",2,"1",180,"Dipsea"
"SH","YoY",1,14272,48,4809,564,"2020-08-05",2020,37.891777,-122.571389,"52","Redwood Creek","Redwood Creek Mainstem","Flatwater",2,"1",180,"Dipsea"
"CO","YoY",1,14272,48,4809,564,"2020-08-05",2020,37.891777,-122.571389,"52","Redwood Creek","Redwood Creek Mainstem","Flatwater",2,"1",180,"Dipsea"
"SH","1+",0,14272,48,4809,564,"2020-08-05",2020,37.891777,-122.571389,"52","Redwood Creek","Redwood Creek Mainstem","Flatwater",3,".8",180,"Dipsea"
"SH","YoY",1,14272,48,4809,564,"2020-08-05",2020,37.891777,-122.571389,"52","Redwood Creek","Redwood Creek Mainstem","Flatwater",3,".8",180,"Dipsea"
"CO","YoY",1,14273,57,4810,645,"2020-08-05",2020,37.896938,-122.575001,"60","Redwood Creek","Redwood Creek Mainstem","Scour Pool",3,".9",360,"Dipsea"
"SH","1+",1,14273,57,4810,645,"2020-08-05",2020,37.896938,-122.575001,"60","Redwood Creek","Redwood Creek Mainstem","Scour Pool",4,".7",360,"Dipsea"
"SH","YoY",1,14273,57,4810,645,"2020-08-05",2020,37.896938,-122.575001,"60","Redwood Creek","Redwood Creek Mainstem","Scour Pool",4,".7",360,"Dipsea"
"CO","YoY",1,14273,57,4810,645,"2020-08-05",2020,37.896938,-122.575001,"60","Redwood Creek","Redwood Creek Mainstem","Scour Pool",4,".7",360,"Dipsea"
"SH","YoY",1,14273,57,4810,645,"2020-08-05",2020,37.896938,-122.575001,"60","Redwood Creek","Redwood Creek Mainstem","Scour Pool",3,".9",360,"Dipsea"
"SH","1+",1,14273,57,4810,645,"2020-08-05",2020,37.896938,-122.575001,"60","Redwood Creek","Redwood Creek Mainstem","Scour Pool",2,".9",180,"Dipsea"
"SH","YoY",1,14273,57,4810,645,"2020-08-05",2020,37.896938,-122.575001,"60","Redwood Creek","Redwood Creek Mainstem","Scour Pool",2,".9",180,"Dipsea"
"CO","YoY",0,14273,57,4810,645,"2020-08-05",2020,37.896938,-122.575001,"60","Redwood Creek","Redwood Creek Mainstem","Scour Pool",2,".9",180,"Dipsea"
"SH","1+",1,14273,57,4810,645,"2020-08-05",2020,37.896938,-122.575001,"60","Redwood Creek","Redwood Creek Mainstem","Scour Pool",3,".9",360,"Dipsea"
"CO","YoY",0,14274,58,4811,663,"2020-08-10",2020,37.897776,-122.57541,"61","Redwood Creek","Redwood Creek Mainstem","Flatwater",2,"1",NA,"Dipsea"
"SH","1+",0,14274,58,4811,663,"2020-08-10",2020,37.897776,-122.57541,"61","Redwood Creek","Redwood Creek Mainstem","Flatwater",3,"1",NA,"Dipsea"
"SH","YoY",1,14274,58,4811,663,"2020-08-10",2020,37.897776,-122.57541,"61","Redwood Creek","Redwood Creek Mainstem","Flatwater",4,"1",NA,"Dipsea"
"SH","1+",0,14274,58,4811,663,"2020-08-10",2020,37.897776,-122.57541,"61","Redwood Creek","Redwood Creek Mainstem","Flatwater",4,"1",NA,"Dipsea"
"CO","YoY",0,14274,58,4811,663,"2020-08-10",2020,37.897776,-122.57541,"61","Redwood Creek","Redwood Creek Mainstem","Flatwater",4,"1",NA,"Dipsea"
"CO","YoY",0,14274,58,4811,663,"2020-08-10",2020,37.897776,-122.57541,"61","Redwood Creek","Redwood Creek Mainstem","Flatwater",3,"1",NA,"Dipsea"
"SH","YoY",1,14274,58,4811,663,"2020-08-10",2020,37.897776,-122.57541,"61","Redwood Creek","Redwood Creek Mainstem","Flatwater",2,"1",NA,"Dipsea"
"SH","1+",0,14274,58,4811,663,"2020-08-10",2020,37.897776,-122.57541,"61","Redwood Creek","Redwood Creek Mainstem","Flatwater",2,"1",NA,"Dipsea"
"SH","YoY",1,14274,58,4811,663,"2020-08-10",2020,37.897776,-122.57541,"61","Redwood Creek","Redwood Creek Mainstem","Flatwater",3,"1",NA,"Dipsea"
"CO","YoY",0,14275,70,4812,788,"2020-08-10",2020,37.902869,-122.584561,"72","Redwood Creek","Redwood Creek Mainstem","Plunge Pool",4,".9",NA,"Foot4"
"SH","YoY",1,14275,70,4812,788,"2020-08-10",2020,37.902869,-122.584561,"72","Redwood Creek","Redwood Creek Mainstem","Plunge Pool",4,".9",NA,"Foot4"
"SH","1+",15,14275,70,4812,788,"2020-08-10",2020,37.902869,-122.584561,"72","Redwood Creek","Redwood Creek Mainstem","Plunge Pool",3,".9",NA,"Foot4"
"SH","YoY",1,14275,70,4812,788,"2020-08-10",2020,37.902869,-122.584561,"72","Redwood Creek","Redwood Creek Mainstem","Plunge Pool",3,".9",NA,"Foot4"
"CO","YoY",0,14275,70,4812,788,"2020-08-10",2020,37.902869,-122.584561,"72","Redwood Creek","Redwood Creek Mainstem","Plunge Pool",3,".9",NA,"Foot4"
"SH","1+",13,14275,70,4812,788,"2020-08-10",2020,37.902869,-122.584561,"72","Redwood Creek","Redwood Creek Mainstem","Plunge Pool",2,"1",NA,"Foot4"
"SH","YoY",1,14275,70,4812,788,"2020-08-10",2020,37.902869,-122.584561,"72","Redwood Creek","Redwood Creek Mainstem","Plunge Pool",2,"1",NA,"Foot4"
"CO","YoY",0,14275,70,4812,788,"2020-08-10",2020,37.902869,-122.584561,"72","Redwood Creek","Redwood Creek Mainstem","Plunge Pool",2,"1",NA,"Foot4"
"SH","1+",13,14275,70,4812,788,"2020-08-10",2020,37.902869,-122.584561,"72","Redwood Creek","Redwood Creek Mainstem","Plunge Pool",4,".9",NA,"Foot4"
"SH","1+",7,14279,21,4816,284,"2020-08-11",2020,37.880083,-122.577204,"28","Redwood Creek","Redwood Creek Mainstem","Mid-Channel Pool",3,"1",NA,"PacificWay"
"CO","YoY",0,14279,21,4816,284,"2020-08-11",2020,37.880083,-122.577204,"28","Redwood Creek","Redwood Creek Mainstem","Mid-Channel Pool",3,"1",NA,"PacificWay"
"SH","YoY",1,14279,21,4816,284,"2020-08-11",2020,37.880083,-122.577204,"28","Redwood Creek","Redwood Creek Mainstem","Mid-Channel Pool",3,"1",NA,"PacificWay"
"SH","1+",2,14280,414,4817,18,"2020-08-12",2020,37.862189,-122.573932,"0.6","Redwood Creek","Redwood Creek Mainstem","Scour Pool",1,".9",240,"PacificWay"
"CO","YoY",0,14280,414,4817,18,"2020-08-12",2020,37.862189,-122.573932,"0.6","Redwood Creek","Redwood Creek Mainstem","Scour Pool",1,".9",240,"PacificWay"
"SH","YoY",1,14280,414,4817,18,"2020-08-12",2020,37.862189,-122.573932,"0.6","Redwood Creek","Redwood Creek Mainstem","Scour Pool",1,".9",240,"PacificWay"
"CO","YoY",0,14281,414,4818,23,"2020-08-12",2020,37.862189,-122.573932,"0.6","Redwood Creek","Redwood Creek Mainstem","Flatwater",1,".8",60,"PacificWay"
"SH","YoY",1,14281,414,4818,23,"2020-08-12",2020,37.862189,-122.573932,"0.6","Redwood Creek","Redwood Creek Mainstem","Flatwater",1,".8",60,"PacificWay"
"SH","1+",0,14281,414,4818,23,"2020-08-12",2020,37.862189,-122.573932,"0.6","Redwood Creek","Redwood Creek Mainstem","Flatwater",1,".8",60,"PacificWay"
"SH","YoY",1,14282,12,4819,36,"2020-07-21",2020,37.86504,-122.57661,"2","Redwood Creek","Redwood Creek Mainstem","Mid-Channel Pool",1,".8",240,"PacificWay"
"SH","1+",8,14282,12,4819,36,"2020-07-21",2020,37.86504,-122.57661,"2","Redwood Creek","Redwood Creek Mainstem","Mid-Channel Pool",1,".8",240,"PacificWay"
"CO","YoY",0,14282,12,4819,36,"2020-07-21",2020,37.86504,-122.57661,"2","Redwood Creek","Redwood Creek Mainstem","Mid-Channel Pool",1,".8",240,"PacificWay"
"CO","YoY",0,14283,23,4820,43,"2020-07-21",2020,37.86553,-122.57749,"3","Redwood Creek","Redwood Creek Mainstem","Scour Pool",1,".8",660,"PacificWay"
"SH","YoY",1,14283,23,4820,43,"2020-07-21",2020,37.86553,-122.57749,"3","Redwood Creek","Redwood Creek Mainstem","Scour Pool",1,".8",660,"PacificWay"
"SH","1+",3,14283,23,4820,43,"2020-07-21",2020,37.86553,-122.57749,"3","Redwood Creek","Redwood Creek Mainstem","Scour Pool",1,".8",660,"PacificWay"
"CO","YoY",0,14284,45,4821,53,"2020-07-21",2020,37.866513,-122.579249,"5","Redwood Creek","Redwood Creek Mainstem","Scour Pool",1,".8",300,NA
"SH","YoY",1,14284,45,4821,53,"2020-07-21",2020,37.866513,-122.579249,"5","Redwood Creek","Redwood Creek Mainstem","Scour Pool",1,".8",300,NA
"SH","1+",10,14284,45,4821,53,"2020-07-21",2020,37.866513,-122.579249,"5","Redwood Creek","Redwood Creek Mainstem","Scour Pool",1,".8",300,NA
"CO","YoY",0,14285,56,4822,65,"2020-07-21",2020,37.8671,-122.579695,"6","Redwood Creek","Redwood Creek Mainstem","Mid-Channel Pool",1,".8",180,"Dipsea"
"SH","YoY",1,14285,56,4822,65,"2020-07-21",2020,37.8671,-122.579695,"6","Redwood Creek","Redwood Creek Mainstem","Mid-Channel Pool",1,".8",180,"Dipsea"
"SH","1+",3,14285,56,4822,65,"2020-07-21",2020,37.8671,-122.579695,"6","Redwood Creek","Redwood Creek Mainstem","Mid-Channel Pool",1,".8",180,"Dipsea"
"CO","YoY",0,14286,67,4823,73,"2020-07-21",2020,37.86783,-122.57979,"7","Redwood Creek","Redwood Creek Mainstem","Scour Pool",1,".8",480,"Foot4"
"SH","YoY",1,14286,67,4823,73,"2020-07-21",2020,37.86783,-122.57979,"7","Redwood Creek","Redwood Creek Mainstem","Scour Pool",1,".8",480,"Foot4"
"SH","1+",3,14286,67,4823,73,"2020-07-21",2020,37.86783,-122.57979,"7","Redwood Creek","Redwood Creek Mainstem","Scour Pool",1,".8",480,"Foot4"
"SH","1+",9,14287,74,4824,82,"2020-07-21",2020,37.86857,-122.58031,"8","Redwood Creek","Redwood Creek Mainstem","Scour Pool",1,".9",780,NA
"CO","YoY",0,14287,74,4824,82,"2020-07-21",2020,37.86857,-122.58031,"8","Redwood Creek","Redwood Creek Mainstem","Scour Pool",1,".9",780,NA
"SH","YoY",1,14287,74,4824,82,"2020-07-21",2020,37.86857,-122.58031,"8","Redwood Creek","Redwood Creek Mainstem","Scour Pool",1,".9",780,NA
"SH","1+",18,14288,75,4825,88,"2020-07-21",2020,37.86919,-122.58114,"9","Redwood Creek","Redwood Creek Mainstem","Mid-Channel Pool",1,".9",360,NA
"CO","YoY",1,14288,75,4825,88,"2020-07-21",2020,37.86919,-122.58114,"9","Redwood Creek","Redwood Creek Mainstem","Mid-Channel Pool",1,".9",360,NA
"SH","YoY",1,14288,75,4825,88,"2020-07-21",2020,37.86919,-122.58114,"9","Redwood Creek","Redwood Creek Mainstem","Mid-Channel Pool",1,".9",360,NA
"CO","YoY",0,14289,2,4826,97,"2020-07-21",2020,37.86978,-122.58167,"10","Redwood Creek","Redwood Creek Mainstem","Scour Pool",1,"1",NA,"PacificWay"
"SH","YoY",1,14289,2,4826,97,"2020-07-21",2020,37.86978,-122.58167,"10","Redwood Creek","Redwood Creek Mainstem","Scour Pool",1,"1",NA,"PacificWay"
"SH","1+",2,14289,2,4826,97,"2020-07-21",2020,37.86978,-122.58167,"10","Redwood Creek","Redwood Creek Mainstem","Scour Pool",1,"1",NA,"PacificWay"
"CO","YoY",0,14290,3,4827,113,"2020-07-21",2020,37.87048,-122.58219,"11","Redwood Creek","Redwood Creek Mainstem","Scour Pool",1,".8",120,"PacificWay"
"SH","YoY",1,14290,3,4827,113,"2020-07-21",2020,37.87048,-122.58219,"11","Redwood Creek","Redwood Creek Mainstem","Scour Pool",1,".8",120,"PacificWay"
"SH","1+",6,14290,3,4827,113,"2020-07-21",2020,37.87048,-122.58219,"11","Redwood Creek","Redwood Creek Mainstem","Scour Pool",1,".8",120,"PacificWay"
"CO","YoY",0,14291,3,4828,120,"2020-07-21",2020,37.87048,-122.58219,"11","Redwood Creek","Redwood Creek Mainstem","Scour Pool",1,".8",60,"PacificWay"
"SH","YoY",1,14291,3,4828,120,"2020-07-21",2020,37.87048,-122.58219,"11","Redwood Creek","Redwood Creek Mainstem","Scour Pool",1,".8",60,"PacificWay"
"SH","1+",0,14291,3,4828,120,"2020-07-21",2020,37.87048,-122.58219,"11","Redwood Creek","Redwood Creek Mainstem","Scour Pool",1,".8",60,"PacificWay"
"CO","YoY",0,14292,4,4829,131,"2020-07-21",2020,37.870986,-122.582781,"12","Redwood Creek","Redwood Creek Mainstem","Mid-Channel Pool",1,".9",180,"PacificWay"
"SH","YoY",1,14292,4,4829,131,"2020-07-21",2020,37.870986,-122.582781,"12","Redwood Creek","Redwood Creek Mainstem","Mid-Channel Pool",1,".9",180,"PacificWay"
"SH","1+",5,14292,4,4829,131,"2020-07-21",2020,37.870986,-122.582781,"12","Redwood Creek","Redwood Creek Mainstem","Mid-Channel Pool",1,".9",180,"PacificWay"
"CO","YoY",0,14293,5,4830,143,"2020-07-21",2020,37.87193,-122.582798,"13","Redwood Creek","Redwood Creek Mainstem","Mid-Channel Pool",1,".9",180,"PacificWay"
"SH","YoY",1,14293,5,4830,143,"2020-07-21",2020,37.87193,-122.582798,"13","Redwood Creek","Redwood Creek Mainstem","Mid-Channel Pool",1,".9",180,"PacificWay"
"SH","1+",2,14293,5,4830,143,"2020-07-21",2020,37.87193,-122.582798,"13","Redwood Creek","Redwood Creek Mainstem","Mid-Channel Pool",1,".9",180,"PacificWay"
"SH","1+",1,14294,6,4831,152,"2020-07-22",2020,37.872729,-122.582945,"14","Redwood Creek","Redwood Creek Mainstem","Mid-Channel Pool",1,".8",420,"PacificWay"
"CO","YoY",0,14294,6,4831,152,"2020-07-22",2020,37.872729,-122.582945,"14","Redwood Creek","Redwood Creek Mainstem","Mid-Channel Pool",1,".8",420,"PacificWay"
"SH","YoY",1,14294,6,4831,152,"2020-07-22",2020,37.872729,-122.582945,"14","Redwood Creek","Redwood Creek Mainstem","Mid-Channel Pool",1,".8",420,"PacificWay"
"CO","YoY",0,14295,7,4832,167,"2020-07-22",2020,37.873067,-122.583592,"15","Redwood Creek","Redwood Creek Mainstem","Mid-Channel Pool",1,".9",180,"PacificWay"
"SH","YoY",1,14295,7,4832,167,"2020-07-22",2020,37.873067,-122.583592,"15","Redwood Creek","Redwood Creek Mainstem","Mid-Channel Pool",1,".9",180,"PacificWay"
"SH","1+",3,14295,7,4832,167,"2020-07-22",2020,37.873067,-122.583592,"15","Redwood Creek","Redwood Creek Mainstem","Mid-Channel Pool",1,".9",180,"PacificWay"
"SH","1+",3,14296,8,4833,172,"2020-07-22",2020,37.873734,-122.583204,"16","Redwood Creek","Redwood Creek Mainstem","Scour Pool",1,".9",240,"PacificWay"
"CO","YoY",0,14296,8,4833,172,"2020-07-22",2020,37.873734,-122.583204,"16","Redwood Creek","Redwood Creek Mainstem","Scour Pool",1,".9",240,"PacificWay"
"SH","YoY",1,14296,8,4833,172,"2020-07-22",2020,37.873734,-122.583204,"16","Redwood Creek","Redwood Creek Mainstem","Scour Pool",1,".9",240,"PacificWay"
"SH","1+",6,14297,10,4834,182,"2020-07-22",2020,37.874915,-122.582915,"18","Redwood Creek","Redwood Creek Mainstem","Mid-Channel Pool",1,".9",420,"PacificWay"
"CO","YoY",0,14297,10,4834,182,"2020-07-22",2020,37.874915,-122.582915,"18","Redwood Creek","Redwood Creek Mainstem","Mid-Channel Pool",1,".9",420,"PacificWay"
"SH","YoY",1,14297,10,4834,182,"2020-07-22",2020,37.874915,-122.582915,"18","Redwood Creek","Redwood Creek Mainstem","Mid-Channel Pool",1,".9",420,"PacificWay"
"CO","YoY",0,14298,11,4835,192,"2020-07-22",2020,37.875583,-122.582088,"19","Redwood Creek","Redwood Creek Mainstem","Mid-Channel Pool",1,".9",300,"PacificWay"
"SH","YoY",1,14298,11,4835,192,"2020-07-22",2020,37.875583,-122.582088,"19","Redwood Creek","Redwood Creek Mainstem","Mid-Channel Pool",1,".9",300,"PacificWay"
"SH","1+",2,14298,11,4835,192,"2020-07-22",2020,37.875583,-122.582088,"19","Redwood Creek","Redwood Creek Mainstem","Mid-Channel Pool",1,".9",300,"PacificWay"
"SH","1+",9,14299,13,4836,200,"2020-07-22",2020,37.876118,-122.58216,"20","Redwood Creek","Redwood Creek Mainstem","Mid-Channel Pool",1,".9",540,"PacificWay"
"SH","YoY",1,14299,13,4836,200,"2020-07-22",2020,37.876118,-122.58216,"20","Redwood Creek","Redwood Creek Mainstem","Mid-Channel Pool",1,".9",540,"PacificWay"
"CO","YoY",0,14299,13,4836,200,"2020-07-22",2020,37.876118,-122.58216,"20","Redwood Creek","Redwood Creek Mainstem","Mid-Channel Pool",1,".9",540,"PacificWay"
"SH","YoY",1,14300,14,4837,210,"2020-07-22",2020,37.876735,-122.581516,"21","Redwood Creek","Redwood Creek Mainstem","Mid-Channel Pool",1,".8",180,"PacificWay"
"SH","1+",1,14300,14,4837,210,"2020-07-22",2020,37.876735,-122.581516,"21","Redwood Creek","Redwood Creek Mainstem","Mid-Channel Pool",1,".8",180,"PacificWay"
"CO","YoY",0,14300,14,4837,210,"2020-07-22",2020,37.876735,-122.581516,"21","Redwood Creek","Redwood Creek Mainstem","Mid-Channel Pool",1,".8",180,"PacificWay"
"CO","YoY",0,14301,15,4838,217,"2020-07-22",2020,37.877118,-122.58097,"22","Redwood Creek","Redwood Creek Mainstem","Scour Pool",1,".9",180,"PacificWay"
"SH","YoY",1,14301,15,4838,217,"2020-07-22",2020,37.877118,-122.58097,"22","Redwood Creek","Redwood Creek Mainstem","Scour Pool",1,".9",180,"PacificWay"
"SH","1+",6,14301,15,4838,217,"2020-07-22",2020,37.877118,-122.58097,"22","Redwood Creek","Redwood Creek Mainstem","Scour Pool",1,".9",180,"PacificWay"
"CO","YoY",0,14302,15,4839,227,"2020-07-22",2020,37.877118,-122.58097,"22","Redwood Creek","Redwood Creek Mainstem","Scour Pool",1,"1",360,"PacificWay"
"SH","YoY",1,14302,15,4839,227,"2020-07-22",2020,37.877118,-122.58097,"22","Redwood Creek","Redwood Creek Mainstem","Scour Pool",1,"1",360,"PacificWay"
"SH","1+",8,14302,15,4839,227,"2020-07-22",2020,37.877118,-122.58097,"22","Redwood Creek","Redwood Creek Mainstem","Scour Pool",1,"1",360,"PacificWay"
"CO","YoY",0,14303,17,4840,239,"2020-07-22",2020,37.877861,-122.579412,"24","Redwood Creek","Redwood Creek Mainstem","Mid-Channel Pool",1,"1",60,"PacificWay"
"SH","YoY",1,14303,17,4840,239,"2020-07-22",2020,37.877861,-122.579412,"24","Redwood Creek","Redwood Creek Mainstem","Mid-Channel Pool",1,"1",60,"PacificWay"
"SH","1+",1,14303,17,4840,239,"2020-07-22",2020,37.877861,-122.579412,"24","Redwood Creek","Redwood Creek Mainstem","Mid-Channel Pool",1,"1",60,"PacificWay"
"CO","YoY",0,14304,56,4841,65,"2020-07-23",2020,37.8671,-122.579695,"6","Redwood Creek","Redwood Creek Mainstem","Mid-Channel Pool",2,".8",NA,"Dipsea"
"SH","YoY",1,14304,56,4841,65,"2020-07-23",2020,37.8671,-122.579695,"6","Redwood Creek","Redwood Creek Mainstem","Mid-Channel Pool",2,".8",NA,"Dipsea"
"SH","1+",4,14304,56,4841,65,"2020-07-23",2020,37.8671,-122.579695,"6","Redwood Creek","Redwood Creek Mainstem","Mid-Channel Pool",2,".8",NA,"Dipsea"
"CO","YoY",0,14305,23,4842,43,"2020-07-23",2020,37.86553,-122.57749,"3","Redwood Creek","Redwood Creek Mainstem","Scour Pool",2,".8",NA,"PacificWay"
"SH","1+",9,14305,23,4842,43,"2020-07-23",2020,37.86553,-122.57749,"3","Redwood Creek","Redwood Creek Mainstem","Scour Pool",2,".8",NA,"PacificWay"
"SH","YoY",1,14305,23,4842,43,"2020-07-23",2020,37.86553,-122.57749,"3","Redwood Creek","Redwood Creek Mainstem","Scour Pool",2,".8",NA,"PacificWay"
"CO","YoY",0,14306,74,4843,82,"2020-07-23",2020,37.86857,-122.58031,"8","Redwood Creek","Redwood Creek Mainstem","Scour Pool",2,".8",NA,NA
"SH","YoY",1,14306,74,4843,82,"2020-07-23",2020,37.86857,-122.58031,"8","Redwood Creek","Redwood Creek Mainstem","Scour Pool",2,".8",NA,NA
"SH","1+",6,14306,74,4843,82,"2020-07-23",2020,37.86857,-122.58031,"8","Redwood Creek","Redwood Creek Mainstem","Scour Pool",2,".8",NA,NA
"CO","YoY",0,14307,2,4844,97,"2020-07-23",2020,37.86978,-122.58167,"10","Redwood Creek","Redwood Creek Mainstem","Scour Pool",2,".9",NA,"PacificWay"
"SH","YoY",1,14307,2,4844,97,"2020-07-23",2020,37.86978,-122.58167,"10","Redwood Creek","Redwood Creek Mainstem","Scour Pool",2,".9",NA,"PacificWay"
"SH","1+",1,14307,2,4844,97,"2020-07-23",2020,37.86978,-122.58167,"10","Redwood Creek","Redwood Creek Mainstem","Scour Pool",2,".9",NA,"PacificWay"
"CO","YoY",0,14308,3,4845,120,"2020-07-23",2020,37.87048,-122.58219,"11","Redwood Creek","Redwood Creek Mainstem","Scour Pool",2,".9",NA,"PacificWay"
"SH","YoY",1,14308,3,4845,120,"2020-07-23",2020,37.87048,-122.58219,"11","Redwood Creek","Redwood Creek Mainstem","Scour Pool",2,".9",NA,"PacificWay"
"SH","1+",4,14308,3,4845,120,"2020-07-23",2020,37.87048,-122.58219,"11","Redwood Creek","Redwood Creek Mainstem","Scour Pool",2,".9",NA,"PacificWay"
"CO","YoY",0,14309,5,4846,143,"2020-07-23",2020,37.87193,-122.582798,"13","Redwood Creek","Redwood Creek Mainstem","Mid-Channel Pool",2,".8",NA,"PacificWay"
"SH","YoY",1,14309,5,4846,143,"2020-07-23",2020,37.87193,-122.582798,"13","Redwood Creek","Redwood Creek Mainstem","Mid-Channel Pool",2,".8",NA,"PacificWay"
"SH","1+",2,14309,5,4846,143,"2020-07-23",2020,37.87193,-122.582798,"13","Redwood Creek","Redwood Creek Mainstem","Mid-Channel Pool",2,".8",NA,"PacificWay"
"CO","YoY",0,14310,7,4847,167,"2020-07-23",2020,37.873067,-122.583592,"15","Redwood Creek","Redwood Creek Mainstem","Mid-Channel Pool",2,".9",NA,"PacificWay"
"SH","YoY",1,14310,7,4847,167,"2020-07-23",2020,37.873067,-122.583592,"15","Redwood Creek","Redwood Creek Mainstem","Mid-Channel Pool",2,".9",NA,"PacificWay"
"SH","1+",5,14310,7,4847,167,"2020-07-23",2020,37.873067,-122.583592,"15","Redwood Creek","Redwood Creek Mainstem","Mid-Channel Pool",2,".9",NA,"PacificWay"
"CO","YoY",0,14311,10,4848,182,"2020-07-23",2020,37.874915,-122.582915,"18","Redwood Creek","Redwood Creek Mainstem","Mid-Channel Pool",2,".8",NA,"PacificWay"
"SH","1+",12,14311,10,4848,182,"2020-07-23",2020,37.874915,-122.582915,"18","Redwood Creek","Redwood Creek Mainstem","Mid-Channel Pool",2,".8",NA,"PacificWay"
"SH","YoY",1,14311,10,4848,182,"2020-07-23",2020,37.874915,-122.582915,"18","Redwood Creek","Redwood Creek Mainstem","Mid-Channel Pool",2,".8",NA,"PacificWay"
"CO","YoY",0,14312,13,4849,200,"2020-07-23",2020,37.876118,-122.58216,"20","Redwood Creek","Redwood Creek Mainstem","Mid-Channel Pool",2,".8",NA,"PacificWay"
"SH","YoY",1,14312,13,4849,200,"2020-07-23",2020,37.876118,-122.58216,"20","Redwood Creek","Redwood Creek Mainstem","Mid-Channel Pool",2,".8",NA,"PacificWay"
"SH","1+",5,14312,13,4849,200,"2020-07-23",2020,37.876118,-122.58216,"20","Redwood Creek","Redwood Creek Mainstem","Mid-Channel Pool",2,".8",NA,"PacificWay"
"CO","YoY",0,14313,15,4850,217,"2020-07-23",2020,37.877118,-122.58097,"22","Redwood Creek","Redwood Creek Mainstem","Scour Pool",2,".9",NA,"PacificWay"
"SH","YoY",1,14313,15,4850,217,"2020-07-23",2020,37.877118,-122.58097,"22","Redwood Creek","Redwood Creek Mainstem","Scour Pool",2,".9",NA,"PacificWay"
"SH","1+",12,14313,15,4850,217,"2020-07-23",2020,37.877118,-122.58097,"22","Redwood Creek","Redwood Creek Mainstem","Scour Pool",2,".9",NA,"PacificWay"
"CO","YoY",0,14314,15,4851,227,"2020-07-27",2020,37.877118,-122.58097,"22","Redwood Creek","Redwood Creek Mainstem","Scour Pool",2,".9",NA,"PacificWay"
"SH","YoY",1,14314,15,4851,227,"2020-07-27",2020,37.877118,-122.58097,"22","Redwood Creek","Redwood Creek Mainstem","Scour Pool",2,".9",NA,"PacificWay"
"SH","1+",12,14314,15,4851,227,"2020-07-27",2020,37.877118,-122.58097,"22","Redwood Creek","Redwood Creek Mainstem","Scour Pool",2,".9",NA,"PacificWay"
"CO","YoY",0,14315,17,4852,239,"2020-07-27",2020,37.877861,-122.579412,"24","Redwood Creek","Redwood Creek Mainstem","Mid-Channel Pool",2,".9",NA,"PacificWay"
"SH","YoY",1,14315,17,4852,239,"2020-07-27",2020,37.877861,-122.579412,"24","Redwood Creek","Redwood Creek Mainstem","Mid-Channel Pool",2,".9",NA,"PacificWay"
"SH","1+",1,14315,17,4852,239,"2020-07-27",2020,37.877861,-122.579412,"24","Redwood Creek","Redwood Creek Mainstem","Mid-Channel Pool",2,".9",NA,"PacificWay"
"SH","1+",4,14316,17,4853,246,"2020-07-27",2020,37.877861,-122.579412,"24","Redwood Creek","Redwood Creek Mainstem","Mid-Channel Pool",1,".8",NA,"PacificWay"
"CO","YoY",0,14316,17,4853,246,"2020-07-27",2020,37.877861,-122.579412,"24","Redwood Creek","Redwood Creek Mainstem","Mid-Channel Pool",1,".8",NA,"PacificWay"
"SH","YoY",1,14316,17,4853,246,"2020-07-27",2020,37.877861,-122.579412,"24","Redwood Creek","Redwood Creek Mainstem","Mid-Channel Pool",1,".8",NA,"PacificWay"
"SH","1+",1,14317,19,4854,260,"2020-07-27",2020,37.878983,-122.578175,"26","Redwood Creek","Redwood Creek Mainstem","Mid-Channel Pool",1,".9",120,"PacificWay"
"CO","YoY",0,14317,19,4854,260,"2020-07-27",2020,37.878983,-122.578175,"26","Redwood Creek","Redwood Creek Mainstem","Mid-Channel Pool",1,".9",120,"PacificWay"
"SH","YoY",1,14317,19,4854,260,"2020-07-27",2020,37.878983,-122.578175,"26","Redwood Creek","Redwood Creek Mainstem","Mid-Channel Pool",1,".9",120,"PacificWay"
"CO","YoY",0,14318,19,4855,268,"2020-07-27",2020,37.878983,-122.578175,"26","Redwood Creek","Redwood Creek Mainstem","Mid-Channel Pool",1,"1",1020,"PacificWay"
"SH","YoY",1,14318,19,4855,268,"2020-07-27",2020,37.878983,-122.578175,"26","Redwood Creek","Redwood Creek Mainstem","Mid-Channel Pool",1,"1",1020,"PacificWay"
"SH","1+",11,14318,19,4855,268,"2020-07-27",2020,37.878983,-122.578175,"26","Redwood Creek","Redwood Creek Mainstem","Mid-Channel Pool",1,"1",1020,"PacificWay"
"SH","1+",6,14319,20,4856,278,"2020-07-27",2020,37.879457,-122.577714,"27","Redwood Creek","Redwood Creek Mainstem","Scour Pool",1,".9",480,"PacificWay"
"CO","YoY",0,14319,20,4856,278,"2020-07-27",2020,37.879457,-122.577714,"27","Redwood Creek","Redwood Creek Mainstem","Scour Pool",1,".9",480,"PacificWay"
"SH","YoY",1,14319,20,4856,278,"2020-07-27",2020,37.879457,-122.577714,"27","Redwood Creek","Redwood Creek Mainstem","Scour Pool",1,".9",480,"PacificWay"
"SH","1+",0,14320,21,4857,291,"2020-07-27",2020,37.880083,-122.577204,"28","Redwood Creek","Redwood Creek Mainstem","Scour Pool",1,"1",180,"PacificWay"
"CO","YoY",0,14320,21,4857,291,"2020-07-27",2020,37.880083,-122.577204,"28","Redwood Creek","Redwood Creek Mainstem","Scour Pool",1,"1",180,"PacificWay"
"SH","YoY",1,14320,21,4857,291,"2020-07-27",2020,37.880083,-122.577204,"28","Redwood Creek","Redwood Creek Mainstem","Scour Pool",1,"1",180,"PacificWay"
"CO","YoY",0,14321,22,4858,297,"2020-07-27",2020,37.880695,-122.57684,"29","Redwood Creek","Redwood Creek Mainstem","Scour Pool",1,"1",600,"PacificWay"
"SH","YoY",1,14321,22,4858,297,"2020-07-27",2020,37.880695,-122.57684,"29","Redwood Creek","Redwood Creek Mainstem","Scour Pool",1,"1",600,"PacificWay"
"SH","1+",15,14321,22,4858,297,"2020-07-27",2020,37.880695,-122.57684,"29","Redwood Creek","Redwood Creek Mainstem","Scour Pool",1,"1",600,"PacificWay"
"SH","YoY",1,14322,24,4859,309,"2020-07-27",2020,37.881138,-122.576186,"30","Redwood Creek","Redwood Creek Mainstem","Mid-Channel Pool",1,"1",240,"KentCreekTrail"
"SH","1+",1,14322,24,4859,309,"2020-07-27",2020,37.881138,-122.576186,"30","Redwood Creek","Redwood Creek Mainstem","Mid-Channel Pool",1,"1",240,"KentCreekTrail"
"CO","YoY",0,14322,24,4859,309,"2020-07-27",2020,37.881138,-122.576186,"30","Redwood Creek","Redwood Creek Mainstem","Mid-Channel Pool",1,"1",240,"KentCreekTrail"
"CO","YoY",0,14323,25,4860,320,"2020-07-27",2020,37.881622,-122.575398,"31","Redwood Creek","Redwood Creek Mainstem","Mid-Channel Pool",1,"1",240,"KentCreekTrail"
"SH","YoY",1,14323,25,4860,320,"2020-07-27",2020,37.881622,-122.575398,"31","Redwood Creek","Redwood Creek Mainstem","Mid-Channel Pool",1,"1",240,"KentCreekTrail"
"SH","1+",1,14323,25,4860,320,"2020-07-27",2020,37.881622,-122.575398,"31","Redwood Creek","Redwood Creek Mainstem","Mid-Channel Pool",1,"1",240,"KentCreekTrail"
"CO","YoY",0,14324,26,4861,332,"2020-07-27",2020,37.88215,-122.574451,"32","Redwood Creek","Redwood Creek Mainstem","Mid-Channel Pool",1,"1",360,"KentCreekTrail"
"SH","YoY",1,14324,26,4861,332,"2020-07-27",2020,37.88215,-122.574451,"32","Redwood Creek","Redwood Creek Mainstem","Mid-Channel Pool",1,"1",360,"KentCreekTrail"
"SH","1+",2,14324,26,4861,332,"2020-07-27",2020,37.88215,-122.574451,"32","Redwood Creek","Redwood Creek Mainstem","Mid-Channel Pool",1,"1",360,"KentCreekTrail"
"CO","YoY",0,14325,23,4862,43,"2020-07-28",2020,37.86553,-122.57749,"3","Redwood Creek","Redwood Creek Mainstem","Scour Pool",3,".8",360,"PacificWay"
"SH","YoY",1,14325,23,4862,43,"2020-07-28",2020,37.86553,-122.57749,"3","Redwood Creek","Redwood Creek Mainstem","Scour Pool",3,".8",360,"PacificWay"
"SH","1+",4,14325,23,4862,43,"2020-07-28",2020,37.86553,-122.57749,"3","Redwood Creek","Redwood Creek Mainstem","Scour Pool",3,".8",360,"PacificWay"
"CO","YoY",0,14326,56,4863,65,"2020-07-28",2020,37.8671,-122.579695,"6","Redwood Creek","Redwood Creek Mainstem","Mid-Channel Pool",3,".9",180,"Dipsea"
"SH","YoY",1,14326,56,4863,65,"2020-07-28",2020,37.8671,-122.579695,"6","Redwood Creek","Redwood Creek Mainstem","Mid-Channel Pool",3,".9",180,"Dipsea"
"SH","1+",2,14326,56,4863,65,"2020-07-28",2020,37.8671,-122.579695,"6","Redwood Creek","Redwood Creek Mainstem","Mid-Channel Pool",3,".9",180,"Dipsea"
"CO","YoY",0,14327,74,4864,82,"2020-07-28",2020,37.86857,-122.58031,"8","Redwood Creek","Redwood Creek Mainstem","Scour Pool",3,".8",360,NA
"SH","YoY",1,14327,74,4864,82,"2020-07-28",2020,37.86857,-122.58031,"8","Redwood Creek","Redwood Creek Mainstem","Scour Pool",3,".8",360,NA
"SH","1+",6,14327,74,4864,82,"2020-07-28",2020,37.86857,-122.58031,"8","Redwood Creek","Redwood Creek Mainstem","Scour Pool",3,".8",360,NA
"CO","YoY",0,14328,2,4865,97,"2020-07-28",2020,37.86978,-122.58167,"10","Redwood Creek","Redwood Creek Mainstem","Scour Pool",3,".9",180,"PacificWay"
"SH","1+",1,14328,2,4865,97,"2020-07-28",2020,37.86978,-122.58167,"10","Redwood Creek","Redwood Creek Mainstem","Scour Pool",3,".9",180,"PacificWay"
"SH","YoY",1,14328,2,4865,97,"2020-07-28",2020,37.86978,-122.58167,"10","Redwood Creek","Redwood Creek Mainstem","Scour Pool",3,".9",180,"PacificWay"
"CO","YoY",0,14329,3,4866,120,"2020-07-28",2020,37.87048,-122.58219,"11","Redwood Creek","Redwood Creek Mainstem","Scour Pool",3,".9",60,"PacificWay"
"SH","YoY",1,14329,3,4866,120,"2020-07-28",2020,37.87048,-122.58219,"11","Redwood Creek","Redwood Creek Mainstem","Scour Pool",3,".9",60,"PacificWay"
"SH","1+",0,14329,3,4866,120,"2020-07-28",2020,37.87048,-122.58219,"11","Redwood Creek","Redwood Creek Mainstem","Scour Pool",3,".9",60,"PacificWay"
"CO","YoY",0,14330,5,4867,143,"2020-07-28",2020,37.87193,-122.582798,"13","Redwood Creek","Redwood Creek Mainstem","Mid-Channel Pool",3,".9",180,"PacificWay"
"SH","YoY",1,14330,5,4867,143,"2020-07-28",2020,37.87193,-122.582798,"13","Redwood Creek","Redwood Creek Mainstem","Mid-Channel Pool",3,".9",180,"PacificWay"
"SH","1+",1,14330,5,4867,143,"2020-07-28",2020,37.87193,-122.582798,"13","Redwood Creek","Redwood Creek Mainstem","Mid-Channel Pool",3,".9",180,"PacificWay"
"CO","YoY",0,14331,7,4868,167,"2020-07-28",2020,37.873067,-122.583592,"15","Redwood Creek","Redwood Creek Mainstem","Mid-Channel Pool",3,"1",180,"PacificWay"
"SH","YoY",1,14331,7,4868,167,"2020-07-28",2020,37.873067,-122.583592,"15","Redwood Creek","Redwood Creek Mainstem","Mid-Channel Pool",3,"1",180,"PacificWay"
"SH","1+",4,14331,7,4868,167,"2020-07-28",2020,37.873067,-122.583592,"15","Redwood Creek","Redwood Creek Mainstem","Mid-Channel Pool",3,"1",180,"PacificWay"
"CO","YoY",0,14332,10,4869,182,"2020-07-28",2020,37.874915,-122.582915,"18","Redwood Creek","Redwood Creek Mainstem","Mid-Channel Pool",3,"1",300,"PacificWay"
"SH","YoY",1,14332,10,4869,182,"2020-07-28",2020,37.874915,-122.582915,"18","Redwood Creek","Redwood Creek Mainstem","Mid-Channel Pool",3,"1",300,"PacificWay"
"SH","1+",12,14332,10,4869,182,"2020-07-28",2020,37.874915,-122.582915,"18","Redwood Creek","Redwood Creek Mainstem","Mid-Channel Pool",3,"1",300,"PacificWay"
"SH","1+",3,14333,13,4870,200,"2020-07-28",2020,37.876118,-122.58216,"20","Redwood Creek","Redwood Creek Mainstem","Mid-Channel Pool",3,".8",420,"PacificWay"
"CO","YoY",0,14333,13,4870,200,"2020-07-28",2020,37.876118,-122.58216,"20","Redwood Creek","Redwood Creek Mainstem","Mid-Channel Pool",3,".8",420,"PacificWay"
"SH","YoY",1,14333,13,4870,200,"2020-07-28",2020,37.876118,-122.58216,"20","Redwood Creek","Redwood Creek Mainstem","Mid-Channel Pool",3,".8",420,"PacificWay"
"SH","1+",4,14334,15,4871,217,"2020-07-28",2020,37.877118,-122.58097,"22","Redwood Creek","Redwood Creek Mainstem","Scour Pool",3,".9",180,"PacificWay"
"CO","YoY",0,14334,15,4871,217,"2020-07-28",2020,37.877118,-122.58097,"22","Redwood Creek","Redwood Creek Mainstem","Scour Pool",3,".9",180,"PacificWay"
"SH","YoY",1,14334,15,4871,217,"2020-07-28",2020,37.877118,-122.58097,"22","Redwood Creek","Redwood Creek Mainstem","Scour Pool",3,".9",180,"PacificWay"
"CO","YoY",0,14335,15,4872,227,"2020-07-28",2020,37.877118,-122.58097,"22","Redwood Creek","Redwood Creek Mainstem","Scour Pool",3,"1",240,"PacificWay"
"SH","YoY",1,14335,15,4872,227,"2020-07-28",2020,37.877118,-122.58097,"22","Redwood Creek","Redwood Creek Mainstem","Scour Pool",3,"1",240,"PacificWay"
"SH","1+",5,14335,15,4872,227,"2020-07-28",2020,37.877118,-122.58097,"22","Redwood Creek","Redwood Creek Mainstem","Scour Pool",3,"1",240,"PacificWay"
"CO","YoY",0,14336,27,4873,344,"2020-07-28",2020,37.882868,-122.574335,"33","Redwood Creek","Redwood Creek Mainstem","Scour Pool",1,"1",300,"KentCreekTrail"
"SH","YoY",1,14336,27,4873,344,"2020-07-28",2020,37.882868,-122.574335,"33","Redwood Creek","Redwood Creek Mainstem","Scour Pool",1,"1",300,"KentCreekTrail"
"SH","1+",9,14336,27,4873,344,"2020-07-28",2020,37.882868,-122.574335,"33","Redwood Creek","Redwood Creek Mainstem","Scour Pool",1,"1",300,"KentCreekTrail"
"CO","YoY",0,14337,28,4874,356,"2020-07-28",2020,37.883045,-122.573115,"34","Redwood Creek","Redwood Creek Mainstem","Scour Pool",1,"1",120,"KentCreekTrail"
"SH","YoY",1,14337,28,4874,356,"2020-07-28",2020,37.883045,-122.573115,"34","Redwood Creek","Redwood Creek Mainstem","Scour Pool",1,"1",120,"KentCreekTrail"
"SH","1+",3,14337,28,4874,356,"2020-07-28",2020,37.883045,-122.573115,"34","Redwood Creek","Redwood Creek Mainstem","Scour Pool",1,"1",120,"KentCreekTrail"
"CO","YoY",0,14338,29,4875,366,"2020-07-28",2020,37.883427,-122.572546,"35","Redwood Creek","Redwood Creek Mainstem","Mid-Channel Pool",1,".9",300,"KentCreekTrail"
"SH","YoY",1,14338,29,4875,366,"2020-07-28",2020,37.883427,-122.572546,"35","Redwood Creek","Redwood Creek Mainstem","Mid-Channel Pool",1,".9",300,"KentCreekTrail"
"SH","1+",2,14338,29,4875,366,"2020-07-28",2020,37.883427,-122.572546,"35","Redwood Creek","Redwood Creek Mainstem","Mid-Channel Pool",1,".9",300,"KentCreekTrail"
"CO","YoY",0,14339,30,4876,374,"2020-07-28",2020,37.883978,-122.571768,"36","Redwood Creek","Redwood Creek Mainstem","Mid-Channel Pool",1,"1",180,"KentCreekTrail"
"SH","YoY",1,14339,30,4876,374,"2020-07-28",2020,37.883978,-122.571768,"36","Redwood Creek","Redwood Creek Mainstem","Mid-Channel Pool",1,"1",180,"KentCreekTrail"
"SH","1+",0,14339,30,4876,374,"2020-07-28",2020,37.883978,-122.571768,"36","Redwood Creek","Redwood Creek Mainstem","Mid-Channel Pool",1,"1",180,"KentCreekTrail"
"SH","1+",3,14340,30,4877,382,"2020-07-28",2020,37.883978,-122.571768,"36","Redwood Creek","Redwood Creek Mainstem","Scour Pool",1,".9",300,"KentCreekTrail"
"CO","YoY",0,14340,30,4877,382,"2020-07-28",2020,37.883978,-122.571768,"36","Redwood Creek","Redwood Creek Mainstem","Scour Pool",1,".9",300,"KentCreekTrail"
"SH","YoY",1,14340,30,4877,382,"2020-07-28",2020,37.883978,-122.571768,"36","Redwood Creek","Redwood Creek Mainstem","Scour Pool",1,".9",300,"KentCreekTrail"
"CO","YoY",0,14341,31,4878,389,"2020-07-28",2020,37.884512,-122.571257,"37","Redwood Creek","Redwood Creek Mainstem","Mid-Channel Pool",1,".9",300,"KentCreekTrail"
"SH","YoY",1,14341,31,4878,389,"2020-07-28",2020,37.884512,-122.571257,"37","Redwood Creek","Redwood Creek Mainstem","Mid-Channel Pool",1,".9",300,"KentCreekTrail"
"SH","1+",14,14341,31,4878,389,"2020-07-28",2020,37.884512,-122.571257,"37","Redwood Creek","Redwood Creek Mainstem","Mid-Channel Pool",1,".9",300,"KentCreekTrail"
"SH","1+",0,14342,32,4879,399,"2020-07-28",2020,37.884695,-122.570482,"38","Redwood Creek","Redwood Creek Mainstem","Mid-Channel Pool",1,"1",120,"KentCreekTrail"
"CO","YoY",0,14342,32,4879,399,"2020-07-28",2020,37.884695,-122.570482,"38","Redwood Creek","Redwood Creek Mainstem","Mid-Channel Pool",1,"1",120,"KentCreekTrail"
"SH","YoY",1,14342,32,4879,399,"2020-07-28",2020,37.884695,-122.570482,"38","Redwood Creek","Redwood Creek Mainstem","Mid-Channel Pool",1,"1",120,"KentCreekTrail"
"SH","1+",3,14343,33,4880,411,"2020-07-28",2020,37.885065,-122.569617,"39","Redwood Creek","Redwood Creek Mainstem","Mid-Channel Pool",1,"1",360,"KentCreekTrail"
"CO","YoY",0,14343,33,4880,411,"2020-07-28",2020,37.885065,-122.569617,"39","Redwood Creek","Redwood Creek Mainstem","Mid-Channel Pool",1,"1",360,"KentCreekTrail"
"SH","YoY",1,14343,33,4880,411,"2020-07-28",2020,37.885065,-122.569617,"39","Redwood Creek","Redwood Creek Mainstem","Mid-Channel Pool",1,"1",360,"KentCreekTrail"
"CO","YoY",0,14344,35,4881,418,"2020-07-28",2020,37.884713,-122.568948,"40","Redwood Creek","Redwood Creek Mainstem","Scour Pool",1,"1",240,"KentCreekTrail"
"SH","YoY",1,14344,35,4881,418,"2020-07-28",2020,37.884713,-122.568948,"40","Redwood Creek","Redwood Creek Mainstem","Scour Pool",1,"1",240,"KentCreekTrail"
"SH","1+",7,14344,35,4881,418,"2020-07-28",2020,37.884713,-122.568948,"40","Redwood Creek","Redwood Creek Mainstem","Scour Pool",1,"1",240,"KentCreekTrail"
"SH","1+",3,14345,35,4882,425,"2020-07-28",2020,37.884713,-122.568948,"40","Redwood Creek","Redwood Creek Mainstem","Mid-Channel Pool",1,".9",240,"KentCreekTrail"
"SH","YoY",1,14345,35,4882,425,"2020-07-28",2020,37.884713,-122.568948,"40","Redwood Creek","Redwood Creek Mainstem","Mid-Channel Pool",1,".9",240,"KentCreekTrail"
"CO","YoY",0,14345,35,4882,425,"2020-07-28",2020,37.884713,-122.568948,"40","Redwood Creek","Redwood Creek Mainstem","Mid-Channel Pool",1,".9",240,"KentCreekTrail"
"SH","YoY",1,14346,37,4883,437,"2020-07-28",2020,37.885949,-122.567633,"42","Redwood Creek","Redwood Creek Mainstem","Scour Pool",1,"1",240,"KentCreekTrail"
"SH","1+",5,14346,37,4883,437,"2020-07-28",2020,37.885949,-122.567633,"42","Redwood Creek","Redwood Creek Mainstem","Scour Pool",1,"1",240,"KentCreekTrail"
"CO","YoY",0,14346,37,4883,437,"2020-07-28",2020,37.885949,-122.567633,"42","Redwood Creek","Redwood Creek Mainstem","Scour Pool",1,"1",240,"KentCreekTrail"
"CO","YoY",0,14347,38,4884,452,"2020-07-28",2020,37.886577,-122.5674,"43","Redwood Creek","Redwood Creek Mainstem","Mid-Channel Pool",1,"1",480,"KentCreekTrail"
"SH","YoY",1,14347,38,4884,452,"2020-07-28",2020,37.886577,-122.5674,"43","Redwood Creek","Redwood Creek Mainstem","Mid-Channel Pool",1,"1",480,"KentCreekTrail"
"SH","1+",6,14347,38,4884,452,"2020-07-28",2020,37.886577,-122.5674,"43","Redwood Creek","Redwood Creek Mainstem","Mid-Channel Pool",1,"1",480,"KentCreekTrail"
"CO","YoY",0,14348,39,4885,466,"2020-07-28",2020,37.887009,-122.566678,"44","Redwood Creek","Redwood Creek Mainstem","Scour Pool",1,"1",240,"KentCreekTrail"
"SH","YoY",1,14348,39,4885,466,"2020-07-28",2020,37.887009,-122.566678,"44","Redwood Creek","Redwood Creek Mainstem","Scour Pool",1,"1",240,"KentCreekTrail"
"SH","1+",2,14348,39,4885,466,"2020-07-28",2020,37.887009,-122.566678,"44","Redwood Creek","Redwood Creek Mainstem","Scour Pool",1,"1",240,"KentCreekTrail"
"CO","YoY",0,14349,40,4886,475,"2020-07-28",2020,37.887963,-122.566782,"45","Redwood Creek","Redwood Creek Mainstem","Scour Pool",1,"1",360,"KentCreekTrail"
"SH","YoY",1,14349,40,4886,475,"2020-07-28",2020,37.887963,-122.566782,"45","Redwood Creek","Redwood Creek Mainstem","Scour Pool",1,"1",360,"KentCreekTrail"
"SH","1+",3,14349,40,4886,475,"2020-07-28",2020,37.887963,-122.566782,"45","Redwood Creek","Redwood Creek Mainstem","Scour Pool",1,"1",360,"KentCreekTrail"
"CO","YoY",0,14350,41,4887,486,"2020-07-28",2020,37.888516,-122.567389,"46","Redwood Creek","Redwood Creek Mainstem","Scour Pool",1,"1",300,"KentCreekTrail"
"SH","YoY",1,14350,41,4887,486,"2020-07-28",2020,37.888516,-122.567389,"46","Redwood Creek","Redwood Creek Mainstem","Scour Pool",1,"1",300,"KentCreekTrail"
"SH","1+",4,14350,41,4887,486,"2020-07-28",2020,37.888516,-122.567389,"46","Redwood Creek","Redwood Creek Mainstem","Scour Pool",1,"1",300,"KentCreekTrail"
"CO","YoY",0,14351,17,4888,239,"2020-07-29",2020,37.877861,-122.579412,"24","Redwood Creek","Redwood Creek Mainstem","Mid-Channel Pool",3,"1",60,"PacificWay"
"SH","1+",0,14351,17,4888,239,"2020-07-29",2020,37.877861,-122.579412,"24","Redwood Creek","Redwood Creek Mainstem","Mid-Channel Pool",3,"1",60,"PacificWay"
"SH","YoY",1,14351,17,4888,239,"2020-07-29",2020,37.877861,-122.579412,"24","Redwood Creek","Redwood Creek Mainstem","Mid-Channel Pool",3,"1",60,"PacificWay"
"CO","YoY",0,14352,19,4889,268,"2020-07-29",2020,37.878983,-122.578175,"26","Redwood Creek","Redwood Creek Mainstem","Mid-Channel Pool",2,"1",300,"PacificWay"
"SH","YoY",1,14352,19,4889,268,"2020-07-29",2020,37.878983,-122.578175,"26","Redwood Creek","Redwood Creek Mainstem","Mid-Channel Pool",2,"1",300,"PacificWay"
"SH","1+",11,14352,19,4889,268,"2020-07-29",2020,37.878983,-122.578175,"26","Redwood Creek","Redwood Creek Mainstem","Mid-Channel Pool",2,"1",300,"PacificWay"
"CO","YoY",0,14353,22,4890,297,"2020-07-29",2020,37.880695,-122.57684,"29","Redwood Creek","Redwood Creek Mainstem","Scour Pool",2,".9",360,"PacificWay"
"SH","YoY",1,14353,22,4890,297,"2020-07-29",2020,37.880695,-122.57684,"29","Redwood Creek","Redwood Creek Mainstem","Scour Pool",2,".9",360,"PacificWay"
"SH","1+",17,14353,22,4890,297,"2020-07-29",2020,37.880695,-122.57684,"29","Redwood Creek","Redwood Creek Mainstem","Scour Pool",2,".9",360,"PacificWay"
"CO","YoY",0,14354,25,4891,320,"2020-07-29",2020,37.881622,-122.575398,"31","Redwood Creek","Redwood Creek Mainstem","Mid-Channel Pool",2,"1",60,"KentCreekTrail"
"SH","YoY",1,14354,25,4891,320,"2020-07-29",2020,37.881622,-122.575398,"31","Redwood Creek","Redwood Creek Mainstem","Mid-Channel Pool",2,"1",60,"KentCreekTrail"
"SH","1+",0,14354,25,4891,320,"2020-07-29",2020,37.881622,-122.575398,"31","Redwood Creek","Redwood Creek Mainstem","Mid-Channel Pool",2,"1",60,"KentCreekTrail"
"CO","YoY",0,14355,27,4892,344,"2020-07-29",2020,37.882868,-122.574335,"33","Redwood Creek","Redwood Creek Mainstem","Scour Pool",2,".9",300,"KentCreekTrail"
"SH","YoY",1,14355,27,4892,344,"2020-07-29",2020,37.882868,-122.574335,"33","Redwood Creek","Redwood Creek Mainstem","Scour Pool",2,".9",300,"KentCreekTrail"
"SH","1+",10,14355,27,4892,344,"2020-07-29",2020,37.882868,-122.574335,"33","Redwood Creek","Redwood Creek Mainstem","Scour Pool",2,".9",300,"KentCreekTrail"
"SH","1+",2,14356,29,4893,366,"2020-07-29",2020,37.883427,-122.572546,"35","Redwood Creek","Redwood Creek Mainstem","Mid-Channel Pool",2,"1",180,"KentCreekTrail"
"CO","YoY",0,14356,29,4893,366,"2020-07-29",2020,37.883427,-122.572546,"35","Redwood Creek","Redwood Creek Mainstem","Mid-Channel Pool",2,"1",180,"KentCreekTrail"
"SH","YoY",1,14356,29,4893,366,"2020-07-29",2020,37.883427,-122.572546,"35","Redwood Creek","Redwood Creek Mainstem","Mid-Channel Pool",2,"1",180,"KentCreekTrail"
"SH","1+",4,14357,30,4894,382,"2020-07-29",2020,37.883978,-122.571768,"36","Redwood Creek","Redwood Creek Mainstem","Scour Pool",2,".9",300,"KentCreekTrail"
"SH","YoY",1,14357,30,4894,382,"2020-07-29",2020,37.883978,-122.571768,"36","Redwood Creek","Redwood Creek Mainstem","Scour Pool",2,".9",300,"KentCreekTrail"
"CO","YoY",0,14357,30,4894,382,"2020-07-29",2020,37.883978,-122.571768,"36","Redwood Creek","Redwood Creek Mainstem","Scour Pool",2,".9",300,"KentCreekTrail"
"CO","YoY",0,14358,32,4895,399,"2020-07-29",2020,37.884695,-122.570482,"38","Redwood Creek","Redwood Creek Mainstem","Mid-Channel Pool",2,"1",60,"KentCreekTrail"
"SH","YoY",1,14358,32,4895,399,"2020-07-29",2020,37.884695,-122.570482,"38","Redwood Creek","Redwood Creek Mainstem","Mid-Channel Pool",2,"1",60,"KentCreekTrail"
"SH","1+",0,14358,32,4895,399,"2020-07-29",2020,37.884695,-122.570482,"38","Redwood Creek","Redwood Creek Mainstem","Mid-Channel Pool",2,"1",60,"KentCreekTrail"
"CO","YoY",0,14359,35,4896,418,"2020-07-29",2020,37.884713,-122.568948,"40","Redwood Creek","Redwood Creek Mainstem","Scour Pool",2,"1",240,"KentCreekTrail"
"SH","YoY",1,14359,35,4896,418,"2020-07-29",2020,37.884713,-122.568948,"40","Redwood Creek","Redwood Creek Mainstem","Scour Pool",2,"1",240,"KentCreekTrail"
"SH","1+",5,14359,35,4896,418,"2020-07-29",2020,37.884713,-122.568948,"40","Redwood Creek","Redwood Creek Mainstem","Scour Pool",2,"1",240,"KentCreekTrail"
"CO","YoY",0,14360,37,4897,437,"2020-07-29",2020,37.885949,-122.567633,"42","Redwood Creek","Redwood Creek Mainstem","Scour Pool",2,".7",120,"KentCreekTrail"
"SH","YoY",1,14360,37,4897,437,"2020-07-29",2020,37.885949,-122.567633,"42","Redwood Creek","Redwood Creek Mainstem","Scour Pool",2,".7",120,"KentCreekTrail"
"SH","1+",3,14360,37,4897,437,"2020-07-29",2020,37.885949,-122.567633,"42","Redwood Creek","Redwood Creek Mainstem","Scour Pool",2,".7",120,"KentCreekTrail"
"SH","YoY",1,14361,46,4898,541,"2020-08-18",2020,37.890993,-122.569527,"50","Redwood Creek","Redwood Creek Mainstem","Scour Pool",4,".9",NA,"Dipsea"
"SH","1+",2,14361,46,4898,541,"2020-08-18",2020,37.890993,-122.569527,"50","Redwood Creek","Redwood Creek Mainstem","Scour Pool",4,".9",NA,"Dipsea"
"CO","YoY",0,14361,46,4898,541,"2020-08-18",2020,37.890993,-122.569527,"50","Redwood Creek","Redwood Creek Mainstem","Scour Pool",4,".9",NA,"Dipsea"
"SH","YoY",1,14361,46,4898,541,"2020-08-18",2020,37.890993,-122.569527,"50","Redwood Creek","Redwood Creek Mainstem","Scour Pool",3,"1",NA,"Dipsea"
"CO","YoY",0,14361,46,4898,541,"2020-08-18",2020,37.890993,-122.569527,"50","Redwood Creek","Redwood Creek Mainstem","Scour Pool",3,"1",NA,"Dipsea"
"SH","1+",4,14361,46,4898,541,"2020-08-18",2020,37.890993,-122.569527,"50","Redwood Creek","Redwood Creek Mainstem","Scour Pool",3,"1",NA,"Dipsea"
"SH","YoY",1,14373,523,4910,32,"2020-08-18",2020,37.86287,-122.57453,"0.7","Redwood Creek","Redwood Creek Mainstem","Mid-Channel Pool",1,".5",NA,"PacificWay"
"SH","1+",37,14373,523,4910,32,"2020-08-18",2020,37.86287,-122.57453,"0.7","Redwood Creek","Redwood Creek Mainstem","Mid-Channel Pool",1,".5",NA,"PacificWay"
"CO","YoY",1,14373,523,4910,32,"2020-08-18",2020,37.86287,-122.57453,"0.7","Redwood Creek","Redwood Creek Mainstem","Mid-Channel Pool",1,".5",NA,"PacificWay"
"SH","1+",14,14374,413,4911,14,"2020-08-12",2020,37.86135,-122.57436,"0.5","Redwood Creek","Redwood Creek Mainstem","Scour Pool",1,".8",360,"PacificWay"
"CO","YoY",0,14374,413,4911,14,"2020-08-12",2020,37.86135,-122.57436,"0.5","Redwood Creek","Redwood Creek Mainstem","Scour Pool",1,".8",360,"PacificWay"
"SH","YoY",1,14374,413,4911,14,"2020-08-12",2020,37.86135,-122.57436,"0.5","Redwood Creek","Redwood Creek Mainstem","Scour Pool",1,".8",360,"PacificWay"
"CO","YoY",0,14375,414,4912,22,"2020-08-12",2020,37.862189,-122.573932,"0.6","Redwood Creek","Redwood Creek Mainstem","Mid-Channel Pool",1,".8",300,"PacificWay"
"SH","YoY",1,14375,414,4912,22,"2020-08-12",2020,37.862189,-122.573932,"0.6","Redwood Creek","Redwood Creek Mainstem","Mid-Channel Pool",1,".8",300,"PacificWay"
"SH","1+",4,14375,414,4912,22,"2020-08-12",2020,37.862189,-122.573932,"0.6","Redwood Creek","Redwood Creek Mainstem","Mid-Channel Pool",1,".8",300,"PacificWay"
"CO","YoY",0,14376,60,4913,678,"2020-08-10",2020,37.899186,-122.576559,"63","Redwood Creek","Redwood Creek Mainstem","Scour Pool",2,".9",NA,"Dipsea"
"SH","YoY",1,14376,60,4913,678,"2020-08-10",2020,37.899186,-122.576559,"63","Redwood Creek","Redwood Creek Mainstem","Scour Pool",2,".9",NA,"Dipsea"
"SH","1+",4,14376,60,4913,678,"2020-08-10",2020,37.899186,-122.576559,"63","Redwood Creek","Redwood Creek Mainstem","Scour Pool",2,".9",NA,"Dipsea"
"CO","YoY",0,14377,63,4914,708,"2020-08-10",2020,37.900941,-122.579293,"66","Redwood Creek","Redwood Creek Mainstem","Scour Pool",2,"1",NA,"Dipsea"
"SH","YoY",1,14377,63,4914,708,"2020-08-10",2020,37.900941,-122.579293,"66","Redwood Creek","Redwood Creek Mainstem","Scour Pool",2,"1",NA,"Dipsea"
"SH","1+",2,14377,63,4914,708,"2020-08-10",2020,37.900941,-122.579293,"66","Redwood Creek","Redwood Creek Mainstem","Scour Pool",2,"1",NA,"Dipsea"
"SH","1+",4,14378,65,4915,735,"2020-08-10",2020,37.901088,-122.581296,"68","Redwood Creek","Redwood Creek Mainstem","Scour Pool",2,"1",NA,"Dipsea"
"CO","YoY",0,14378,65,4915,735,"2020-08-10",2020,37.901088,-122.581296,"68","Redwood Creek","Redwood Creek Mainstem","Scour Pool",2,"1",NA,"Dipsea"
"SH","YoY",1,14378,65,4915,735,"2020-08-10",2020,37.901088,-122.581296,"68","Redwood Creek","Redwood Creek Mainstem","Scour Pool",2,"1",NA,"Dipsea"
"CO","YoY",0,14379,70,4916,779,"2020-08-10",2020,37.902869,-122.584561,"72","Redwood Creek","Redwood Creek Mainstem","Mid-Channel Pool",2,".9",NA,"Foot4"
"SH","YoY",1,14379,70,4916,779,"2020-08-10",2020,37.902869,-122.584561,"72","Redwood Creek","Redwood Creek Mainstem","Mid-Channel Pool",2,".9",NA,"Foot4"
"SH","1+",2,14379,70,4916,779,"2020-08-10",2020,37.902869,-122.584561,"72","Redwood Creek","Redwood Creek Mainstem","Mid-Channel Pool",2,".9",NA,"Foot4"
"CO","YoY",0,14380,42,4917,501,"2020-08-03",2020,37.889411,-122.567447,"47","Redwood Creek","Redwood Creek Mainstem","Scour Pool",1,"1",300,"KentCreekTrail"
"SH","YoY",1,14380,42,4917,501,"2020-08-03",2020,37.889411,-122.567447,"47","Redwood Creek","Redwood Creek Mainstem","Scour Pool",1,"1",300,"KentCreekTrail"
"SH","1+",4,14380,42,4917,501,"2020-08-03",2020,37.889411,-122.567447,"47","Redwood Creek","Redwood Creek Mainstem","Scour Pool",1,"1",300,"KentCreekTrail"
"CO","YoY",0,14381,43,4918,512,"2020-08-03",2020,37.89,-122.567983,"48","Redwood Creek","Redwood Creek Mainstem","Scour Pool",1,"1",360,"KentCreekTrail"
"SH","YoY",1,14381,43,4918,512,"2020-08-03",2020,37.89,-122.567983,"48","Redwood Creek","Redwood Creek Mainstem","Scour Pool",1,"1",360,"KentCreekTrail"
"SH","1+",18,14381,43,4918,512,"2020-08-03",2020,37.89,-122.567983,"48","Redwood Creek","Redwood Creek Mainstem","Scour Pool",1,"1",360,"KentCreekTrail"
"CO","YoY",0,14382,43,4919,520,"2020-08-03",2020,37.89,-122.567983,"48","Redwood Creek","Redwood Creek Mainstem","Scour Pool",1,"1",360,"KentCreekTrail"
"SH","YoY",1,14382,43,4919,520,"2020-08-03",2020,37.89,-122.567983,"48","Redwood Creek","Redwood Creek Mainstem","Scour Pool",1,"1",360,"KentCreekTrail"
"SH","1+",3,14382,43,4919,520,"2020-08-03",2020,37.89,-122.567983,"48","Redwood Creek","Redwood Creek Mainstem","Scour Pool",1,"1",360,"KentCreekTrail"
"CO","YoY",0,14383,46,4920,541,"2020-08-03",2020,37.890993,-122.569527,"50","Redwood Creek","Redwood Creek Mainstem","Scour Pool",1,"1",300,"Dipsea"
"SH","YoY",1,14383,46,4920,541,"2020-08-03",2020,37.890993,-122.569527,"50","Redwood Creek","Redwood Creek Mainstem","Scour Pool",1,"1",300,"Dipsea"
"SH","1+",4,14383,46,4920,541,"2020-08-03",2020,37.890993,-122.569527,"50","Redwood Creek","Redwood Creek Mainstem","Scour Pool",1,"1",300,"Dipsea"
"CO","YoY",1,14384,47,4921,551,"2020-08-03",2020,37.891506,-122.570365,"51","Redwood Creek","Redwood Creek Mainstem","Mid-Channel Pool",1,".8",360,"Dipsea"
"SH","1+",14,14384,47,4921,551,"2020-08-03",2020,37.891506,-122.570365,"51","Redwood Creek","Redwood Creek Mainstem","Mid-Channel Pool",1,".8",360,"Dipsea"
"SH","YoY",1,14384,47,4921,551,"2020-08-03",2020,37.891506,-122.570365,"51","Redwood Creek","Redwood Creek Mainstem","Mid-Channel Pool",1,".8",360,"Dipsea"
"CO","YoY",0,14385,48,4922,565,"2020-08-03",2020,37.891777,-122.571389,"52","Redwood Creek","Redwood Creek Mainstem","Scour Pool",1,"1",120,"Dipsea"
"SH","YoY",1,14385,48,4922,565,"2020-08-03",2020,37.891777,-122.571389,"52","Redwood Creek","Redwood Creek Mainstem","Scour Pool",1,"1",120,"Dipsea"
"SH","1+",0,14385,48,4922,565,"2020-08-03",2020,37.891777,-122.571389,"52","Redwood Creek","Redwood Creek Mainstem","Scour Pool",1,"1",120,"Dipsea"
"CO","YoY",2,14386,49,4923,575,"2020-08-03",2020,37.89236,-122.572321,"53","Redwood Creek","Redwood Creek Mainstem","Plunge Pool",1,"1",300,"Dipsea"
"SH","YoY",1,14386,49,4923,575,"2020-08-03",2020,37.89236,-122.572321,"53","Redwood Creek","Redwood Creek Mainstem","Plunge Pool",1,"1",300,"Dipsea"
"SH","1+",1,14386,49,4923,575,"2020-08-03",2020,37.89236,-122.572321,"53","Redwood Creek","Redwood Creek Mainstem","Plunge Pool",1,"1",300,"Dipsea"
"CO","YoY",15,14387,51,4924,595,"2020-08-03",2020,37.893623,-122.573985,"55","Redwood Creek","Redwood Creek Mainstem","Mid-Channel Pool",1,"1",360,"Dipsea"
"SH","YoY",1,14387,51,4924,595,"2020-08-03",2020,37.893623,-122.573985,"55","Redwood Creek","Redwood Creek Mainstem","Mid-Channel Pool",1,"1",360,"Dipsea"
"SH","1+",1,14387,51,4924,595,"2020-08-03",2020,37.893623,-122.573985,"55","Redwood Creek","Redwood Creek Mainstem","Mid-Channel Pool",1,"1",360,"Dipsea"
"CO","YoY",1,14388,53,4925,618,"2020-08-03",2020,37.894473,-122.575054,"57","Redwood Creek","Redwood Creek Mainstem","Mid-Channel Pool",1,"1",180,"Dipsea"
"SH","YoY",1,14388,53,4925,618,"2020-08-03",2020,37.894473,-122.575054,"57","Redwood Creek","Redwood Creek Mainstem","Mid-Channel Pool",1,"1",180,"Dipsea"
"SH","1+",1,14388,53,4925,618,"2020-08-03",2020,37.894473,-122.575054,"57","Redwood Creek","Redwood Creek Mainstem","Mid-Channel Pool",1,"1",180,"Dipsea"
"SH","1+",7,14389,55,4926,632,"2020-08-04",2020,37.896268,-122.57529,"59","Redwood Creek","Redwood Creek Mainstem","Scour Pool",1,"1",600,"Dipsea"
"CO","YoY",1,14389,55,4926,632,"2020-08-04",2020,37.896268,-122.57529,"59","Redwood Creek","Redwood Creek Mainstem","Scour Pool",1,"1",600,"Dipsea"
"SH","YoY",1,14389,55,4926,632,"2020-08-04",2020,37.896268,-122.57529,"59","Redwood Creek","Redwood Creek Mainstem","Scour Pool",1,"1",600,"Dipsea"
"SH","1+",2,14390,58,4927,665,"2020-08-04",2020,37.897776,-122.57541,"61","Redwood Creek","Redwood Creek Mainstem","Scour Pool",1,"1",420,"Dipsea"
"SH","YoY",1,14390,58,4927,665,"2020-08-04",2020,37.897776,-122.57541,"61","Redwood Creek","Redwood Creek Mainstem","Scour Pool",1,"1",420,"Dipsea"
"CO","YoY",3,14390,58,4927,665,"2020-08-04",2020,37.897776,-122.57541,"61","Redwood Creek","Redwood Creek Mainstem","Scour Pool",1,"1",420,"Dipsea"
"CO","YoY",0,14391,60,4928,678,"2020-08-04",2020,37.899186,-122.576559,"63","Redwood Creek","Redwood Creek Mainstem","Scour Pool",1,"1",300,"Dipsea"
"SH","YoY",1,14391,60,4928,678,"2020-08-04",2020,37.899186,-122.576559,"63","Redwood Creek","Redwood Creek Mainstem","Scour Pool",1,"1",300,"Dipsea"
"SH","1+",1,14391,60,4928,678,"2020-08-04",2020,37.899186,-122.576559,"63","Redwood Creek","Redwood Creek Mainstem","Scour Pool",1,"1",300,"Dipsea"
"SH","1+",0,14392,61,4929,695,"2020-08-04",2020,37.899801,-122.577489,"64","Redwood Creek","Redwood Creek Mainstem","Mid-Channel Pool",1,"1",120,"Dipsea"
"CO","YoY",0,14392,61,4929,695,"2020-08-04",2020,37.899801,-122.577489,"64","Redwood Creek","Redwood Creek Mainstem","Mid-Channel Pool",1,"1",120,"Dipsea"
"SH","YoY",1,14392,61,4929,695,"2020-08-04",2020,37.899801,-122.577489,"64","Redwood Creek","Redwood Creek Mainstem","Mid-Channel Pool",1,"1",120,"Dipsea"
"SH","1+",0,14393,63,4930,708,"2020-08-04",2020,37.900941,-122.579293,"66","Redwood Creek","Redwood Creek Mainstem","Scour Pool",1,"1",240,"Dipsea"
"CO","YoY",0,14393,63,4930,708,"2020-08-04",2020,37.900941,-122.579293,"66","Redwood Creek","Redwood Creek Mainstem","Scour Pool",1,"1",240,"Dipsea"
"SH","YoY",1,14393,63,4930,708,"2020-08-04",2020,37.900941,-122.579293,"66","Redwood Creek","Redwood Creek Mainstem","Scour Pool",1,"1",240,"Dipsea"
"CO","YoY",0,14394,64,4931,721,"2020-08-04",2020,37.900977,-122.580126,"67","Redwood Creek","Redwood Creek Mainstem","Scour Pool",1,"1",300,"Dipsea"
"SH","YoY",1,14394,64,4931,721,"2020-08-04",2020,37.900977,-122.580126,"67","Redwood Creek","Redwood Creek Mainstem","Scour Pool",1,"1",300,"Dipsea"
"SH","1+",4,14394,64,4931,721,"2020-08-04",2020,37.900977,-122.580126,"67","Redwood Creek","Redwood Creek Mainstem","Scour Pool",1,"1",300,"Dipsea"
"SH","YoY",1,14395,65,4932,735,"2020-08-04",2020,37.901088,-122.581296,"68","Redwood Creek","Redwood Creek Mainstem","Scour Pool",1,"1",300,"Dipsea"
"SH","1+",4,14395,65,4932,735,"2020-08-04",2020,37.901088,-122.581296,"68","Redwood Creek","Redwood Creek Mainstem","Scour Pool",1,"1",300,"Dipsea"
"CO","YoY",0,14395,65,4932,735,"2020-08-04",2020,37.901088,-122.581296,"68","Redwood Creek","Redwood Creek Mainstem","Scour Pool",1,"1",300,"Dipsea"
"CO","YoY",0,14396,66,4933,753,"2020-08-04",2020,37.901375,-122.581908,"69","Redwood Creek","Redwood Creek Mainstem","Scour Pool",1,"1",120,"Foot4"
"SH","YoY",1,14396,66,4933,753,"2020-08-04",2020,37.901375,-122.581908,"69","Redwood Creek","Redwood Creek Mainstem","Scour Pool",1,"1",120,"Foot4"
"SH","1+",2,14396,66,4933,753,"2020-08-04",2020,37.901375,-122.581908,"69","Redwood Creek","Redwood Creek Mainstem","Scour Pool",1,"1",120,"Foot4"
"CO","YoY",0,14397,70,4934,779,"2020-08-04",2020,37.902869,-122.584561,"72","Redwood Creek","Redwood Creek Mainstem","Mid-Channel Pool",1,"1",240,"Foot4"
"SH","YoY",1,14397,70,4934,779,"2020-08-04",2020,37.902869,-122.584561,"72","Redwood Creek","Redwood Creek Mainstem","Mid-Channel Pool",1,"1",240,"Foot4"
"SH","1+",4,14397,70,4934,779,"2020-08-04",2020,37.902869,-122.584561,"72","Redwood Creek","Redwood Creek Mainstem","Mid-Channel Pool",1,"1",240,"Foot4"
"CO","YoY",0,14398,39,4935,466,"2020-08-05",2020,37.887009,-122.566678,"44","Redwood Creek","Redwood Creek Mainstem","Scour Pool",2,"1",240,"KentCreekTrail"
"SH","YoY",1,14398,39,4935,466,"2020-08-05",2020,37.887009,-122.566678,"44","Redwood Creek","Redwood Creek Mainstem","Scour Pool",2,"1",240,"KentCreekTrail"
"SH","1+",3,14398,39,4935,466,"2020-08-05",2020,37.887009,-122.566678,"44","Redwood Creek","Redwood Creek Mainstem","Scour Pool",2,"1",240,"KentCreekTrail"
"CO","YoY",0,14399,41,4936,486,"2020-08-05",2020,37.888516,-122.567389,"46","Redwood Creek","Redwood Creek Mainstem","Scour Pool",2,"1",360,"KentCreekTrail"
"SH","YoY",1,14399,41,4936,486,"2020-08-05",2020,37.888516,-122.567389,"46","Redwood Creek","Redwood Creek Mainstem","Scour Pool",2,"1",360,"KentCreekTrail"
"SH","1+",3,14399,41,4936,486,"2020-08-05",2020,37.888516,-122.567389,"46","Redwood Creek","Redwood Creek Mainstem","Scour Pool",2,"1",360,"KentCreekTrail"
"CO","YoY",0,14400,43,4937,512,"2020-08-05",2020,37.89,-122.567983,"48","Redwood Creek","Redwood Creek Mainstem","Scour Pool",2,"1",360,"KentCreekTrail"
"SH","YoY",1,14400,43,4937,512,"2020-08-05",2020,37.89,-122.567983,"48","Redwood Creek","Redwood Creek Mainstem","Scour Pool",2,"1",360,"KentCreekTrail"
"SH","1+",23,14400,43,4937,512,"2020-08-05",2020,37.89,-122.567983,"48","Redwood Creek","Redwood Creek Mainstem","Scour Pool",2,"1",360,"KentCreekTrail"
"CO","YoY",1,14401,46,4938,541,"2020-08-05",2020,37.890993,-122.569527,"50","Redwood Creek","Redwood Creek Mainstem","Scour Pool",2,".9",300,"Dipsea"
"SH","1+",3,14401,46,4938,541,"2020-08-05",2020,37.890993,-122.569527,"50","Redwood Creek","Redwood Creek Mainstem","Scour Pool",2,".9",300,"Dipsea"
"SH","YoY",1,14401,46,4938,541,"2020-08-05",2020,37.890993,-122.569527,"50","Redwood Creek","Redwood Creek Mainstem","Scour Pool",2,".9",300,"Dipsea"
"CO","YoY",0,14402,48,4939,565,"2020-08-05",2020,37.891777,-122.571389,"52","Redwood Creek","Redwood Creek Mainstem","Scour Pool",2,"1",120,"Dipsea"
"SH","YoY",1,14402,48,4939,565,"2020-08-05",2020,37.891777,-122.571389,"52","Redwood Creek","Redwood Creek Mainstem","Scour Pool",2,"1",120,"Dipsea"
"SH","1+",0,14402,48,4939,565,"2020-08-05",2020,37.891777,-122.571389,"52","Redwood Creek","Redwood Creek Mainstem","Scour Pool",2,"1",120,"Dipsea"
"CO","YoY",17,14403,51,4940,595,"2020-08-05",2020,37.893623,-122.573985,"55","Redwood Creek","Redwood Creek Mainstem","Mid-Channel Pool",2,"1",480,"Dipsea"
"SH","YoY",1,14403,51,4940,595,"2020-08-05",2020,37.893623,-122.573985,"55","Redwood Creek","Redwood Creek Mainstem","Mid-Channel Pool",2,"1",480,"Dipsea"
"SH","1+",1,14403,51,4940,595,"2020-08-05",2020,37.893623,-122.573985,"55","Redwood Creek","Redwood Creek Mainstem","Mid-Channel Pool",2,"1",480,"Dipsea"
"CO","YoY",0,14404,55,4941,632,"2020-08-05",2020,37.896268,-122.57529,"59","Redwood Creek","Redwood Creek Mainstem","Scour Pool",2,"1",360,"Dipsea"
"SH","YoY",1,14404,55,4941,632,"2020-08-05",2020,37.896268,-122.57529,"59","Redwood Creek","Redwood Creek Mainstem","Scour Pool",2,"1",360,"Dipsea"
"SH","1+",6,14404,55,4941,632,"2020-08-05",2020,37.896268,-122.57529,"59","Redwood Creek","Redwood Creek Mainstem","Scour Pool",2,"1",360,"Dipsea"
"CO","YoY",0,14405,19,4942,268,"2020-08-11",2020,37.878983,-122.578175,"26","Redwood Creek","Redwood Creek Mainstem","Mid-Channel Pool",3,".8",NA,"PacificWay"
"SH","YoY",1,14405,19,4942,268,"2020-08-11",2020,37.878983,-122.578175,"26","Redwood Creek","Redwood Creek Mainstem","Mid-Channel Pool",3,".8",NA,"PacificWay"
"SH","1+",12,14405,19,4942,268,"2020-08-11",2020,37.878983,-122.578175,"26","Redwood Creek","Redwood Creek Mainstem","Mid-Channel Pool",3,".8",NA,"PacificWay"
"SH","1+",15,14406,22,4943,297,"2020-08-11",2020,37.880695,-122.57684,"29","Redwood Creek","Redwood Creek Mainstem","Scour Pool",3,".9",NA,"PacificWay"
"CO","YoY",0,14406,22,4943,297,"2020-08-11",2020,37.880695,-122.57684,"29","Redwood Creek","Redwood Creek Mainstem","Scour Pool",3,".9",NA,"PacificWay"
"SH","YoY",35,14406,22,4943,297,"2020-08-11",2020,37.880695,-122.57684,"29","Redwood Creek","Redwood Creek Mainstem","Scour Pool",3,".9",NA,"PacificWay"
"SH","1+",1,14407,25,4944,320,"2020-08-11",2020,37.881622,-122.575398,"31","Redwood Creek","Redwood Creek Mainstem","Mid-Channel Pool",3,"1",NA,"KentCreekTrail"
"CO","YoY",0,14407,25,4944,320,"2020-08-11",2020,37.881622,-122.575398,"31","Redwood Creek","Redwood Creek Mainstem","Mid-Channel Pool",3,"1",NA,"KentCreekTrail"
"SH","YoY",1,14407,25,4944,320,"2020-08-11",2020,37.881622,-122.575398,"31","Redwood Creek","Redwood Creek Mainstem","Mid-Channel Pool",3,"1",NA,"KentCreekTrail"
"CO","YoY",0,14408,27,4945,344,"2020-08-11",2020,37.882868,-122.574335,"33","Redwood Creek","Redwood Creek Mainstem","Scour Pool",3,".9",NA,"KentCreekTrail"
"SH","YoY",1,14408,27,4945,344,"2020-08-11",2020,37.882868,-122.574335,"33","Redwood Creek","Redwood Creek Mainstem","Scour Pool",3,".9",NA,"KentCreekTrail"
"SH","1+",13,14408,27,4945,344,"2020-08-11",2020,37.882868,-122.574335,"33","Redwood Creek","Redwood Creek Mainstem","Scour Pool",3,".9",NA,"KentCreekTrail"
"SH","1+",3,14409,29,4946,366,"2020-08-11",2020,37.883427,-122.572546,"35","Redwood Creek","Redwood Creek Mainstem","Mid-Channel Pool",3,".9",NA,"KentCreekTrail"
"CO","YoY",0,14409,29,4946,366,"2020-08-11",2020,37.883427,-122.572546,"35","Redwood Creek","Redwood Creek Mainstem","Mid-Channel Pool",3,".9",NA,"KentCreekTrail"
"SH","YoY",1,14409,29,4946,366,"2020-08-11",2020,37.883427,-122.572546,"35","Redwood Creek","Redwood Creek Mainstem","Mid-Channel Pool",3,".9",NA,"KentCreekTrail"
"SH","1+",7,14410,30,4947,382,"2020-08-11",2020,37.883978,-122.571768,"36","Redwood Creek","Redwood Creek Mainstem","Scour Pool",3,".8",NA,"KentCreekTrail"
"CO","YoY",0,14410,30,4947,382,"2020-08-11",2020,37.883978,-122.571768,"36","Redwood Creek","Redwood Creek Mainstem","Scour Pool",3,".8",NA,"KentCreekTrail"
"SH","YoY",1,14410,30,4947,382,"2020-08-11",2020,37.883978,-122.571768,"36","Redwood Creek","Redwood Creek Mainstem","Scour Pool",3,".8",NA,"KentCreekTrail"
"CO","YoY",0,14411,32,4948,399,"2020-08-11",2020,37.884695,-122.570482,"38","Redwood Creek","Redwood Creek Mainstem","Mid-Channel Pool",3,"1",NA,"KentCreekTrail"
"SH","YoY",1,14411,32,4948,399,"2020-08-11",2020,37.884695,-122.570482,"38","Redwood Creek","Redwood Creek Mainstem","Mid-Channel Pool",3,"1",NA,"KentCreekTrail"
"SH","1+",0,14411,32,4948,399,"2020-08-11",2020,37.884695,-122.570482,"38","Redwood Creek","Redwood Creek Mainstem","Mid-Channel Pool",3,"1",NA,"KentCreekTrail"
"SH","YoY",1,14412,35,4949,418,"2020-08-11",2020,37.884713,-122.568948,"40","Redwood Creek","Redwood Creek Mainstem","Scour Pool",3,".9",NA,"KentCreekTrail"
"SH","1+",8,14412,35,4949,418,"2020-08-11",2020,37.884713,-122.568948,"40","Redwood Creek","Redwood Creek Mainstem","Scour Pool",3,".9",NA,"KentCreekTrail"
"CO","YoY",0,14412,35,4949,418,"2020-08-11",2020,37.884713,-122.568948,"40","Redwood Creek","Redwood Creek Mainstem","Scour Pool",3,".9",NA,"KentCreekTrail"
"CO","YoY",0,14413,37,4950,437,"2020-08-11",2020,37.885949,-122.567633,"42","Redwood Creek","Redwood Creek Mainstem","Scour Pool",3,".9",NA,"KentCreekTrail"
"SH","YoY",1,14413,37,4950,437,"2020-08-11",2020,37.885949,-122.567633,"42","Redwood Creek","Redwood Creek Mainstem","Scour Pool",3,".9",NA,"KentCreekTrail"
"SH","1+",6,14413,37,4950,437,"2020-08-11",2020,37.885949,-122.567633,"42","Redwood Creek","Redwood Creek Mainstem","Scour Pool",3,".9",NA,"KentCreekTrail"
"CO","YoY",0,14414,39,4951,466,"2020-08-11",2020,37.887009,-122.566678,"44","Redwood Creek","Redwood Creek Mainstem","Scour Pool",3,"1",NA,"KentCreekTrail"
"SH","YoY",1,14414,39,4951,466,"2020-08-11",2020,37.887009,-122.566678,"44","Redwood Creek","Redwood Creek Mainstem","Scour Pool",3,"1",NA,"KentCreekTrail"
"SH","1+",4,14414,39,4951,466,"2020-08-11",2020,37.887009,-122.566678,"44","Redwood Creek","Redwood Creek Mainstem","Scour Pool",3,"1",NA,"KentCreekTrail"
"CO","YoY",0,14415,41,4952,486,"2020-08-11",2020,37.888516,-122.567389,"46","Redwood Creek","Redwood Creek Mainstem","Scour Pool",3,"1",NA,"KentCreekTrail"
"SH","YoY",1,14415,41,4952,486,"2020-08-11",2020,37.888516,-122.567389,"46","Redwood Creek","Redwood Creek Mainstem","Scour Pool",3,"1",NA,"KentCreekTrail"
"SH","1+",11,14415,41,4952,486,"2020-08-11",2020,37.888516,-122.567389,"46","Redwood Creek","Redwood Creek Mainstem","Scour Pool",3,"1",NA,"KentCreekTrail"
"CO","YoY",0,14416,43,4953,512,"2020-08-11",2020,37.89,-122.567983,"48","Redwood Creek","Redwood Creek Mainstem","Scour Pool",3,"1",NA,"KentCreekTrail"
"SH","YoY",1,14416,43,4953,512,"2020-08-11",2020,37.89,-122.567983,"48","Redwood Creek","Redwood Creek Mainstem","Scour Pool",3,"1",NA,"KentCreekTrail"
"SH","1+",28,14416,43,4953,512,"2020-08-11",2020,37.89,-122.567983,"48","Redwood Creek","Redwood Creek Mainstem","Scour Pool",3,"1",NA,"KentCreekTrail"
"CO","YoY",0,14418,48,4954,565,"2020-08-11",2020,37.891777,-122.571389,"52","Redwood Creek","Redwood Creek Mainstem","Scour Pool",3,".9",NA,"Dipsea"
"SH","YoY",1,14418,48,4954,565,"2020-08-11",2020,37.891777,-122.571389,"52","Redwood Creek","Redwood Creek Mainstem","Scour Pool",3,".9",NA,"Dipsea"
"SH","1+",1,14418,48,4954,565,"2020-08-11",2020,37.891777,-122.571389,"52","Redwood Creek","Redwood Creek Mainstem","Scour Pool",3,".9",NA,"Dipsea"
"CO","YoY",15,14419,51,4955,595,"2020-08-11",2020,37.893623,-122.573985,"55","Redwood Creek","Redwood Creek Mainstem","Mid-Channel Pool",3,"1",NA,"Dipsea"
"SH","1+",7,14419,51,4955,595,"2020-08-11",2020,37.893623,-122.573985,"55","Redwood Creek","Redwood Creek Mainstem","Mid-Channel Pool",3,"1",NA,"Dipsea"
"SH","YoY",0,14419,51,4955,595,"2020-08-11",2020,37.893623,-122.573985,"55","Redwood Creek","Redwood Creek Mainstem","Mid-Channel Pool",3,"1",NA,"Dipsea"
"CO","YoY",1,14420,55,4956,632,"2020-08-11",2020,37.896268,-122.57529,"59","Redwood Creek","Redwood Creek Mainstem","Scour Pool",3,".7",NA,"Dipsea"
"SH","YoY",1,14420,55,4956,632,"2020-08-11",2020,37.896268,-122.57529,"59","Redwood Creek","Redwood Creek Mainstem","Scour Pool",3,".7",NA,"Dipsea"
"SH","1+",4,14420,55,4956,632,"2020-08-11",2020,37.896268,-122.57529,"59","Redwood Creek","Redwood Creek Mainstem","Scour Pool",3,".7",NA,"Dipsea"
"CO","YoY",0,14421,60,4957,678,"2020-08-11",2020,37.899186,-122.576559,"63","Redwood Creek","Redwood Creek Mainstem","Scour Pool",3,".9",NA,"Dipsea"
"SH","YoY",11,14421,60,4957,678,"2020-08-11",2020,37.899186,-122.576559,"63","Redwood Creek","Redwood Creek Mainstem","Scour Pool",3,".9",NA,"Dipsea"
"SH","1+",1,14421,60,4957,678,"2020-08-11",2020,37.899186,-122.576559,"63","Redwood Creek","Redwood Creek Mainstem","Scour Pool",3,".9",NA,"Dipsea"
"CO","YoY",0,14422,63,4958,708,"2020-08-11",2020,37.900941,-122.579293,"66","Redwood Creek","Redwood Creek Mainstem","Scour Pool",3,".9",NA,"Dipsea"
"SH","YoY",1,14422,63,4958,708,"2020-08-11",2020,37.900941,-122.579293,"66","Redwood Creek","Redwood Creek Mainstem","Scour Pool",3,".9",NA,"Dipsea"
"SH","1+",1,14422,63,4958,708,"2020-08-11",2020,37.900941,-122.579293,"66","Redwood Creek","Redwood Creek Mainstem","Scour Pool",3,".9",NA,"Dipsea"
"CO","YoY",0,14423,65,4959,735,"2020-08-11",2020,37.901088,-122.581296,"68","Redwood Creek","Redwood Creek Mainstem","Scour Pool",3,"1",NA,"Dipsea"
"SH","YoY",1,14423,65,4959,735,"2020-08-11",2020,37.901088,-122.581296,"68","Redwood Creek","Redwood Creek Mainstem","Scour Pool",3,"1",NA,"Dipsea"
"SH","1+",4,14423,65,4959,735,"2020-08-11",2020,37.901088,-122.581296,"68","Redwood Creek","Redwood Creek Mainstem","Scour Pool",3,"1",NA,"Dipsea"
"CO","YoY",0,14424,70,4960,779,"2020-08-11",2020,37.902869,-122.584561,"72","Redwood Creek","Redwood Creek Mainstem","Mid-Channel Pool",3,".9",NA,"Foot4"
"SH","YoY",1,14424,70,4960,779,"2020-08-11",2020,37.902869,-122.584561,"72","Redwood Creek","Redwood Creek Mainstem","Mid-Channel Pool",3,".9",NA,"Foot4"
"SH","1+",5,14424,70,4960,779,"2020-08-11",2020,37.902869,-122.584561,"72","Redwood Creek","Redwood Creek Mainstem","Mid-Channel Pool",3,".9",NA,"Foot4"
"CO","YoY",0,14425,60,4961,682,"2020-08-11",2020,37.899186,-122.576559,"63","Redwood Creek","Redwood Creek Mainstem","Scour Pool",1,"1",NA,"Dipsea"
"SH","1+",3,14425,60,4961,682,"2020-08-11",2020,37.899186,-122.576559,"63","Redwood Creek","Redwood Creek Mainstem","Scour Pool",1,"1",NA,"Dipsea"
"SH","YoY",17,14425,60,4961,682,"2020-08-11",2020,37.899186,-122.576559,"63","Redwood Creek","Redwood Creek Mainstem","Scour Pool",1,"1",NA,"Dipsea"
"CO","YoY",0,14426,48,4962,567,"2020-08-05",2020,37.891777,-122.571389,"52","Redwood Creek","Redwood Creek Mainstem","Flatwater",1,"1",120,"Dipsea"
"SH","YoY",1,14426,48,4962,567,"2020-08-05",2020,37.891777,-122.571389,"52","Redwood Creek","Redwood Creek Mainstem","Flatwater",1,"1",120,"Dipsea"
"SH","1+",0,14426,48,4962,567,"2020-08-05",2020,37.891777,-122.571389,"52","Redwood Creek","Redwood Creek Mainstem","Flatwater",1,"1",120,"Dipsea"
"CO","YoY",0,14427,31,4963,384,"2020-08-12",2020,37.884512,-122.571257,"37","Redwood Creek","Redwood Creek Mainstem","Mid-Channel Pool",1,".9",300,"KentCreekTrail"
"SH","YoY",13,14427,31,4963,384,"2020-08-12",2020,37.884512,-122.571257,"37","Redwood Creek","Redwood Creek Mainstem","Mid-Channel Pool",1,".9",300,"KentCreekTrail"
"SH","1+",5,14427,31,4963,384,"2020-08-12",2020,37.884512,-122.571257,"37","Redwood Creek","Redwood Creek Mainstem","Mid-Channel Pool",1,".9",300,"KentCreekTrail"
"CO","YoY",0,14428,31,4964,387,"2020-08-12",2020,37.884512,-122.571257,"37","Redwood Creek","Redwood Creek Mainstem","Mid-Channel Pool",1,".9",360,"KentCreekTrail"
"SH","YoY",31,14428,31,4964,387,"2020-08-12",2020,37.884512,-122.571257,"37","Redwood Creek","Redwood Creek Mainstem","Mid-Channel Pool",1,".9",360,"KentCreekTrail"
"SH","1+",3,14428,31,4964,387,"2020-08-12",2020,37.884512,-122.571257,"37","Redwood Creek","Redwood Creek Mainstem","Mid-Channel Pool",1,".9",360,"KentCreekTrail"
"CO","YoY",0,14429,22,4965,296,"2020-08-12",2020,37.880695,-122.57684,"29","Redwood Creek","Redwood Creek Mainstem","Mid-Channel Pool",1,"1",60,"PacificWay"
"SH","YoY",5,14429,22,4965,296,"2020-08-12",2020,37.880695,-122.57684,"29","Redwood Creek","Redwood Creek Mainstem","Mid-Channel Pool",1,"1",60,"PacificWay"
"SH","1+",0,14429,22,4965,296,"2020-08-12",2020,37.880695,-122.57684,"29","Redwood Creek","Redwood Creek Mainstem","Mid-Channel Pool",1,"1",60,"PacificWay"
"CO","YoY",0,14430,22,4966,299,"2020-08-12",2020,37.880695,-122.57684,"29","Redwood Creek","Redwood Creek Mainstem","Flatwater",1,"1",60,"PacificWay"
"SH","YoY",7,14430,22,4966,299,"2020-08-12",2020,37.880695,-122.57684,"29","Redwood Creek","Redwood Creek Mainstem","Flatwater",1,"1",60,"PacificWay"
"SH","1+",0,14430,22,4966,299,"2020-08-12",2020,37.880695,-122.57684,"29","Redwood Creek","Redwood Creek Mainstem","Flatwater",1,"1",60,"PacificWay"
"CO","YoY",0,14431,22,4967,301,"2020-08-12",2020,37.880695,-122.57684,"29","Redwood Creek","Redwood Creek Mainstem","Scour Pool",1,".9",300,"PacificWay"
"SH","YoY",15,14431,22,4967,301,"2020-08-12",2020,37.880695,-122.57684,"29","Redwood Creek","Redwood Creek Mainstem","Scour Pool",1,".9",300,"PacificWay"
"SH","1+",12,14431,22,4967,301,"2020-08-12",2020,37.880695,-122.57684,"29","Redwood Creek","Redwood Creek Mainstem","Scour Pool",1,".9",300,"PacificWay"
"CO","YoY",0,14432,22,4968,302,"2020-08-12",2020,37.880695,-122.57684,"29","Redwood Creek","Redwood Creek Mainstem","Flatwater",1,"1",60,"PacificWay"
"SH","YoY",6,14432,22,4968,302,"2020-08-12",2020,37.880695,-122.57684,"29","Redwood Creek","Redwood Creek Mainstem","Flatwater",1,"1",60,"PacificWay"
"SH","1+",0,14432,22,4968,302,"2020-08-12",2020,37.880695,-122.57684,"29","Redwood Creek","Redwood Creek Mainstem","Flatwater",1,"1",60,"PacificWay"
"SH","1+",12,14433,10,4969,183,"2020-08-12",2020,37.874915,-122.582915,"18","Redwood Creek","Redwood Creek Mainstem","Scour Pool",1,".9",660,"PacificWay"
"SH","YoY",46,14433,10,4969,183,"2020-08-12",2020,37.874915,-122.582915,"18","Redwood Creek","Redwood Creek Mainstem","Scour Pool",1,".9",660,"PacificWay"
"CO","YoY",0,14433,10,4969,183,"2020-08-12",2020,37.874915,-122.582915,"18","Redwood Creek","Redwood Creek Mainstem","Scour Pool",1,".9",660,"PacificWay"
"SH","YoY",7,14434,74,4970,78,"2020-08-12",2020,37.86857,-122.58031,"8","Redwood Creek","Redwood Creek Mainstem","Scour Pool",1,"1",240,NA
"SH","1+",2,14434,74,4970,78,"2020-08-12",2020,37.86857,-122.58031,"8","Redwood Creek","Redwood Creek Mainstem","Scour Pool",1,"1",240,NA
"CO","YoY",0,14434,74,4970,78,"2020-08-12",2020,37.86857,-122.58031,"8","Redwood Creek","Redwood Creek Mainstem","Scour Pool",1,"1",240,NA
"CO","YoY",0,14435,74,4971,84,"2020-08-12",2020,37.86857,-122.58031,"8","Redwood Creek","Redwood Creek Mainstem","Scour Pool",1,".9",600,NA
"SH","YoY",24,14435,74,4971,84,"2020-08-12",2020,37.86857,-122.58031,"8","Redwood Creek","Redwood Creek Mainstem","Scour Pool",1,".9",600,NA
"SH","1+",10,14435,74,4971,84,"2020-08-12",2020,37.86857,-122.58031,"8","Redwood Creek","Redwood Creek Mainstem","Scour Pool",1,".9",600,NA
"CO","YoY",0,16416,413,5912,18,"2022-07-20",2022,37.86135,-122.57436,"0.5","Redwood Creek","Redwood Creek Mainstem","Mid-Channel Pool",1,"0.9",0,"PacificWay"
"SH","YoY",6,16416,413,5912,18,"2022-07-20",2022,37.86135,-122.57436,"0.5","Redwood Creek","Redwood Creek Mainstem","Mid-Channel Pool",1,"0.9",0,"PacificWay"
"SH","1+",0,16416,413,5912,18,"2022-07-20",2022,37.86135,-122.57436,"0.5","Redwood Creek","Redwood Creek Mainstem","Mid-Channel Pool",1,"0.9",0,"PacificWay"
"CO","YoY",16,16417,414,5913,32,"2022-07-20",2022,37.862189,-122.573932,"0.6","Redwood Creek","Redwood Creek Mainstem","Mid-Channel Pool",1,"0.8",0,"PacificWay"
"SH","YoY",14,16417,414,5913,32,"2022-07-20",2022,37.862189,-122.573932,"0.6","Redwood Creek","Redwood Creek Mainstem","Mid-Channel Pool",1,"0.8",0,"PacificWay"
"SH","1+",1,16417,414,5913,32,"2022-07-20",2022,37.862189,-122.573932,"0.6","Redwood Creek","Redwood Creek Mainstem","Mid-Channel Pool",1,"0.8",0,"PacificWay"
"SH","1+",1,16418,42,5914,540,"2022-08-03",2022,37.889411,-122.567447,"47","Redwood Creek","Redwood Creek Mainstem","Mid-Channel Pool",1,"1.0",0,"KentCreekTrail"
"SH","YoY",0,16418,42,5914,540,"2022-08-03",2022,37.889411,-122.567447,"47","Redwood Creek","Redwood Creek Mainstem","Mid-Channel Pool",1,"1.0",0,"KentCreekTrail"
"CO","YoY",60,16418,42,5914,540,"2022-08-03",2022,37.889411,-122.567447,"47","Redwood Creek","Redwood Creek Mainstem","Mid-Channel Pool",1,"1.0",0,"KentCreekTrail"
"CH","YoY",2,16418,42,5914,540,"2022-08-03",2022,37.889411,-122.567447,"47","Redwood Creek","Redwood Creek Mainstem","Mid-Channel Pool",1,"1.0",0,"KentCreekTrail"
"SH","YoY",1,16420,43,5915,550,"2022-08-03",2022,37.89,-122.567983,"48","Redwood Creek","Redwood Creek Mainstem","Mid-Channel Pool",1,"1.0",0,"KentCreekTrail"
"SH","1+",1,16420,43,5915,550,"2022-08-03",2022,37.89,-122.567983,"48","Redwood Creek","Redwood Creek Mainstem","Mid-Channel Pool",1,"1.0",0,"KentCreekTrail"
"CO","YoY",27,16420,43,5915,550,"2022-08-03",2022,37.89,-122.567983,"48","Redwood Creek","Redwood Creek Mainstem","Mid-Channel Pool",1,"1.0",0,"KentCreekTrail"
"CH","YoY",1,16420,43,5915,550,"2022-08-03",2022,37.89,-122.567983,"48","Redwood Creek","Redwood Creek Mainstem","Mid-Channel Pool",1,"1.0",0,"KentCreekTrail"
"CO","YoY",79,16421,12,5916,53,"2022-07-20",2022,37.86504,-122.57661,"2","Redwood Creek","Redwood Creek Mainstem","Mid-Channel Pool",1,"0.8",0,"PacificWay"
"SH","YoY",100,16421,12,5916,53,"2022-07-20",2022,37.86504,-122.57661,"2","Redwood Creek","Redwood Creek Mainstem","Mid-Channel Pool",1,"0.8",0,"PacificWay"
"SH","1+",0,16421,12,5916,53,"2022-07-20",2022,37.86504,-122.57661,"2","Redwood Creek","Redwood Creek Mainstem","Mid-Channel Pool",1,"0.8",0,"PacificWay"
"CH","YoY",2,16421,12,5916,53,"2022-07-20",2022,37.86504,-122.57661,"2","Redwood Creek","Redwood Creek Mainstem","Mid-Channel Pool",1,"0.8",0,"PacificWay"
"SH","YoY",1,16422,44,5917,564,"2022-08-03",2022,37.890641,-122.568603,"49","Redwood Creek","Redwood Creek Mainstem","Mid-Channel Pool",1,"1.0",0,"KentCreekTrail"
"CO","YoY",56,16422,44,5917,564,"2022-08-03",2022,37.890641,-122.568603,"49","Redwood Creek","Redwood Creek Mainstem","Mid-Channel Pool",1,"1.0",0,"KentCreekTrail"
"SH","1+",1,16422,44,5917,564,"2022-08-03",2022,37.890641,-122.568603,"49","Redwood Creek","Redwood Creek Mainstem","Mid-Channel Pool",1,"1.0",0,"KentCreekTrail"
"CH","YoY",4,16422,44,5917,564,"2022-08-03",2022,37.890641,-122.568603,"49","Redwood Creek","Redwood Creek Mainstem","Mid-Channel Pool",1,"1.0",0,"KentCreekTrail"
"SH","1+",0,16423,12,5918,56,"2022-07-20",2022,37.86504,-122.57661,"2","Redwood Creek","Redwood Creek Mainstem","Flatwater",1,"1.0",0,"PacificWay"
"SH","YoY",25,16423,12,5918,56,"2022-07-20",2022,37.86504,-122.57661,"2","Redwood Creek","Redwood Creek Mainstem","Flatwater",1,"1.0",0,"PacificWay"
"CO","YoY",0,16423,12,5918,56,"2022-07-20",2022,37.86504,-122.57661,"2","Redwood Creek","Redwood Creek Mainstem","Flatwater",1,"1.0",0,"PacificWay"
"SH","YoY",100,16424,23,5919,63,"2022-07-20",2022,37.86553,-122.57749,"3","Redwood Creek","Redwood Creek Mainstem","Mid-Channel Pool",1,"0.8",0,"PacificWay"
"SH","1+",3,16424,23,5919,63,"2022-07-20",2022,37.86553,-122.57749,"3","Redwood Creek","Redwood Creek Mainstem","Mid-Channel Pool",1,"0.8",0,"PacificWay"
"CO","YoY",38,16424,23,5919,63,"2022-07-20",2022,37.86553,-122.57749,"3","Redwood Creek","Redwood Creek Mainstem","Mid-Channel Pool",1,"0.8",0,"PacificWay"
"SH","YoY",0,16425,46,5920,576,"2022-08-03",2022,37.890993,-122.569527,"50","Redwood Creek","Redwood Creek Mainstem","Mid-Channel Pool",1,"1.0",0,"Dipsea"
"SH","1+",1,16425,46,5920,576,"2022-08-03",2022,37.890993,-122.569527,"50","Redwood Creek","Redwood Creek Mainstem","Mid-Channel Pool",1,"1.0",0,"Dipsea"
"CO","YoY",173,16425,46,5920,576,"2022-08-03",2022,37.890993,-122.569527,"50","Redwood Creek","Redwood Creek Mainstem","Mid-Channel Pool",1,"1.0",0,"Dipsea"
"CH","YoY",1,16425,46,5920,576,"2022-08-03",2022,37.890993,-122.569527,"50","Redwood Creek","Redwood Creek Mainstem","Mid-Channel Pool",1,"1.0",0,"Dipsea"
"SH","YoY",1,16426,45,5921,73,"2022-07-20",2022,37.866513,-122.579249,"5","Redwood Creek","Redwood Creek Mainstem","Scour Pool",1,"0.8",0,NA
"SH","1+",1,16426,45,5921,73,"2022-07-20",2022,37.866513,-122.579249,"5","Redwood Creek","Redwood Creek Mainstem","Scour Pool",1,"0.8",0,NA
"CO","YoY",20,16426,45,5921,73,"2022-07-20",2022,37.866513,-122.579249,"5","Redwood Creek","Redwood Creek Mainstem","Scour Pool",1,"0.8",0,NA
"SH","1+",1,16427,56,5922,83,"2022-07-20",2022,37.8671,-122.579695,"6","Redwood Creek","Redwood Creek Mainstem","Mid-Channel Pool",1,"1.0",0,"Dipsea"
"SH","YoY",1,16427,56,5922,83,"2022-07-20",2022,37.8671,-122.579695,"6","Redwood Creek","Redwood Creek Mainstem","Mid-Channel Pool",1,"1.0",0,"Dipsea"
"CO","YoY",22,16427,56,5922,83,"2022-07-20",2022,37.8671,-122.579695,"6","Redwood Creek","Redwood Creek Mainstem","Mid-Channel Pool",1,"1.0",0,"Dipsea"
"CO","YoY",27,16428,67,5923,96,"2022-07-20",2022,37.86783,-122.57979,"7","Redwood Creek","Redwood Creek Mainstem","Mid-Channel Pool",1,"1.0",0,"Foot4"
"SH","YoY",1,16428,67,5923,96,"2022-07-20",2022,37.86783,-122.57979,"7","Redwood Creek","Redwood Creek Mainstem","Mid-Channel Pool",1,"1.0",0,"Foot4"
"SH","1+",1,16428,67,5923,96,"2022-07-20",2022,37.86783,-122.57979,"7","Redwood Creek","Redwood Creek Mainstem","Mid-Channel Pool",1,"1.0",0,"Foot4"
"CO","YoY",23,16429,74,5924,104,"2022-07-20",2022,37.86857,-122.58031,"8","Redwood Creek","Redwood Creek Mainstem","Mid-Channel Pool",1,"1.0",0,NA
"SH","YoY",1,16429,74,5924,104,"2022-07-20",2022,37.86857,-122.58031,"8","Redwood Creek","Redwood Creek Mainstem","Mid-Channel Pool",1,"1.0",0,NA
"SH","1+",0,16429,74,5924,104,"2022-07-20",2022,37.86857,-122.58031,"8","Redwood Creek","Redwood Creek Mainstem","Mid-Channel Pool",1,"1.0",0,NA
"CO","YoY",9,16430,47,5925,587,"2022-08-03",2022,37.891506,-122.570365,"51","Redwood Creek","Redwood Creek Mainstem","Mid-Channel Pool",1,"1.0",0,"Dipsea"
"SH","YoY",1,16430,47,5925,587,"2022-08-03",2022,37.891506,-122.570365,"51","Redwood Creek","Redwood Creek Mainstem","Mid-Channel Pool",1,"1.0",0,"Dipsea"
"SH","1+",1,16430,47,5925,587,"2022-08-03",2022,37.891506,-122.570365,"51","Redwood Creek","Redwood Creek Mainstem","Mid-Channel Pool",1,"1.0",0,"Dipsea"
"CH","YoY",3,16430,47,5925,587,"2022-08-03",2022,37.891506,-122.570365,"51","Redwood Creek","Redwood Creek Mainstem","Mid-Channel Pool",1,"1.0",0,"Dipsea"
"CO","YoY",0,16432,75,5926,121,"2022-07-20",2022,37.86919,-122.58114,"9","Redwood Creek","Redwood Creek Mainstem","Flatwater",1,"1.0",0,NA
"SH","1+",0,16432,75,5926,121,"2022-07-20",2022,37.86919,-122.58114,"9","Redwood Creek","Redwood Creek Mainstem","Flatwater",1,"1.0",0,NA
"SH","YoY",8,16432,75,5926,121,"2022-07-20",2022,37.86919,-122.58114,"9","Redwood Creek","Redwood Creek Mainstem","Flatwater",1,"1.0",0,NA
"CO","YoY",4,16433,47,5927,590,"2022-08-03",2022,37.891506,-122.570365,"51","Redwood Creek","Redwood Creek Mainstem","Flatwater",1,"1.0",0,"Dipsea"
"SH","YoY",1,16433,47,5927,590,"2022-08-03",2022,37.891506,-122.570365,"51","Redwood Creek","Redwood Creek Mainstem","Flatwater",1,"1.0",0,"Dipsea"
"SH","1+",0,16433,47,5927,590,"2022-08-03",2022,37.891506,-122.570365,"51","Redwood Creek","Redwood Creek Mainstem","Flatwater",1,"1.0",0,"Dipsea"
"CH","YoY",2,16433,47,5927,590,"2022-08-03",2022,37.891506,-122.570365,"51","Redwood Creek","Redwood Creek Mainstem","Flatwater",1,"1.0",0,"Dipsea"
"SH","1+",0,16434,2,5928,127,"2022-07-20",2022,37.86978,-122.58167,"10","Redwood Creek","Redwood Creek Mainstem","Scour Pool",1,"0.7",0,"PacificWay"
"CO","YoY",4,16434,2,5928,127,"2022-07-20",2022,37.86978,-122.58167,"10","Redwood Creek","Redwood Creek Mainstem","Scour Pool",1,"0.7",0,"PacificWay"
"SH","YoY",1,16434,2,5928,127,"2022-07-20",2022,37.86978,-122.58167,"10","Redwood Creek","Redwood Creek Mainstem","Scour Pool",1,"0.7",0,"PacificWay"
"SH","1+",0,16435,48,5929,598,"2022-08-03",2022,37.891777,-122.571389,"52","Redwood Creek","Redwood Creek Mainstem","Mid-Channel Pool",1,"1.0",0,"Dipsea"
"SH","YoY",1,16435,48,5929,598,"2022-08-03",2022,37.891777,-122.571389,"52","Redwood Creek","Redwood Creek Mainstem","Mid-Channel Pool",1,"1.0",0,"Dipsea"
"CO","YoY",26,16435,48,5929,598,"2022-08-03",2022,37.891777,-122.571389,"52","Redwood Creek","Redwood Creek Mainstem","Mid-Channel Pool",1,"1.0",0,"Dipsea"
"SH","YoY",1,16436,2,5930,141,"2022-07-20",2022,37.86978,-122.58167,"10","Redwood Creek","Redwood Creek Mainstem","Mid-Channel Pool",1,"1.0",0,"PacificWay"
"SH","1+",1,16436,2,5930,141,"2022-07-20",2022,37.86978,-122.58167,"10","Redwood Creek","Redwood Creek Mainstem","Mid-Channel Pool",1,"1.0",0,"PacificWay"
"CO","YoY",0,16436,2,5930,141,"2022-07-20",2022,37.86978,-122.58167,"10","Redwood Creek","Redwood Creek Mainstem","Mid-Channel Pool",1,"1.0",0,"PacificWay"
"CH","YoY",2,16436,2,5930,141,"2022-07-20",2022,37.86978,-122.58167,"10","Redwood Creek","Redwood Creek Mainstem","Mid-Channel Pool",1,"1.0",0,"PacificWay"
"SH","YoY",1,16437,3,5931,147,"2022-07-20",2022,37.87048,-122.58219,"11","Redwood Creek","Redwood Creek Mainstem","Flatwater",1,"1.0",0,"PacificWay"
"SH","1+",0,16437,3,5931,147,"2022-07-20",2022,37.87048,-122.58219,"11","Redwood Creek","Redwood Creek Mainstem","Flatwater",1,"1.0",0,"PacificWay"
"CO","YoY",0,16437,3,5931,147,"2022-07-20",2022,37.87048,-122.58219,"11","Redwood Creek","Redwood Creek Mainstem","Flatwater",1,"1.0",0,"PacificWay"
"CO","YoY",20,16438,49,5932,615,"2022-08-02",2022,37.89236,-122.572321,"53","Redwood Creek","Redwood Creek Mainstem","Mid-Channel Pool",1,"1.0",0,"Dipsea"
"SH","YoY",1,16438,49,5932,615,"2022-08-02",2022,37.89236,-122.572321,"53","Redwood Creek","Redwood Creek Mainstem","Mid-Channel Pool",1,"1.0",0,"Dipsea"
"SH","1+",1,16438,49,5932,615,"2022-08-02",2022,37.89236,-122.572321,"53","Redwood Creek","Redwood Creek Mainstem","Mid-Channel Pool",1,"1.0",0,"Dipsea"
"CH","YoY",2,16438,49,5932,615,"2022-08-02",2022,37.89236,-122.572321,"53","Redwood Creek","Redwood Creek Mainstem","Mid-Channel Pool",1,"1.0",0,"Dipsea"
"SH","1+",1,16439,3,5933,148,"2022-07-20",2022,37.87048,-122.58219,"11","Redwood Creek","Redwood Creek Mainstem","Mid-Channel Pool",1,"1.0",0,"PacificWay"
"CO","YoY",10,16439,3,5933,148,"2022-07-20",2022,37.87048,-122.58219,"11","Redwood Creek","Redwood Creek Mainstem","Mid-Channel Pool",1,"1.0",0,"PacificWay"
"SH","YoY",1,16439,3,5933,148,"2022-07-20",2022,37.87048,-122.58219,"11","Redwood Creek","Redwood Creek Mainstem","Mid-Channel Pool",1,"1.0",0,"PacificWay"
"CO","YoY",16,16440,50,5934,626,"2022-08-03",2022,37.892846,-122.573028,"54","Redwood Creek","Redwood Creek Mainstem","Mid-Channel Pool",1,"1.0",0,"Dipsea"
"SH","YoY",1,16440,50,5934,626,"2022-08-03",2022,37.892846,-122.573028,"54","Redwood Creek","Redwood Creek Mainstem","Mid-Channel Pool",1,"1.0",0,"Dipsea"
"SH","1+",0,16440,50,5934,626,"2022-08-03",2022,37.892846,-122.573028,"54","Redwood Creek","Redwood Creek Mainstem","Mid-Channel Pool",1,"1.0",0,"Dipsea"
"CH","YoY",2,16440,50,5934,626,"2022-08-03",2022,37.892846,-122.573028,"54","Redwood Creek","Redwood Creek Mainstem","Mid-Channel Pool",1,"1.0",0,"Dipsea"
"SH","1+",1,16441,4,5935,156,"2022-07-20",2022,37.870986,-122.582781,"12","Redwood Creek","Redwood Creek Mainstem","Mid-Channel Pool",1,"0.9",0,"PacificWay"
"CO","YoY",4,16441,4,5935,156,"2022-07-20",2022,37.870986,-122.582781,"12","Redwood Creek","Redwood Creek Mainstem","Mid-Channel Pool",1,"0.9",0,"PacificWay"
"SH","YoY",1,16441,4,5935,156,"2022-07-20",2022,37.870986,-122.582781,"12","Redwood Creek","Redwood Creek Mainstem","Mid-Channel Pool",1,"0.9",0,"PacificWay"
"CH","YoY",4,16441,4,5935,156,"2022-07-20",2022,37.870986,-122.582781,"12","Redwood Creek","Redwood Creek Mainstem","Mid-Channel Pool",1,"0.9",0,"PacificWay"
"CO","YoY",10,16442,5,5936,166,"2022-07-20",2022,37.87193,-122.582798,"13","Redwood Creek","Redwood Creek Mainstem","Mid-Channel Pool",1,"1.0",0,"PacificWay"
"SH","YoY",1,16442,5,5936,166,"2022-07-20",2022,37.87193,-122.582798,"13","Redwood Creek","Redwood Creek Mainstem","Mid-Channel Pool",1,"1.0",0,"PacificWay"
"SH","1+",1,16442,5,5936,166,"2022-07-20",2022,37.87193,-122.582798,"13","Redwood Creek","Redwood Creek Mainstem","Mid-Channel Pool",1,"1.0",0,"PacificWay"
"CO","YoY",18,16443,1,5937,49,"2022-07-20",2022,37.86434,-122.57582,"1","Redwood Creek","Redwood Creek Mainstem","Mid-Channel Pool",1,"0.8",0,"PacificWay"
"SH","YoY",20,16443,1,5937,49,"2022-07-20",2022,37.86434,-122.57582,"1","Redwood Creek","Redwood Creek Mainstem","Mid-Channel Pool",1,"0.8",0,"PacificWay"
"SH","1+",5,16443,1,5937,49,"2022-07-20",2022,37.86434,-122.57582,"1","Redwood Creek","Redwood Creek Mainstem","Mid-Channel Pool",1,"0.8",0,"PacificWay"
"CO","YoY",5,16444,2,5938,127,"2022-07-25",2022,37.86978,-122.58167,"10","Redwood Creek","Redwood Creek Mainstem","Scour Pool",1,"1.0",0,"PacificWay"
"SH","1+",0,16444,2,5938,127,"2022-07-25",2022,37.86978,-122.58167,"10","Redwood Creek","Redwood Creek Mainstem","Scour Pool",1,"1.0",0,"PacificWay"
"SH","YoY",18,16444,2,5938,127,"2022-07-25",2022,37.86978,-122.58167,"10","Redwood Creek","Redwood Creek Mainstem","Scour Pool",1,"1.0",0,"PacificWay"
"CO","YoY",0,16445,2,5939,141,"2022-07-25",2022,37.86978,-122.58167,"10","Redwood Creek","Redwood Creek Mainstem","Mid-Channel Pool",1,"1.0",0,"PacificWay"
"SH","YoY",26,16445,2,5939,141,"2022-07-25",2022,37.86978,-122.58167,"10","Redwood Creek","Redwood Creek Mainstem","Mid-Channel Pool",1,"1.0",0,"PacificWay"
"SH","1+",1,16445,2,5939,141,"2022-07-25",2022,37.86978,-122.58167,"10","Redwood Creek","Redwood Creek Mainstem","Mid-Channel Pool",1,"1.0",0,"PacificWay"
"CH","YoY",2,16445,2,5939,141,"2022-07-25",2022,37.86978,-122.58167,"10","Redwood Creek","Redwood Creek Mainstem","Mid-Channel Pool",1,"1.0",0,"PacificWay"
"CO","YoY",13,16446,3,5940,148,"2022-07-25",2022,37.87048,-122.58219,"11","Redwood Creek","Redwood Creek Mainstem","Mid-Channel Pool",1,"1.0",0,"PacificWay"
"SH","YoY",1,16446,3,5940,148,"2022-07-25",2022,37.87048,-122.58219,"11","Redwood Creek","Redwood Creek Mainstem","Mid-Channel Pool",1,"1.0",0,"PacificWay"
"SH","1+",3,16446,3,5940,148,"2022-07-25",2022,37.87048,-122.58219,"11","Redwood Creek","Redwood Creek Mainstem","Mid-Channel Pool",1,"1.0",0,"PacificWay"
"CH","YoY",1,16446,3,5940,148,"2022-07-25",2022,37.87048,-122.58219,"11","Redwood Creek","Redwood Creek Mainstem","Mid-Channel Pool",1,"1.0",0,"PacificWay"
"CO","YoY",3,16447,4,5941,156,"2022-07-25",2022,37.870986,-122.582781,"12","Redwood Creek","Redwood Creek Mainstem","Mid-Channel Pool",1,"1.0",0,"PacificWay"
"SH","YoY",1,16447,4,5941,156,"2022-07-25",2022,37.870986,-122.582781,"12","Redwood Creek","Redwood Creek Mainstem","Mid-Channel Pool",1,"1.0",0,"PacificWay"
"SH","1+",2,16447,4,5941,156,"2022-07-25",2022,37.870986,-122.582781,"12","Redwood Creek","Redwood Creek Mainstem","Mid-Channel Pool",1,"1.0",0,"PacificWay"
"CH","YoY",1,16447,4,5941,156,"2022-07-25",2022,37.870986,-122.582781,"12","Redwood Creek","Redwood Creek Mainstem","Mid-Channel Pool",1,"1.0",0,"PacificWay"
"CO","YoY",0,16448,3,5942,147,"2022-07-25",2022,37.87048,-122.58219,"11","Redwood Creek","Redwood Creek Mainstem","Flatwater",1,"1.0",0,"PacificWay"
"SH","YoY",5,16448,3,5942,147,"2022-07-25",2022,37.87048,-122.58219,"11","Redwood Creek","Redwood Creek Mainstem","Flatwater",1,"1.0",0,"PacificWay"
"SH","1+",0,16448,3,5942,147,"2022-07-25",2022,37.87048,-122.58219,"11","Redwood Creek","Redwood Creek Mainstem","Flatwater",1,"1.0",0,"PacificWay"
"CO","YoY",7,16449,5,5943,166,"2022-07-25",2022,37.87193,-122.582798,"13","Redwood Creek","Redwood Creek Mainstem","Mid-Channel Pool",1,"1.0",0,"PacificWay"
"SH","YoY",1,16449,5,5943,166,"2022-07-25",2022,37.87193,-122.582798,"13","Redwood Creek","Redwood Creek Mainstem","Mid-Channel Pool",1,"1.0",0,"PacificWay"
"SH","1+",3,16449,5,5943,166,"2022-07-25",2022,37.87193,-122.582798,"13","Redwood Creek","Redwood Creek Mainstem","Mid-Channel Pool",1,"1.0",0,"PacificWay"
"CO","YoY",11,16450,6,5944,175,"2022-07-25",2022,37.872729,-122.582945,"14","Redwood Creek","Redwood Creek Mainstem","Mid-Channel Pool",1,"1.0",0,"PacificWay"
"SH","1+",3,16450,6,5944,175,"2022-07-25",2022,37.872729,-122.582945,"14","Redwood Creek","Redwood Creek Mainstem","Mid-Channel Pool",1,"1.0",0,"PacificWay"
"SH","YoY",1,16450,6,5944,175,"2022-07-25",2022,37.872729,-122.582945,"14","Redwood Creek","Redwood Creek Mainstem","Mid-Channel Pool",1,"1.0",0,"PacificWay"
"CH","YoY",1,16450,6,5944,175,"2022-07-25",2022,37.872729,-122.582945,"14","Redwood Creek","Redwood Creek Mainstem","Mid-Channel Pool",1,"1.0",0,"PacificWay"
"CO","YoY",31,16451,7,5945,183,"2022-07-25",2022,37.873067,-122.583592,"15","Redwood Creek","Redwood Creek Mainstem","Mid-Channel Pool",1,"1.0",0,"PacificWay"
"SH","YoY",1,16451,7,5945,183,"2022-07-25",2022,37.873067,-122.583592,"15","Redwood Creek","Redwood Creek Mainstem","Mid-Channel Pool",1,"1.0",0,"PacificWay"
"SH","1+",1,16451,7,5945,183,"2022-07-25",2022,37.873067,-122.583592,"15","Redwood Creek","Redwood Creek Mainstem","Mid-Channel Pool",1,"1.0",0,"PacificWay"
"CH","YoY",2,16451,7,5945,183,"2022-07-25",2022,37.873067,-122.583592,"15","Redwood Creek","Redwood Creek Mainstem","Mid-Channel Pool",1,"1.0",0,"PacificWay"
"CO","YoY",17,16452,8,5946,194,"2022-07-25",2022,37.873734,-122.583204,"16","Redwood Creek","Redwood Creek Mainstem","Mid-Channel Pool",1,"1.0",0,"PacificWay"
"SH","YoY",1,16452,8,5946,194,"2022-07-25",2022,37.873734,-122.583204,"16","Redwood Creek","Redwood Creek Mainstem","Mid-Channel Pool",1,"1.0",0,"PacificWay"
"SH","1+",1,16452,8,5946,194,"2022-07-25",2022,37.873734,-122.583204,"16","Redwood Creek","Redwood Creek Mainstem","Mid-Channel Pool",1,"1.0",0,"PacificWay"
"CH","YoY",3,16452,8,5946,194,"2022-07-25",2022,37.873734,-122.583204,"16","Redwood Creek","Redwood Creek Mainstem","Mid-Channel Pool",1,"1.0",0,"PacificWay"
"CO","YoY",36,16453,10,5947,204,"2022-07-25",2022,37.874915,-122.582915,"18","Redwood Creek","Redwood Creek Mainstem","Mid-Channel Pool",1,"1.0",0,"PacificWay"
"SH","YoY",1,16453,10,5947,204,"2022-07-25",2022,37.874915,-122.582915,"18","Redwood Creek","Redwood Creek Mainstem","Mid-Channel Pool",1,"1.0",0,"PacificWay"
"SH","1+",1,16453,10,5947,204,"2022-07-25",2022,37.874915,-122.582915,"18","Redwood Creek","Redwood Creek Mainstem","Mid-Channel Pool",1,"1.0",0,"PacificWay"
"CH","YoY",1,16453,10,5947,204,"2022-07-25",2022,37.874915,-122.582915,"18","Redwood Creek","Redwood Creek Mainstem","Mid-Channel Pool",1,"1.0",0,"PacificWay"
"CO","YoY",21,16454,10,5948,213,"2022-07-25",2022,37.874915,-122.582915,"18","Redwood Creek","Redwood Creek Mainstem","Mid-Channel Pool",1,"1.0",0,"PacificWay"
"SH","YoY",1,16454,10,5948,213,"2022-07-25",2022,37.874915,-122.582915,"18","Redwood Creek","Redwood Creek Mainstem","Mid-Channel Pool",1,"1.0",0,"PacificWay"
"SH","1+",1,16454,10,5948,213,"2022-07-25",2022,37.874915,-122.582915,"18","Redwood Creek","Redwood Creek Mainstem","Mid-Channel Pool",1,"1.0",0,"PacificWay"
"CH","YoY",2,16454,10,5948,213,"2022-07-25",2022,37.874915,-122.582915,"18","Redwood Creek","Redwood Creek Mainstem","Mid-Channel Pool",1,"1.0",0,"PacificWay"
"CO","YoY",23,16455,13,5949,222,"2022-07-25",2022,37.876118,-122.58216,"20","Redwood Creek","Redwood Creek Mainstem","Scour Pool",1,"1.0",0,"PacificWay"
"SH","YoY",1,16455,13,5949,222,"2022-07-25",2022,37.876118,-122.58216,"20","Redwood Creek","Redwood Creek Mainstem","Scour Pool",1,"1.0",0,"PacificWay"
"SH","1+",1,16455,13,5949,222,"2022-07-25",2022,37.876118,-122.58216,"20","Redwood Creek","Redwood Creek Mainstem","Scour Pool",1,"1.0",0,"PacificWay"
"CO","YoY",20,16456,13,5950,234,"2022-07-25",2022,37.876118,-122.58216,"20","Redwood Creek","Redwood Creek Mainstem","Mid-Channel Pool",1,"1.0",0,"PacificWay"
"SH","YoY",1,16456,13,5950,234,"2022-07-25",2022,37.876118,-122.58216,"20","Redwood Creek","Redwood Creek Mainstem","Mid-Channel Pool",1,"1.0",0,"PacificWay"
"SH","1+",1,16456,13,5950,234,"2022-07-25",2022,37.876118,-122.58216,"20","Redwood Creek","Redwood Creek Mainstem","Mid-Channel Pool",1,"1.0",0,"PacificWay"
"CH","YoY",1,16456,13,5950,234,"2022-07-25",2022,37.876118,-122.58216,"20","Redwood Creek","Redwood Creek Mainstem","Mid-Channel Pool",1,"1.0",0,"PacificWay"
"CO","YoY",18,16457,14,5951,246,"2022-07-25",2022,37.876735,-122.581516,"21","Redwood Creek","Redwood Creek Mainstem","Scour Pool",1,"1.0",0,"PacificWay"
"SH","YoY",1,16457,14,5951,246,"2022-07-25",2022,37.876735,-122.581516,"21","Redwood Creek","Redwood Creek Mainstem","Scour Pool",1,"1.0",0,"PacificWay"
"SH","1+",1,16457,14,5951,246,"2022-07-25",2022,37.876735,-122.581516,"21","Redwood Creek","Redwood Creek Mainstem","Scour Pool",1,"1.0",0,"PacificWay"
"CH","YoY",1,16457,14,5951,246,"2022-07-25",2022,37.876735,-122.581516,"21","Redwood Creek","Redwood Creek Mainstem","Scour Pool",1,"1.0",0,"PacificWay"
"SH","1+",1,16458,15,5952,254,"2022-07-25",2022,37.877118,-122.58097,"22","Redwood Creek","Redwood Creek Mainstem","Mid-Channel Pool",1,"1.0",0,"PacificWay"
"CO","YoY",81,16458,15,5952,254,"2022-07-25",2022,37.877118,-122.58097,"22","Redwood Creek","Redwood Creek Mainstem","Mid-Channel Pool",1,"1.0",0,"PacificWay"
"SH","YoY",1,16458,15,5952,254,"2022-07-25",2022,37.877118,-122.58097,"22","Redwood Creek","Redwood Creek Mainstem","Mid-Channel Pool",1,"1.0",0,"PacificWay"
"CH","YoY",3,16458,15,5952,254,"2022-07-25",2022,37.877118,-122.58097,"22","Redwood Creek","Redwood Creek Mainstem","Mid-Channel Pool",1,"1.0",0,"PacificWay"
"SH","YoY",1,16459,51,5953,631,"2022-08-03",2022,37.893623,-122.573985,"55","Redwood Creek","Redwood Creek Mainstem","Mid-Channel Pool",1,"1.0",0,"Dipsea"
"CO","YoY",15,16459,51,5953,631,"2022-08-03",2022,37.893623,-122.573985,"55","Redwood Creek","Redwood Creek Mainstem","Mid-Channel Pool",1,"1.0",0,"Dipsea"
"SH","1+",0,16459,51,5953,631,"2022-08-03",2022,37.893623,-122.573985,"55","Redwood Creek","Redwood Creek Mainstem","Mid-Channel Pool",1,"1.0",0,"Dipsea"
"CH","YoY",1,16459,51,5953,631,"2022-08-03",2022,37.893623,-122.573985,"55","Redwood Creek","Redwood Creek Mainstem","Mid-Channel Pool",1,"1.0",0,"Dipsea"
"CO","YoY",70,16460,16,5954,268,"2022-07-25",2022,37.87735,-122.580176,"23","Redwood Creek","Redwood Creek Mainstem","Mid-Channel Pool",1,"1",0,"PacificWay"
"SH","YoY",1,16460,16,5954,268,"2022-07-25",2022,37.87735,-122.580176,"23","Redwood Creek","Redwood Creek Mainstem","Mid-Channel Pool",1,"1",0,"PacificWay"
"SH","1+",1,16460,16,5954,268,"2022-07-25",2022,37.87735,-122.580176,"23","Redwood Creek","Redwood Creek Mainstem","Mid-Channel Pool",1,"1",0,"PacificWay"
"CO","YoY",2,16461,52,5955,635,"2022-08-03",2022,37.893881,-122.574634,"56","Redwood Creek","Redwood Creek Mainstem","Flatwater",1,"1.0",0,"Dipsea"
"SH","YoY",1,16461,52,5955,635,"2022-08-03",2022,37.893881,-122.574634,"56","Redwood Creek","Redwood Creek Mainstem","Flatwater",1,"1.0",0,"Dipsea"
"SH","1+",0,16461,52,5955,635,"2022-08-03",2022,37.893881,-122.574634,"56","Redwood Creek","Redwood Creek Mainstem","Flatwater",1,"1.0",0,"Dipsea"
"CO","YoY",10,16462,13,5956,222,"2022-07-27",2022,37.876118,-122.58216,"20","Redwood Creek","Redwood Creek Mainstem","Scour Pool",1,"1.0",0,"PacificWay"
"SH","1+",1,16462,13,5956,222,"2022-07-27",2022,37.876118,-122.58216,"20","Redwood Creek","Redwood Creek Mainstem","Scour Pool",1,"1.0",0,"PacificWay"
"SH","YoY",1,16462,13,5956,222,"2022-07-27",2022,37.876118,-122.58216,"20","Redwood Creek","Redwood Creek Mainstem","Scour Pool",1,"1.0",0,"PacificWay"
"CO","YoY",30,16463,54,5957,648,"2022-08-03",2022,37.895254,-122.575108,"58","Redwood Creek","Redwood Creek Mainstem","Mid-Channel Pool",1,"1.0",0,"Dipsea"
"SH","YoY",1,16463,54,5957,648,"2022-08-03",2022,37.895254,-122.575108,"58","Redwood Creek","Redwood Creek Mainstem","Mid-Channel Pool",1,"1.0",0,"Dipsea"
"SH","1+",0,16463,54,5957,648,"2022-08-03",2022,37.895254,-122.575108,"58","Redwood Creek","Redwood Creek Mainstem","Mid-Channel Pool",1,"1.0",0,"Dipsea"
"CH","YoY",1,16463,54,5957,648,"2022-08-03",2022,37.895254,-122.575108,"58","Redwood Creek","Redwood Creek Mainstem","Mid-Channel Pool",1,"1.0",0,"Dipsea"
"CO","YoY",16,16464,13,5958,234,"2022-07-27",2022,37.876118,-122.58216,"20","Redwood Creek","Redwood Creek Mainstem","Mid-Channel Pool",1,"1.0",0,"PacificWay"
"SH","YoY",1,16464,13,5958,234,"2022-07-27",2022,37.876118,-122.58216,"20","Redwood Creek","Redwood Creek Mainstem","Mid-Channel Pool",1,"1.0",0,"PacificWay"
"SH","1+",1,16464,13,5958,234,"2022-07-27",2022,37.876118,-122.58216,"20","Redwood Creek","Redwood Creek Mainstem","Mid-Channel Pool",1,"1.0",0,"PacificWay"
"CH","YoY",2,16464,13,5958,234,"2022-07-27",2022,37.876118,-122.58216,"20","Redwood Creek","Redwood Creek Mainstem","Mid-Channel Pool",1,"1.0",0,"PacificWay"
"CO","YoY",75,16465,57,5959,665,"2022-08-03",2022,37.896938,-122.575001,"60","Redwood Creek","Redwood Creek Mainstem","Scour Pool",1,"1.0",0,"Dipsea"
"SH","YoY",1,16465,57,5959,665,"2022-08-03",2022,37.896938,-122.575001,"60","Redwood Creek","Redwood Creek Mainstem","Scour Pool",1,"1.0",0,"Dipsea"
"SH","1+",1,16465,57,5959,665,"2022-08-03",2022,37.896938,-122.575001,"60","Redwood Creek","Redwood Creek Mainstem","Scour Pool",1,"1.0",0,"Dipsea"
"CH","YoY",4,16465,57,5959,665,"2022-08-03",2022,37.896938,-122.575001,"60","Redwood Creek","Redwood Creek Mainstem","Scour Pool",1,"1.0",0,"Dipsea"
"CO","YoY",16,16466,14,5960,246,"2022-07-27",2022,37.876735,-122.581516,"21","Redwood Creek","Redwood Creek Mainstem","Scour Pool",1,"0.9",0,"PacificWay"
"SH","YoY",1,16466,14,5960,246,"2022-07-27",2022,37.876735,-122.581516,"21","Redwood Creek","Redwood Creek Mainstem","Scour Pool",1,"0.9",0,"PacificWay"
"SH","1+",1,16466,14,5960,246,"2022-07-27",2022,37.876735,-122.581516,"21","Redwood Creek","Redwood Creek Mainstem","Scour Pool",1,"0.9",0,"PacificWay"
"CO","YoY",1,16467,59,5961,683,"2022-08-03",2022,37.898441,-122.576095,"62","Redwood Creek","Redwood Creek Mainstem","Flatwater",1,"1.0",0,"Dipsea"
"SH","1+",0,16467,59,5961,683,"2022-08-03",2022,37.898441,-122.576095,"62","Redwood Creek","Redwood Creek Mainstem","Flatwater",1,"1.0",0,"Dipsea"
"SH","YoY",0,16467,59,5961,683,"2022-08-03",2022,37.898441,-122.576095,"62","Redwood Creek","Redwood Creek Mainstem","Flatwater",1,"1.0",0,"Dipsea"
"CH","YoY",1,16467,59,5961,683,"2022-08-03",2022,37.898441,-122.576095,"62","Redwood Creek","Redwood Creek Mainstem","Flatwater",1,"1.0",0,"Dipsea"
"SH","1+",1,16468,15,5962,254,"2022-07-27",2022,37.877118,-122.58097,"22","Redwood Creek","Redwood Creek Mainstem","Mid-Channel Pool",1,"1.0",0,"PacificWay"
"SH","YoY",1,16468,15,5962,254,"2022-07-27",2022,37.877118,-122.58097,"22","Redwood Creek","Redwood Creek Mainstem","Mid-Channel Pool",1,"1.0",0,"PacificWay"
"CO","YoY",85,16468,15,5962,254,"2022-07-27",2022,37.877118,-122.58097,"22","Redwood Creek","Redwood Creek Mainstem","Mid-Channel Pool",1,"1.0",0,"PacificWay"
"CH","YoY",3,16468,15,5962,254,"2022-07-27",2022,37.877118,-122.58097,"22","Redwood Creek","Redwood Creek Mainstem","Mid-Channel Pool",1,"1.0",0,"PacificWay"
"SH","YoY",0,16469,59,5963,692,"2022-08-03",2022,37.898441,-122.576095,"62","Redwood Creek","Redwood Creek Mainstem","Scour Pool",1,"1.0",0,"Dipsea"
"SH","1+",1,16469,59,5963,692,"2022-08-03",2022,37.898441,-122.576095,"62","Redwood Creek","Redwood Creek Mainstem","Scour Pool",1,"1.0",0,"Dipsea"
"CO","YoY",44,16469,59,5963,692,"2022-08-03",2022,37.898441,-122.576095,"62","Redwood Creek","Redwood Creek Mainstem","Scour Pool",1,"1.0",0,"Dipsea"
"CH","YoY",2,16469,59,5963,692,"2022-08-03",2022,37.898441,-122.576095,"62","Redwood Creek","Redwood Creek Mainstem","Scour Pool",1,"1.0",0,"Dipsea"
"CO","YoY",56,16470,16,5964,268,"2022-07-27",2022,37.87735,-122.580176,"23","Redwood Creek","Redwood Creek Mainstem","Mid-Channel Pool",1,"1.0",60,"PacificWay"
"SH","YoY",1,16470,16,5964,268,"2022-07-27",2022,37.87735,-122.580176,"23","Redwood Creek","Redwood Creek Mainstem","Mid-Channel Pool",1,"1.0",60,"PacificWay"
"SH","1+",1,16470,16,5964,268,"2022-07-27",2022,37.87735,-122.580176,"23","Redwood Creek","Redwood Creek Mainstem","Mid-Channel Pool",1,"1.0",60,"PacificWay"
"CO","YoY",40,16471,16,5965,278,"2022-07-27",2022,37.87735,-122.580176,"23","Redwood Creek","Redwood Creek Mainstem","Scour Pool",1,"1.0",0,"PacificWay"
"SH","YoY",1,16471,16,5965,278,"2022-07-27",2022,37.87735,-122.580176,"23","Redwood Creek","Redwood Creek Mainstem","Scour Pool",1,"1.0",0,"PacificWay"
"SH","1+",1,16471,16,5965,278,"2022-07-27",2022,37.87735,-122.580176,"23","Redwood Creek","Redwood Creek Mainstem","Scour Pool",1,"1.0",0,"PacificWay"
"CO","YoY",39,16472,60,5966,701,"2022-08-03",2022,37.899186,-122.576559,"63","Redwood Creek","Redwood Creek Mainstem","Mid-Channel Pool",1,"1.0",0,"Dipsea"
"SH","YoY",0,16472,60,5966,701,"2022-08-03",2022,37.899186,-122.576559,"63","Redwood Creek","Redwood Creek Mainstem","Mid-Channel Pool",1,"1.0",0,"Dipsea"
"SH","1+",1,16472,60,5966,701,"2022-08-03",2022,37.899186,-122.576559,"63","Redwood Creek","Redwood Creek Mainstem","Mid-Channel Pool",1,"1.0",0,"Dipsea"
"CH","YoY",1,16472,60,5966,701,"2022-08-03",2022,37.899186,-122.576559,"63","Redwood Creek","Redwood Creek Mainstem","Mid-Channel Pool",1,"1.0",0,"Dipsea"
"CO","YoY",0,16473,18,5967,286,"2022-07-27",2022,37.878293,-122.578674,"25","Redwood Creek","Redwood Creek Mainstem","Flatwater",1,"1.0",0,"PacificWay"
"SH","YoY",1,16473,18,5967,286,"2022-07-27",2022,37.878293,-122.578674,"25","Redwood Creek","Redwood Creek Mainstem","Flatwater",1,"1.0",0,"PacificWay"
"SH","1+",0,16473,18,5967,286,"2022-07-27",2022,37.878293,-122.578674,"25","Redwood Creek","Redwood Creek Mainstem","Flatwater",1,"1.0",0,"PacificWay"
"CO","YoY",51,16474,18,5968,291,"2022-07-27",2022,37.878293,-122.578674,"25","Redwood Creek","Redwood Creek Mainstem","Scour Pool",1,"1.0",0,"PacificWay"
"SH","1+",1,16474,18,5968,291,"2022-07-27",2022,37.878293,-122.578674,"25","Redwood Creek","Redwood Creek Mainstem","Scour Pool",1,"1.0",0,"PacificWay"
"SH","YoY",1,16474,18,5968,291,"2022-07-27",2022,37.878293,-122.578674,"25","Redwood Creek","Redwood Creek Mainstem","Scour Pool",1,"1.0",0,"PacificWay"
"CO","YoY",15,16475,62,5969,713,"2022-08-03",2022,37.900299,-122.57827,"65","Redwood Creek","Redwood Creek Mainstem","Scour Pool",1,"0.8",0,"Dipsea"
"SH","YoY",0,16475,62,5969,713,"2022-08-03",2022,37.900299,-122.57827,"65","Redwood Creek","Redwood Creek Mainstem","Scour Pool",1,"0.8",0,"Dipsea"
"SH","1+",1,16475,62,5969,713,"2022-08-03",2022,37.900299,-122.57827,"65","Redwood Creek","Redwood Creek Mainstem","Scour Pool",1,"0.8",0,"Dipsea"
"CH","YoY",1,16475,62,5969,713,"2022-08-03",2022,37.900299,-122.57827,"65","Redwood Creek","Redwood Creek Mainstem","Scour Pool",1,"0.8",0,"Dipsea"
"CO","YoY",42,16476,19,5970,299,"2022-07-27",2022,37.878983,-122.578175,"26","Redwood Creek","Redwood Creek Mainstem","Mid-Channel Pool",1,"1.0",0,"PacificWay"
"SH","YoY",1,16476,19,5970,299,"2022-07-27",2022,37.878983,-122.578175,"26","Redwood Creek","Redwood Creek Mainstem","Mid-Channel Pool",1,"1.0",0,"PacificWay"
"SH","1+",1,16476,19,5970,299,"2022-07-27",2022,37.878983,-122.578175,"26","Redwood Creek","Redwood Creek Mainstem","Mid-Channel Pool",1,"1.0",0,"PacificWay"
"CH","YoY",2,16476,19,5970,299,"2022-07-27",2022,37.878983,-122.578175,"26","Redwood Creek","Redwood Creek Mainstem","Mid-Channel Pool",1,"1.0",0,"PacificWay"
"CO","YoY",32,16477,63,5971,720,"2022-08-03",2022,37.900941,-122.579293,"66","Redwood Creek","Redwood Creek Mainstem","Scour Pool",1,"1.0",0,"Dipsea"
"SH","YoY",0,16477,63,5971,720,"2022-08-03",2022,37.900941,-122.579293,"66","Redwood Creek","Redwood Creek Mainstem","Scour Pool",1,"1.0",0,"Dipsea"
"SH","1+",1,16477,63,5971,720,"2022-08-03",2022,37.900941,-122.579293,"66","Redwood Creek","Redwood Creek Mainstem","Scour Pool",1,"1.0",0,"Dipsea"
"CO","YoY",110,16478,20,5972,311,"2022-07-27",2022,37.879457,-122.577714,"27","Redwood Creek","Redwood Creek Mainstem","Mid-Channel Pool",1,"1.0",0,"PacificWay"
"SH","YoY",1,16478,20,5972,311,"2022-07-27",2022,37.879457,-122.577714,"27","Redwood Creek","Redwood Creek Mainstem","Mid-Channel Pool",1,"1.0",0,"PacificWay"
"SH","1+",1,16478,20,5972,311,"2022-07-27",2022,37.879457,-122.577714,"27","Redwood Creek","Redwood Creek Mainstem","Mid-Channel Pool",1,"1.0",0,"PacificWay"
"CH","YoY",5,16478,20,5972,311,"2022-07-27",2022,37.879457,-122.577714,"27","Redwood Creek","Redwood Creek Mainstem","Mid-Channel Pool",1,"1.0",0,"PacificWay"
"CO","YoY",4,16479,21,5973,319,"2022-07-27",2022,37.880083,-122.577204,"28","Redwood Creek","Redwood Creek Mainstem","Scour Pool",1,"1.0",0,"PacificWay"
"SH","YoY",1,16479,21,5973,319,"2022-07-27",2022,37.880083,-122.577204,"28","Redwood Creek","Redwood Creek Mainstem","Scour Pool",1,"1.0",0,"PacificWay"
"SH","1+",1,16479,21,5973,319,"2022-07-27",2022,37.880083,-122.577204,"28","Redwood Creek","Redwood Creek Mainstem","Scour Pool",1,"1.0",0,"PacificWay"
"CH","YoY",1,16479,21,5973,319,"2022-07-27",2022,37.880083,-122.577204,"28","Redwood Creek","Redwood Creek Mainstem","Scour Pool",1,"1.0",0,"PacificWay"
"CO","YoY",1,16480,22,5974,333,"2022-07-27",2022,37.880695,-122.57684,"29","Redwood Creek","Redwood Creek Mainstem","Scour Pool",1,"1.0",0,"PacificWay"
"SH","1+",1,16480,22,5974,333,"2022-07-27",2022,37.880695,-122.57684,"29","Redwood Creek","Redwood Creek Mainstem","Scour Pool",1,"1.0",0,"PacificWay"
"SH","YoY",1,16480,22,5974,333,"2022-07-27",2022,37.880695,-122.57684,"29","Redwood Creek","Redwood Creek Mainstem","Scour Pool",1,"1.0",0,"PacificWay"
"CO","YoY",5,16481,24,5975,345,"2022-07-27",2022,37.881138,-122.576186,"30","Redwood Creek","Redwood Creek Mainstem","Mid-Channel Pool",1,"1.0",0,"KentCreekTrail"
"SH","YoY",1,16481,24,5975,345,"2022-07-27",2022,37.881138,-122.576186,"30","Redwood Creek","Redwood Creek Mainstem","Mid-Channel Pool",1,"1.0",0,"KentCreekTrail"
"SH","1+",0,16481,24,5975,345,"2022-07-27",2022,37.881138,-122.576186,"30","Redwood Creek","Redwood Creek Mainstem","Mid-Channel Pool",1,"1.0",0,"KentCreekTrail"
"CH","YoY",2,16481,24,5975,345,"2022-07-27",2022,37.881138,-122.576186,"30","Redwood Creek","Redwood Creek Mainstem","Mid-Channel Pool",1,"1.0",0,"KentCreekTrail"
"CO","YoY",3,16482,25,5976,356,"2022-07-27",2022,37.881622,-122.575398,"31","Redwood Creek","Redwood Creek Mainstem","Mid-Channel Pool",1,"1.0",0,"KentCreekTrail"
"SH","YoY",1,16482,25,5976,356,"2022-07-27",2022,37.881622,-122.575398,"31","Redwood Creek","Redwood Creek Mainstem","Mid-Channel Pool",1,"1.0",0,"KentCreekTrail"
"SH","1+",1,16482,25,5976,356,"2022-07-27",2022,37.881622,-122.575398,"31","Redwood Creek","Redwood Creek Mainstem","Mid-Channel Pool",1,"1.0",0,"KentCreekTrail"
"CO","YoY",18,16483,25,5977,365,"2022-07-27",2022,37.881622,-122.575398,"31","Redwood Creek","Redwood Creek Mainstem","Mid-Channel Pool",1,"1.0",0,"KentCreekTrail"
"SH","YoY",1,16483,25,5977,365,"2022-07-27",2022,37.881622,-122.575398,"31","Redwood Creek","Redwood Creek Mainstem","Mid-Channel Pool",1,"1.0",0,"KentCreekTrail"
"SH","1+",1,16483,25,5977,365,"2022-07-27",2022,37.881622,-122.575398,"31","Redwood Creek","Redwood Creek Mainstem","Mid-Channel Pool",1,"1.0",0,"KentCreekTrail"
"CO","YoY",23,16484,26,5978,372,"2022-07-27",2022,37.88215,-122.574451,"32","Redwood Creek","Redwood Creek Mainstem","Mid-Channel Pool",1,"1.0",0,"KentCreekTrail"
"SH","YoY",1,16484,26,5978,372,"2022-07-27",2022,37.88215,-122.574451,"32","Redwood Creek","Redwood Creek Mainstem","Mid-Channel Pool",1,"1.0",0,"KentCreekTrail"
"SH","1+",1,16484,26,5978,372,"2022-07-27",2022,37.88215,-122.574451,"32","Redwood Creek","Redwood Creek Mainstem","Mid-Channel Pool",1,"1.0",0,"KentCreekTrail"
"CO","YoY",0,16485,26,5979,379,"2022-07-27",2022,37.88215,-122.574451,"32","Redwood Creek","Redwood Creek Mainstem","Flatwater",1,"1.0",0,"KentCreekTrail"
"SH","YoY",0,16485,26,5979,379,"2022-07-27",2022,37.88215,-122.574451,"32","Redwood Creek","Redwood Creek Mainstem","Flatwater",1,"1.0",0,"KentCreekTrail"
"SH","1+",0,16485,26,5979,379,"2022-07-27",2022,37.88215,-122.574451,"32","Redwood Creek","Redwood Creek Mainstem","Flatwater",1,"1.0",0,"KentCreekTrail"
"CO","YoY",43,16486,27,5980,382,"2022-08-01",2022,37.882868,-122.574335,"33","Redwood Creek","Redwood Creek Mainstem","Mid-Channel Pool",1,"1.0",0,"KentCreekTrail"
"SH","1+",0,16486,27,5980,382,"2022-08-01",2022,37.882868,-122.574335,"33","Redwood Creek","Redwood Creek Mainstem","Mid-Channel Pool",1,"1.0",0,"KentCreekTrail"
"SH","YoY",1,16486,27,5980,382,"2022-08-01",2022,37.882868,-122.574335,"33","Redwood Creek","Redwood Creek Mainstem","Mid-Channel Pool",1,"1.0",0,"KentCreekTrail"
"CH","YoY",1,16486,27,5980,382,"2022-08-01",2022,37.882868,-122.574335,"33","Redwood Creek","Redwood Creek Mainstem","Mid-Channel Pool",1,"1.0",0,"KentCreekTrail"
"CO","YoY",17,16487,27,5981,391,"2022-08-01",2022,37.882868,-122.574335,"33","Redwood Creek","Redwood Creek Mainstem","Scour Pool",1,"1.0",0,"KentCreekTrail"
"SH","YoY",1,16487,27,5981,391,"2022-08-01",2022,37.882868,-122.574335,"33","Redwood Creek","Redwood Creek Mainstem","Scour Pool",1,"1.0",0,"KentCreekTrail"
"SH","1+",1,16487,27,5981,391,"2022-08-01",2022,37.882868,-122.574335,"33","Redwood Creek","Redwood Creek Mainstem","Scour Pool",1,"1.0",0,"KentCreekTrail"
"CH","YoY",1,16487,27,5981,391,"2022-08-01",2022,37.882868,-122.574335,"33","Redwood Creek","Redwood Creek Mainstem","Scour Pool",1,"1.0",0,"KentCreekTrail"
"CO","YoY",13,16488,28,5982,400,"2022-08-01",2022,37.883045,-122.573115,"34","Redwood Creek","Redwood Creek Mainstem","Mid-Channel Pool",1,"1.0",0,"KentCreekTrail"
"SH","YoY",1,16488,28,5982,400,"2022-08-01",2022,37.883045,-122.573115,"34","Redwood Creek","Redwood Creek Mainstem","Mid-Channel Pool",1,"1.0",0,"KentCreekTrail"
"SH","1+",0,16488,28,5982,400,"2022-08-01",2022,37.883045,-122.573115,"34","Redwood Creek","Redwood Creek Mainstem","Mid-Channel Pool",1,"1.0",0,"KentCreekTrail"
"CH","YoY",1,16488,28,5982,400,"2022-08-01",2022,37.883045,-122.573115,"34","Redwood Creek","Redwood Creek Mainstem","Mid-Channel Pool",1,"1.0",0,"KentCreekTrail"
"CO","YoY",23,16489,29,5983,407,"2022-08-01",2022,37.883427,-122.572546,"35","Redwood Creek","Redwood Creek Mainstem","Mid-Channel Pool",1,"1.0",0,"KentCreekTrail"
"SH","YoY",1,16489,29,5983,407,"2022-08-01",2022,37.883427,-122.572546,"35","Redwood Creek","Redwood Creek Mainstem","Mid-Channel Pool",1,"1.0",0,"KentCreekTrail"
"SH","1+",0,16489,29,5983,407,"2022-08-01",2022,37.883427,-122.572546,"35","Redwood Creek","Redwood Creek Mainstem","Mid-Channel Pool",1,"1.0",0,"KentCreekTrail"
"CO","YoY",17,16490,30,5984,418,"2022-08-01",2022,37.883978,-122.571768,"36","Redwood Creek","Redwood Creek Mainstem","Mid-Channel Pool",1,"1.0",0,"KentCreekTrail"
"SH","YoY",1,16490,30,5984,418,"2022-08-01",2022,37.883978,-122.571768,"36","Redwood Creek","Redwood Creek Mainstem","Mid-Channel Pool",1,"1.0",0,"KentCreekTrail"
"SH","1+",0,16490,30,5984,418,"2022-08-01",2022,37.883978,-122.571768,"36","Redwood Creek","Redwood Creek Mainstem","Mid-Channel Pool",1,"1.0",0,"KentCreekTrail"
"CO","YoY",60,16491,31,5985,425,"2022-08-01",2022,37.884512,-122.571257,"37","Redwood Creek","Redwood Creek Mainstem","Mid-Channel Pool",1,"1.0",0,"KentCreekTrail"
"SH","YoY",1,16491,31,5985,425,"2022-08-01",2022,37.884512,-122.571257,"37","Redwood Creek","Redwood Creek Mainstem","Mid-Channel Pool",1,"1.0",0,"KentCreekTrail"
"SH","1+",1,16491,31,5985,425,"2022-08-01",2022,37.884512,-122.571257,"37","Redwood Creek","Redwood Creek Mainstem","Mid-Channel Pool",1,"1.0",0,"KentCreekTrail"
"CH","YoY",1,16491,31,5985,425,"2022-08-01",2022,37.884512,-122.571257,"37","Redwood Creek","Redwood Creek Mainstem","Mid-Channel Pool",1,"1.0",0,"KentCreekTrail"
"SH","1+",0,16492,32,5986,435,"2022-08-01",2022,37.884695,-122.570482,"38","Redwood Creek","Redwood Creek Mainstem","Mid-Channel Pool",1,"0.9",0,"KentCreekTrail"
"SH","YoY",1,16492,32,5986,435,"2022-08-01",2022,37.884695,-122.570482,"38","Redwood Creek","Redwood Creek Mainstem","Mid-Channel Pool",1,"0.9",0,"KentCreekTrail"
"CO","YoY",14,16492,32,5986,435,"2022-08-01",2022,37.884695,-122.570482,"38","Redwood Creek","Redwood Creek Mainstem","Mid-Channel Pool",1,"0.9",0,"KentCreekTrail"
"SH","YoY",1,16493,33,5987,443,"2022-08-01",2022,37.885065,-122.569617,"39","Redwood Creek","Redwood Creek Mainstem","Mid-Channel Pool",1,"1.0",0,"KentCreekTrail"
"SH","1+",1,16493,33,5987,443,"2022-08-01",2022,37.885065,-122.569617,"39","Redwood Creek","Redwood Creek Mainstem","Mid-Channel Pool",1,"1.0",0,"KentCreekTrail"
"CO","YoY",7,16493,33,5987,443,"2022-08-01",2022,37.885065,-122.569617,"39","Redwood Creek","Redwood Creek Mainstem","Mid-Channel Pool",1,"1.0",0,"KentCreekTrail"
"CO","YoY",84,16494,35,5988,451,"2022-08-01",2022,37.884713,-122.568948,"40","Redwood Creek","Redwood Creek Mainstem","Mid-Channel Pool",1,"1.0",0,"KentCreekTrail"
"SH","YoY",1,16494,35,5988,451,"2022-08-01",2022,37.884713,-122.568948,"40","Redwood Creek","Redwood Creek Mainstem","Mid-Channel Pool",1,"1.0",0,"KentCreekTrail"
"SH","1+",1,16494,35,5988,451,"2022-08-01",2022,37.884713,-122.568948,"40","Redwood Creek","Redwood Creek Mainstem","Mid-Channel Pool",1,"1.0",0,"KentCreekTrail"
"CH","YoY",5,16494,35,5988,451,"2022-08-01",2022,37.884713,-122.568948,"40","Redwood Creek","Redwood Creek Mainstem","Mid-Channel Pool",1,"1.0",0,"KentCreekTrail"
"SH","1+",1,16495,35,5989,457,"2022-08-01",2022,37.884713,-122.568948,"40","Redwood Creek","Redwood Creek Mainstem","Flatwater",1,"1.0",0,"KentCreekTrail"
"CO","YoY",5,16495,35,5989,457,"2022-08-01",2022,37.884713,-122.568948,"40","Redwood Creek","Redwood Creek Mainstem","Flatwater",1,"1.0",0,"KentCreekTrail"
"SH","YoY",1,16495,35,5989,457,"2022-08-01",2022,37.884713,-122.568948,"40","Redwood Creek","Redwood Creek Mainstem","Flatwater",1,"1.0",0,"KentCreekTrail"
"SH","1+",1,16496,36,5990,464,"2022-08-01",2022,37.885311,-122.568115,"41","Redwood Creek","Redwood Creek Mainstem","Mid-Channel Pool",1,"1.0",0,"KentCreekTrail"
"CO","YoY",15,16496,36,5990,464,"2022-08-01",2022,37.885311,-122.568115,"41","Redwood Creek","Redwood Creek Mainstem","Mid-Channel Pool",1,"1.0",0,"KentCreekTrail"
"SH","YoY",1,16496,36,5990,464,"2022-08-01",2022,37.885311,-122.568115,"41","Redwood Creek","Redwood Creek Mainstem","Mid-Channel Pool",1,"1.0",0,"KentCreekTrail"
"CO","YoY",31,16497,37,5991,477,"2022-08-01",2022,37.885949,-122.567633,"42","Redwood Creek","Redwood Creek Mainstem","Mid-Channel Pool",1,"1.0",0,"KentCreekTrail"
"SH","YoY",1,16497,37,5991,477,"2022-08-01",2022,37.885949,-122.567633,"42","Redwood Creek","Redwood Creek Mainstem","Mid-Channel Pool",1,"1.0",0,"KentCreekTrail"
"SH","1+",0,16497,37,5991,477,"2022-08-01",2022,37.885949,-122.567633,"42","Redwood Creek","Redwood Creek Mainstem","Mid-Channel Pool",1,"1.0",0,"KentCreekTrail"
"SH","1+",1,16498,38,5992,484,"2022-08-01",2022,37.886577,-122.5674,"43","Redwood Creek","Redwood Creek Mainstem","Mid-Channel Pool",1,"1.0",0,"KentCreekTrail"
"CO","YoY",59,16498,38,5992,484,"2022-08-01",2022,37.886577,-122.5674,"43","Redwood Creek","Redwood Creek Mainstem","Mid-Channel Pool",1,"1.0",0,"KentCreekTrail"
"SH","YoY",1,16498,38,5992,484,"2022-08-01",2022,37.886577,-122.5674,"43","Redwood Creek","Redwood Creek Mainstem","Mid-Channel Pool",1,"1.0",0,"KentCreekTrail"
"CH","YoY",2,16498,38,5992,484,"2022-08-01",2022,37.886577,-122.5674,"43","Redwood Creek","Redwood Creek Mainstem","Mid-Channel Pool",1,"1.0",0,"KentCreekTrail"
"SH","1+",0,16499,39,5993,491,"2022-08-01",2022,37.887009,-122.566678,"44","Redwood Creek","Redwood Creek Mainstem","Mid-Channel Pool",1,"1.0",0,"KentCreekTrail"
"SH","YoY",1,16499,39,5993,491,"2022-08-01",2022,37.887009,-122.566678,"44","Redwood Creek","Redwood Creek Mainstem","Mid-Channel Pool",1,"1.0",0,"KentCreekTrail"
"CO","YoY",19,16499,39,5993,491,"2022-08-01",2022,37.887009,-122.566678,"44","Redwood Creek","Redwood Creek Mainstem","Mid-Channel Pool",1,"1.0",0,"KentCreekTrail"
"CH","YoY",1,16499,39,5993,491,"2022-08-01",2022,37.887009,-122.566678,"44","Redwood Creek","Redwood Creek Mainstem","Mid-Channel Pool",1,"1.0",0,"KentCreekTrail"
"CO","YoY",5,16500,40,5994,501,"2022-08-01",2022,37.887963,-122.566782,"45","Redwood Creek","Redwood Creek Mainstem","Mid-Channel Pool",1,"1.0",0,"KentCreekTrail"
"SH","YoY",1,16500,40,5994,501,"2022-08-01",2022,37.887963,-122.566782,"45","Redwood Creek","Redwood Creek Mainstem","Mid-Channel Pool",1,"1.0",0,"KentCreekTrail"
"SH","1+",1,16500,40,5994,501,"2022-08-01",2022,37.887963,-122.566782,"45","Redwood Creek","Redwood Creek Mainstem","Mid-Channel Pool",1,"1.0",0,"KentCreekTrail"
"CH","YoY",1,16500,40,5994,501,"2022-08-01",2022,37.887963,-122.566782,"45","Redwood Creek","Redwood Creek Mainstem","Mid-Channel Pool",1,"1.0",0,"KentCreekTrail"
"CO","YoY",4,16501,41,5995,512,"2022-08-01",2022,37.888516,-122.567389,"46","Redwood Creek","Redwood Creek Mainstem","Scour Pool",1,"1.0",0,"KentCreekTrail"
"SH","YoY",1,16501,41,5995,512,"2022-08-01",2022,37.888516,-122.567389,"46","Redwood Creek","Redwood Creek Mainstem","Scour Pool",1,"1.0",0,"KentCreekTrail"
"SH","1+",0,16501,41,5995,512,"2022-08-01",2022,37.888516,-122.567389,"46","Redwood Creek","Redwood Creek Mainstem","Scour Pool",1,"1.0",0,"KentCreekTrail"
"CH","YoY",2,16501,41,5995,512,"2022-08-01",2022,37.888516,-122.567389,"46","Redwood Creek","Redwood Creek Mainstem","Scour Pool",1,"1.0",0,"KentCreekTrail"
"CO","YoY",86,16502,41,5996,522,"2022-08-01",2022,37.888516,-122.567389,"46","Redwood Creek","Redwood Creek Mainstem","Mid-Channel Pool",1,"1.0",0,"KentCreekTrail"
"SH","YoY",1,16502,41,5996,522,"2022-08-01",2022,37.888516,-122.567389,"46","Redwood Creek","Redwood Creek Mainstem","Mid-Channel Pool",1,"1.0",0,"KentCreekTrail"
"SH","1+",1,16502,41,5996,522,"2022-08-01",2022,37.888516,-122.567389,"46","Redwood Creek","Redwood Creek Mainstem","Mid-Channel Pool",1,"1.0",0,"KentCreekTrail"
"CH","YoY",1,16502,41,5996,522,"2022-08-01",2022,37.888516,-122.567389,"46","Redwood Creek","Redwood Creek Mainstem","Mid-Channel Pool",1,"1.0",0,"KentCreekTrail"
"CO","YoY",6,16503,42,5997,532,"2022-08-01",2022,37.889411,-122.567447,"47","Redwood Creek","Redwood Creek Mainstem","Flatwater",1,"0.9",0,"KentCreekTrail"
"SH","YoY",0,16503,42,5997,532,"2022-08-01",2022,37.889411,-122.567447,"47","Redwood Creek","Redwood Creek Mainstem","Flatwater",1,"0.9",0,"KentCreekTrail"
"SH","1+",0,16503,42,5997,532,"2022-08-01",2022,37.889411,-122.567447,"47","Redwood Creek","Redwood Creek Mainstem","Flatwater",1,"0.9",0,"KentCreekTrail"
"SH","1+",1,16504,64,5998,730,"2022-08-08",2022,37.900977,-122.580126,"67","Redwood Creek","Redwood Creek Mainstem","Scour Pool",1,"1",0,"Dipsea"
"CO","YoY",15,16504,64,5998,730,"2022-08-08",2022,37.900977,-122.580126,"67","Redwood Creek","Redwood Creek Mainstem","Scour Pool",1,"1",0,"Dipsea"
"SH","YoY",0,16504,64,5998,730,"2022-08-08",2022,37.900977,-122.580126,"67","Redwood Creek","Redwood Creek Mainstem","Scour Pool",1,"1",0,"Dipsea"
"CO","YoY",3,16507,65,6001,738,"2022-08-08",2022,37.901088,-122.581296,"68","Redwood Creek","Redwood Creek Mainstem","Flatwater",1,"1",0,"Dipsea"
"SH","YoY",0,16507,65,6001,738,"2022-08-08",2022,37.901088,-122.581296,"68","Redwood Creek","Redwood Creek Mainstem","Flatwater",1,"1",0,"Dipsea"
"SH","1+",0,16507,65,6001,738,"2022-08-08",2022,37.901088,-122.581296,"68","Redwood Creek","Redwood Creek Mainstem","Flatwater",1,"1",0,"Dipsea"
"CO","YoY",15,16508,66,6002,751,"2022-08-08",2022,37.901375,-122.581908,"69","Redwood Creek","Redwood Creek Mainstem","Scour Pool",1,"1",0,"Foot4"
"SH","YoY",1,16508,66,6002,751,"2022-08-08",2022,37.901375,-122.581908,"69","Redwood Creek","Redwood Creek Mainstem","Scour Pool",1,"1",0,"Foot4"
"SH","1+",0,16508,66,6002,751,"2022-08-08",2022,37.901375,-122.581908,"69","Redwood Creek","Redwood Creek Mainstem","Scour Pool",1,"1",0,"Foot4"
"CH","YoY",1,16508,66,6002,751,"2022-08-08",2022,37.901375,-122.581908,"69","Redwood Creek","Redwood Creek Mainstem","Scour Pool",1,"1",0,"Foot4"
"CO","YoY",1,16510,69,6004,762,"2022-08-08",2022,37.902344,-122.583606,"71","Redwood Creek","Redwood Creek Mainstem","Flatwater",1,"1",0,"Foot4"
"SH","YoY",2,16510,69,6004,762,"2022-08-08",2022,37.902344,-122.583606,"71","Redwood Creek","Redwood Creek Mainstem","Flatwater",1,"1",0,"Foot4"
"SH","1+",0,16510,69,6004,762,"2022-08-08",2022,37.902344,-122.583606,"71","Redwood Creek","Redwood Creek Mainstem","Flatwater",1,"1",0,"Foot4"
"CO","YoY",1,16512,70,6006,774,"2022-08-08",2022,37.902869,-122.584561,"72","Redwood Creek","Redwood Creek Mainstem","Mid-Channel Pool",1,"1",0,"Foot4"
"SH","YoY",0,16512,70,6006,774,"2022-08-08",2022,37.902869,-122.584561,"72","Redwood Creek","Redwood Creek Mainstem","Mid-Channel Pool",1,"1",0,"Foot4"
"SH","1+",1,16512,70,6006,774,"2022-08-08",2022,37.902869,-122.584561,"72","Redwood Creek","Redwood Creek Mainstem","Mid-Channel Pool",1,"1",0,"Foot4"
"CH","YoY",5,16512,70,6006,774,"2022-08-08",2022,37.902869,-122.584561,"72","Redwood Creek","Redwood Creek Mainstem","Mid-Channel Pool",1,"1",0,"Foot4"
"CO","YoY",11,16515,71,6009,786,"2022-08-08",2022,37.903183,-122.585438,"73","Redwood Creek","Redwood Creek Mainstem","Mid-Channel Pool",1,"1",0,"Foot4"
"SH","YoY",2,16515,71,6009,786,"2022-08-08",2022,37.903183,-122.585438,"73","Redwood Creek","Redwood Creek Mainstem","Mid-Channel Pool",1,"1",0,"Foot4"
"SH","1+",1,16515,71,6009,786,"2022-08-08",2022,37.903183,-122.585438,"73","Redwood Creek","Redwood Creek Mainstem","Mid-Channel Pool",1,"1",0,"Foot4"
"CH","YoY",1,16515,71,6009,786,"2022-08-08",2022,37.903183,-122.585438,"73","Redwood Creek","Redwood Creek Mainstem","Mid-Channel Pool",1,"1",0,"Foot4"
"CO","YoY",1,16518,72,6012,NA,"2022-08-08",2022,37.903193,-122.586314,"74","Redwood Creek","Redwood Creek Mainstem","Mid-Channel Pool",1,"1",0,"Foot4"
"SH","YoY",1,16518,72,6012,NA,"2022-08-08",2022,37.903193,-122.586314,"74","Redwood Creek","Redwood Creek Mainstem","Mid-Channel Pool",1,"1",0,"Foot4"
"SH","1+",1,16518,72,6012,NA,"2022-08-08",2022,37.903193,-122.586314,"74","Redwood Creek","Redwood Creek Mainstem","Mid-Channel Pool",1,"1",0,"Foot4"
"CO","YoY",24,16863,75,6229,115,"2022-07-20",2022,37.86919,-122.58114,"9","Redwood Creek","Redwood Creek Mainstem","Mid-Channel Pool",1,"1",0,NA
"SH","YoY",1,16863,75,6229,115,"2022-07-20",2022,37.86919,-122.58114,"9","Redwood Creek","Redwood Creek Mainstem","Mid-Channel Pool",1,"1",0,NA
"SH","1+",1,16863,75,6229,115,"2022-07-20",2022,37.86919,-122.58114,"9","Redwood Creek","Redwood Creek Mainstem","Mid-Channel Pool",1,"1",0,NA
"SH","1+",0,16869,1,6232,51,"2022-07-20",2022,37.86434,-122.57582,"1","Redwood Creek","Redwood Creek Mainstem","Mid-Channel Pool",1,"0.9",0,"PacificWay"
"SH","YoY",6,16869,1,6232,51,"2022-07-20",2022,37.86434,-122.57582,"1","Redwood Creek","Redwood Creek Mainstem","Mid-Channel Pool",1,"0.9",0,"PacificWay"
"CO","YoY",0,16869,1,6232,51,"2022-07-20",2022,37.86434,-122.57582,"1","Redwood Creek","Redwood Creek Mainstem","Mid-Channel Pool",1,"0.9",0,"PacificWay"
